customer_id,first_name,last_name,email,phone,city,region,signup_date,customer_segment
5001,Sebastian,Brown,sebastian.brown5001@example-lumina.com,+1-225-859-5506,Seattle,North America West,2023-10-21,Silver
5002,Abigail,White,abigail.white5002@example-lumina.com,+1-758-189-7912,New York,North America East,2023-09-04,Standard
5003,Mason,Martin,mason.martin5003@example-lumina.com,+1-227-674-4257,Sydney,Asia Pacific,2024-09-02,Silver
5004,Elizabeth,Ramirez,elizabeth.ramirez5004@example-lumina.com,+1-206-877-3615,Singapore,Asia Pacific,2024-03-11,Standard
5005,Jackson,Hernandez,jackson.hernandez5005@example-lumina.com,+1-304-194-7224,Toronto,North America East,2025-10-15,Standard
5006,William,Sanchez,william.sanchez5006@example-lumina.com,+1-244-847-8527,Philadelphia,North America East,2023-08-20,Silver
5007,Levi,Lee,levi.lee5007@example-lumina.com,+1-833-982-6925,San Francisco,North America West,2023-07-17,Silver
5008,Jackson,Martinez,jackson.martinez5008@example-lumina.com,+1-281-975-4814,Philadelphia,North America East,2024-03-11,Standard
5009,Levi,Lopez,levi.lopez5009@example-lumina.com,+1-366-479-6820,Los Angeles,North America West,2025-05-19,Gold
5010,Sebastian,Williams,sebastian.williams5010@example-lumina.com,+1-823-750-3803,Seattle,North America West,2024-09-16,Standard
5011,Ella,Lee,ella.lee5011@example-lumina.com,+1-904-670-4598,London,Europe Central,2024-01-21,Gold
5012,Elizabeth,Hernandez,elizabeth.hernandez5012@example-lumina.com,+1-610-374-2084,Denver,North America West,2025-11-14,Silver
5013,James,Lee,james.lee5013@example-lumina.com,+1-711-505-8517,Los Angeles,North America West,2023-10-21,Standard
5014,Harper,Moore,harper.moore5014@example-lumina.com,+1-469-864-8019,Singapore,Asia Pacific,2024-01-11,VIP
5015,Daniel,Taylor,daniel.taylor5015@example-lumina.com,+1-705-193-1771,Boston,North America East,2025-03-04,Standard
5016,Abigail,Wilson,abigail.wilson5016@example-lumina.com,+1-810-165-7304,Hong Kong,Asia Pacific,2024-09-22,Standard
5017,Harper,Ramirez,harper.ramirez5017@example-lumina.com,+1-211-796-2876,Paris,Europe Central,2023-09-23,Standard
5018,Olivia,Anderson,olivia.anderson5018@example-lumina.com,+1-203-839-5315,Denver,North America West,2023-09-17,Gold
5019,Isabella,Clark,isabella.clark5019@example-lumina.com,+1-854-619-4258,Los Angeles,North America West,2025-07-20,Standard
5020,Jackson,Robinson,jackson.robinson5020@example-lumina.com,+1-743-100-6310,Tokyo,Asia Pacific,2023-09-23,Gold
5021,Oliver,Clark,oliver.clark5021@example-lumina.com,+1-514-345-1949,Denver,North America West,2023-08-20,Standard
5022,Amelia,Clark,amelia.clark5022@example-lumina.com,+1-270-878-9727,Seattle,North America West,2025-04-06,Standard
5023,Harper,Garcia,harper.garcia5023@example-lumina.com,+1-471-640-7932,Denver,North America West,2025-07-13,Silver
5024,James,Thompson,james.thompson5024@example-lumina.com,+1-519-508-7118,Hong Kong,Asia Pacific,2024-09-05,Standard
5025,Ava,Williams,ava.williams5025@example-lumina.com,+1-546-121-4770,San Francisco,North America West,2023-08-12,Silver
5026,Emily,Davis,emily.davis5026@example-lumina.com,+1-269-132-6413,Atlanta,North America East,2024-01-30,Standard
5027,Amelia,Miller,amelia.miller5027@example-lumina.com,+1-752-235-8744,Vancouver,North America West,2025-09-04,Standard
5028,Sophia,Brown,sophia.brown5028@example-lumina.com,+1-874-541-6804,Melbourne,Asia Pacific,2024-09-21,Gold
5029,Emily,Perez,emily.perez5029@example-lumina.com,+1-869-761-2612,Philadelphia,North America East,2025-06-15,Standard
5030,Mila,Brown,mila.brown5030@example-lumina.com,+1-454-296-4116,Sydney,Asia Pacific,2024-08-06,Standard
5031,Henry,Davis,henry.davis5031@example-lumina.com,+1-277-553-2604,Atlanta,North America East,2025-10-04,Standard
5032,Michael,Robinson,michael.robinson5032@example-lumina.com,+1-971-969-4872,Vancouver,North America West,2024-10-10,Standard
5033,Mila,Gonzalez,mila.gonzalez5033@example-lumina.com,+1-260-268-7209,Philadelphia,North America East,2024-02-27,Gold
5034,Elizabeth,Anderson,elizabeth.anderson5034@example-lumina.com,+1-492-533-8973,Seattle,North America West,2024-03-30,Standard
5035,Emily,Jackson,emily.jackson5035@example-lumina.com,+1-953-655-1998,London,Europe Central,2023-07-22,Silver
5036,Mason,Robinson,mason.robinson5036@example-lumina.com,+1-743-261-1931,Boston,North America East,2023-08-10,Silver
5037,Abigail,Ramirez,abigail.ramirez5037@example-lumina.com,+1-440-513-2964,Denver,North America West,2025-01-29,Standard
5038,Michael,Wilson,michael.wilson5038@example-lumina.com,+1-873-697-9565,Paris,Europe Central,2023-12-27,Silver
5039,Benjamin,Davis,benjamin.davis5039@example-lumina.com,+1-471-505-3144,Amsterdam,Europe Central,2024-04-19,Gold
5040,Ella,Williams,ella.williams5040@example-lumina.com,+1-209-569-2638,Atlanta,North America East,2024-01-05,Standard
5041,Daniel,Robinson,daniel.robinson5041@example-lumina.com,+1-557-170-5002,Paris,Europe Central,2023-11-09,Standard
5042,Harper,Thompson,harper.thompson5042@example-lumina.com,+1-509-726-9666,Atlanta,North America East,2024-04-02,Gold
5043,Sophia,Lewis,sophia.lewis5043@example-lumina.com,+1-337-370-2891,Atlanta,North America East,2023-11-07,Standard
5044,Evelyn,Miller,evelyn.miller5044@example-lumina.com,+1-934-451-4335,Zurich,Europe Central,2024-10-13,Standard
5045,Ella,Ramirez,ella.ramirez5045@example-lumina.com,+1-252-194-7939,London,Europe Central,2023-06-04,Standard
5046,Daniel,Lee,daniel.lee5046@example-lumina.com,+1-468-265-8239,Hong Kong,Asia Pacific,2023-06-10,Standard
5047,Oliver,Thompson,oliver.thompson5047@example-lumina.com,+1-352-658-1590,Zurich,Europe Central,2024-12-17,Standard
5048,Daniel,Johnson,daniel.johnson5048@example-lumina.com,+1-515-473-1653,Berlin,Europe Central,2025-04-29,Standard
5049,Sophia,Lopez,sophia.lopez5049@example-lumina.com,+1-998-673-7658,Seattle,North America West,2025-11-02,Standard
5050,Elizabeth,Sanchez,elizabeth.sanchez5050@example-lumina.com,+1-381-522-1406,Los Angeles,North America West,2025-08-10,Gold
5051,Elizabeth,Perez,elizabeth.perez5051@example-lumina.com,+1-952-930-5065,Berlin,Europe Central,2025-08-15,Silver
5052,Lucas,Ramirez,lucas.ramirez5052@example-lumina.com,+1-239-979-8711,Seattle,North America West,2025-09-14,Gold
5053,Mia,Martinez,mia.martinez5053@example-lumina.com,+1-433-328-1387,Vancouver,North America West,2024-05-02,Standard
5054,Michael,Harris,michael.harris5054@example-lumina.com,+1-485-459-9346,Hong Kong,Asia Pacific,2024-05-05,Gold
5055,Sophia,Lewis,sophia.lewis5055@example-lumina.com,+1-467-282-5349,New York,North America East,2025-01-31,Standard
5056,Emily,Sanchez,emily.sanchez5056@example-lumina.com,+1-521-546-9379,Philadelphia,North America East,2025-12-08,Silver
5057,William,Johnson,william.johnson5057@example-lumina.com,+1-925-546-1027,Los Angeles,North America West,2024-08-15,Standard
5058,Abigail,Robinson,abigail.robinson5058@example-lumina.com,+1-538-738-6143,Toronto,North America East,2024-11-01,Standard
5059,Charlotte,Hernandez,charlotte.hernandez5059@example-lumina.com,+1-612-813-5844,Seattle,North America West,2024-08-04,Silver
5060,Lucas,Perez,lucas.perez5060@example-lumina.com,+1-966-278-5930,Hong Kong,Asia Pacific,2025-10-01,Standard
5061,Isabella,Miller,isabella.miller5061@example-lumina.com,+1-640-904-6279,Melbourne,Asia Pacific,2024-08-26,Silver
5062,Mason,Thomas,mason.thomas5062@example-lumina.com,+1-953-273-2389,Zurich,Europe Central,2025-04-10,Silver
5063,Benjamin,Williams,benjamin.williams5063@example-lumina.com,+1-969-340-6085,Seattle,North America West,2023-10-29,Standard
5064,Ava,Thomas,ava.thomas5064@example-lumina.com,+1-825-970-2193,Melbourne,Asia Pacific,2025-11-24,Silver
5065,James,Thompson,james.thompson5065@example-lumina.com,+1-913-493-9099,Sydney,Asia Pacific,2023-10-30,Silver
5066,Alexander,Lewis,alexander.lewis5066@example-lumina.com,+1-968-981-2746,Sydney,Asia Pacific,2023-11-28,Gold
5067,Logan,Taylor,logan.taylor5067@example-lumina.com,+1-675-151-5082,Philadelphia,North America East,2023-10-15,Gold
5068,Abigail,Taylor,abigail.taylor5068@example-lumina.com,+1-772-709-6198,Hong Kong,Asia Pacific,2025-09-12,Silver
5069,Mason,Wilson,mason.wilson5069@example-lumina.com,+1-761-556-3607,Melbourne,Asia Pacific,2024-02-21,Silver
5070,Levi,Lee,levi.lee5070@example-lumina.com,+1-483-884-9540,Sydney,Asia Pacific,2024-03-08,Standard
5071,Logan,Martinez,logan.martinez5071@example-lumina.com,+1-440-378-6502,Zurich,Europe Central,2023-08-22,Standard
5072,Ava,Gonzalez,ava.gonzalez5072@example-lumina.com,+1-910-256-4505,Philadelphia,North America East,2024-07-22,Standard
5073,Henry,Wilson,henry.wilson5073@example-lumina.com,+1-263-311-7883,Hong Kong,Asia Pacific,2025-05-13,Standard
5074,Oliver,Harris,oliver.harris5074@example-lumina.com,+1-789-489-8814,Toronto,North America East,2024-04-01,Silver
5075,Mila,Lewis,mila.lewis5075@example-lumina.com,+1-629-651-9947,Vancouver,North America West,2024-01-11,Standard
5076,Amelia,Smith,amelia.smith5076@example-lumina.com,+1-598-444-7624,Vancouver,North America West,2023-10-09,VIP
5077,Harper,Smith,harper.smith5077@example-lumina.com,+1-603-706-1444,Philadelphia,North America East,2023-10-17,Gold
5078,Olivia,Johnson,olivia.johnson5078@example-lumina.com,+1-466-488-6363,Vancouver,North America West,2024-04-30,Standard
5079,Oliver,Gonzalez,oliver.gonzalez5079@example-lumina.com,+1-484-870-7906,London,Europe Central,2024-09-24,Standard
5080,Harper,Johnson,harper.johnson5080@example-lumina.com,+1-558-329-2124,New York,North America East,2024-02-09,Standard
5081,Alexander,Martin,alexander.martin5081@example-lumina.com,+1-356-344-3068,Tokyo,Asia Pacific,2024-12-29,Gold
5082,Henry,Thompson,henry.thompson5082@example-lumina.com,+1-462-885-7043,Denver,North America West,2025-02-11,VIP
5083,Logan,Brown,logan.brown5083@example-lumina.com,+1-996-938-3683,London,Europe Central,2025-01-13,Standard
5084,Isabella,Jackson,isabella.jackson5084@example-lumina.com,+1-893-484-7498,San Francisco,North America West,2025-01-27,Silver
5085,Sebastian,Davis,sebastian.davis5085@example-lumina.com,+1-304-813-5941,Atlanta,North America East,2025-08-10,Standard
5086,Harper,Wilson,harper.wilson5086@example-lumina.com,+1-877-479-2129,London,Europe Central,2025-10-17,Standard
5087,Amelia,Brown,amelia.brown5087@example-lumina.com,+1-643-470-8532,Vancouver,North America West,2023-11-28,Silver
5088,Sebastian,Rodriguez,sebastian.rodriguez5088@example-lumina.com,+1-830-927-9817,Melbourne,Asia Pacific,2024-08-20,Gold
5089,Ethan,Rodriguez,ethan.rodriguez5089@example-lumina.com,+1-530-972-5022,Toronto,North America East,2025-11-19,Standard
5090,Jackson,Anderson,jackson.anderson5090@example-lumina.com,+1-783-724-7209,London,Europe Central,2024-10-19,Gold
5091,Olivia,Thomas,olivia.thomas5091@example-lumina.com,+1-417-463-5232,Paris,Europe Central,2025-11-18,Silver
5092,Oliver,Rodriguez,oliver.rodriguez5092@example-lumina.com,+1-769-110-9464,San Francisco,North America West,2024-02-03,Silver
5093,Amelia,Moore,amelia.moore5093@example-lumina.com,+1-976-346-8800,Melbourne,Asia Pacific,2025-08-20,Standard
5094,Isabella,Davis,isabella.davis5094@example-lumina.com,+1-614-808-4986,Zurich,Europe Central,2024-06-12,Standard
5095,Mason,Lopez,mason.lopez5095@example-lumina.com,+1-635-863-6419,Amsterdam,Europe Central,2024-03-04,Standard
5096,Ava,Brown,ava.brown5096@example-lumina.com,+1-938-297-6169,Atlanta,North America East,2025-07-20,Silver
5097,James,Miller,james.miller5097@example-lumina.com,+1-956-595-5530,London,Europe Central,2025-09-30,Standard
5098,Ava,Lopez,ava.lopez5098@example-lumina.com,+1-383-409-1231,Los Angeles,North America West,2023-07-17,VIP
5099,Harper,Martinez,harper.martinez5099@example-lumina.com,+1-914-229-9042,New York,North America East,2025-01-08,Standard
5100,Amelia,Anderson,amelia.anderson5100@example-lumina.com,+1-548-288-1841,Amsterdam,Europe Central,2023-09-25,Gold
5101,Lucas,Thomas,lucas.thomas5101@example-lumina.com,+1-275-690-1878,Seattle,North America West,2025-09-08,Silver
5102,Isabella,Williams,isabella.williams5102@example-lumina.com,+1-454-221-7818,Denver,North America West,2024-06-24,Standard
5103,Henry,Martinez,henry.martinez5103@example-lumina.com,+1-802-539-6003,Atlanta,North America East,2025-06-27,Standard
5104,Jackson,Miller,jackson.miller5104@example-lumina.com,+1-840-316-5335,Boston,North America East,2024-02-01,Standard
5105,Michael,Garcia,michael.garcia5105@example-lumina.com,+1-202-518-8381,Singapore,Asia Pacific,2023-07-04,Standard
5106,Logan,Martinez,logan.martinez5106@example-lumina.com,+1-919-980-8438,Boston,North America East,2024-02-26,Silver
5107,Sebastian,Jackson,sebastian.jackson5107@example-lumina.com,+1-877-923-4241,Tokyo,Asia Pacific,2024-12-09,Standard
5108,Daniel,Robinson,daniel.robinson5108@example-lumina.com,+1-472-946-3330,New York,North America East,2023-11-17,Silver
5109,Evelyn,White,evelyn.white5109@example-lumina.com,+1-782-395-8195,Philadelphia,North America East,2025-05-06,Standard
5110,Lucas,Rodriguez,lucas.rodriguez5110@example-lumina.com,+1-712-652-9090,Tokyo,Asia Pacific,2025-02-02,Standard
5111,Charlotte,White,charlotte.white5111@example-lumina.com,+1-530-718-5102,New York,North America East,2024-01-21,VIP
5112,Levi,Ramirez,levi.ramirez5112@example-lumina.com,+1-789-701-1339,Zurich,Europe Central,2023-07-12,Silver
5113,Olivia,Thomas,olivia.thomas5113@example-lumina.com,+1-731-767-8245,Berlin,Europe Central,2025-01-20,Standard
5114,Levi,Thomas,levi.thomas5114@example-lumina.com,+1-293-581-6700,Singapore,Asia Pacific,2024-04-24,Silver
5115,Mila,Garcia,mila.garcia5115@example-lumina.com,+1-537-521-9117,Amsterdam,Europe Central,2025-09-11,Silver
5116,Emily,Anderson,emily.anderson5116@example-lumina.com,+1-290-422-5135,London,Europe Central,2025-07-31,Standard
5117,Mason,Clark,mason.clark5117@example-lumina.com,+1-201-773-9889,Melbourne,Asia Pacific,2023-07-26,Standard
5118,Mia,Martin,mia.martin5118@example-lumina.com,+1-974-610-8242,Boston,North America East,2024-02-29,Standard
5119,Ella,Martinez,ella.martinez5119@example-lumina.com,+1-648-815-8941,New York,North America East,2025-03-07,Silver
5120,Ava,Thompson,ava.thompson5120@example-lumina.com,+1-362-418-1224,Tokyo,Asia Pacific,2024-01-17,VIP
5121,Ella,Brown,ella.brown5121@example-lumina.com,+1-672-220-3522,Singapore,Asia Pacific,2024-11-03,Silver
5122,Charlotte,Clark,charlotte.clark5122@example-lumina.com,+1-694-583-4993,Hong Kong,Asia Pacific,2023-10-27,Standard
5123,Ella,Martin,ella.martin5123@example-lumina.com,+1-720-864-3236,Toronto,North America East,2025-07-31,Silver
5124,Charlotte,Hernandez,charlotte.hernandez5124@example-lumina.com,+1-719-373-1042,Paris,Europe Central,2025-10-05,Silver
5125,Abigail,Thomas,abigail.thomas5125@example-lumina.com,+1-352-557-9824,Singapore,Asia Pacific,2024-05-06,Silver
5126,Harper,Gonzalez,harper.gonzalez5126@example-lumina.com,+1-666-429-4090,Denver,North America West,2024-06-27,Standard
5127,Jackson,Wilson,jackson.wilson5127@example-lumina.com,+1-244-425-8749,Melbourne,Asia Pacific,2025-04-10,Silver
5128,Sebastian,Jones,sebastian.jones5128@example-lumina.com,+1-707-137-3068,London,Europe Central,2025-11-12,Gold
5129,Sophia,Taylor,sophia.taylor5129@example-lumina.com,+1-667-115-3361,Sydney,Asia Pacific,2023-08-16,Standard
5130,William,Hernandez,william.hernandez5130@example-lumina.com,+1-838-809-7512,Toronto,North America East,2025-10-20,Silver
5131,Harper,Gonzalez,harper.gonzalez5131@example-lumina.com,+1-524-741-8994,Atlanta,North America East,2023-08-10,Standard
5132,Abigail,Robinson,abigail.robinson5132@example-lumina.com,+1-494-332-2480,Tokyo,Asia Pacific,2025-07-18,Silver
5133,Mila,Brown,mila.brown5133@example-lumina.com,+1-654-270-5906,New York,North America East,2024-04-28,Silver
5134,Isabella,Lopez,isabella.lopez5134@example-lumina.com,+1-583-541-3385,Denver,North America West,2024-07-26,Silver
5135,Elizabeth,Garcia,elizabeth.garcia5135@example-lumina.com,+1-374-279-2293,Hong Kong,Asia Pacific,2025-04-30,Standard
5136,Ella,Jackson,ella.jackson5136@example-lumina.com,+1-346-337-8555,Amsterdam,Europe Central,2024-02-17,Silver
5137,Oliver,Sanchez,oliver.sanchez5137@example-lumina.com,+1-676-394-9955,San Francisco,North America West,2024-08-26,Gold
5138,Ethan,Martinez,ethan.martinez5138@example-lumina.com,+1-854-534-5097,Singapore,Asia Pacific,2023-12-21,VIP
5139,Mila,Thomas,mila.thomas5139@example-lumina.com,+1-309-342-7248,Zurich,Europe Central,2024-03-29,VIP
5140,Isabella,Smith,isabella.smith5140@example-lumina.com,+1-874-505-5497,Atlanta,North America East,2025-11-02,Silver
5141,Emily,Johnson,emily.johnson5141@example-lumina.com,+1-820-863-9138,Berlin,Europe Central,2025-02-11,Gold
5142,Ava,Lee,ava.lee5142@example-lumina.com,+1-394-735-5106,San Francisco,North America West,2025-12-12,Silver
5143,Emily,Martinez,emily.martinez5143@example-lumina.com,+1-651-134-6977,San Francisco,North America West,2024-03-29,Standard
5144,Charlotte,Garcia,charlotte.garcia5144@example-lumina.com,+1-405-235-9837,Zurich,Europe Central,2024-10-26,Gold
5145,Levi,Garcia,levi.garcia5145@example-lumina.com,+1-463-944-8894,Paris,Europe Central,2025-09-01,Standard
5146,Michael,Jones,michael.jones5146@example-lumina.com,+1-972-331-7511,London,Europe Central,2025-08-18,Standard
5147,William,Moore,william.moore5147@example-lumina.com,+1-326-565-7038,Zurich,Europe Central,2024-06-25,Gold
5148,Mia,Brown,mia.brown5148@example-lumina.com,+1-891-339-8724,Atlanta,North America East,2025-11-22,Gold
5149,Benjamin,Robinson,benjamin.robinson5149@example-lumina.com,+1-824-326-2035,Singapore,Asia Pacific,2025-03-26,Standard
5150,Daniel,Johnson,daniel.johnson5150@example-lumina.com,+1-238-411-9071,New York,North America East,2024-01-27,Gold
5151,Daniel,Gonzalez,daniel.gonzalez5151@example-lumina.com,+1-664-479-9850,Hong Kong,Asia Pacific,2025-06-30,Silver
5152,Oliver,Wilson,oliver.wilson5152@example-lumina.com,+1-870-201-9017,Singapore,Asia Pacific,2023-07-04,Silver
5153,James,Anderson,james.anderson5153@example-lumina.com,+1-655-341-6942,Toronto,North America East,2024-12-09,Gold
5154,Sebastian,Lopez,sebastian.lopez5154@example-lumina.com,+1-262-507-5520,San Francisco,North America West,2025-10-16,Gold
5155,Michael,Perez,michael.perez5155@example-lumina.com,+1-417-757-1349,Toronto,North America East,2024-02-05,VIP
5156,Elizabeth,Jackson,elizabeth.jackson5156@example-lumina.com,+1-410-170-4394,Seattle,North America West,2024-05-02,Silver
5157,Elizabeth,Lewis,elizabeth.lewis5157@example-lumina.com,+1-810-102-5542,Seattle,North America West,2024-12-05,Standard
5158,Olivia,Brown,olivia.brown5158@example-lumina.com,+1-876-987-1422,San Francisco,North America West,2024-06-01,Silver
5159,Ava,Jackson,ava.jackson5159@example-lumina.com,+1-531-116-3854,London,Europe Central,2023-10-08,Silver
5160,Mason,Brown,mason.brown5160@example-lumina.com,+1-963-165-8802,Singapore,Asia Pacific,2024-11-07,Silver
5161,Henry,Taylor,henry.taylor5161@example-lumina.com,+1-426-729-1710,Amsterdam,Europe Central,2025-03-20,VIP
5162,Emily,Thomas,emily.thomas5162@example-lumina.com,+1-611-536-2768,Melbourne,Asia Pacific,2023-08-15,Gold
5163,Benjamin,Martin,benjamin.martin5163@example-lumina.com,+1-351-167-3067,Zurich,Europe Central,2025-03-10,Silver
5164,Logan,Hernandez,logan.hernandez5164@example-lumina.com,+1-590-711-9692,Amsterdam,Europe Central,2024-10-30,Silver
5165,Sophia,Sanchez,sophia.sanchez5165@example-lumina.com,+1-918-217-4522,Melbourne,Asia Pacific,2025-11-26,Standard
5166,Benjamin,Clark,benjamin.clark5166@example-lumina.com,+1-664-508-7815,Toronto,North America East,2024-08-11,Standard
5167,William,Lopez,william.lopez5167@example-lumina.com,+1-356-803-8770,New York,North America East,2025-09-29,Standard
5168,Charlotte,Brown,charlotte.brown5168@example-lumina.com,+1-962-856-7105,Denver,North America West,2023-08-01,Silver
5169,Harper,Moore,harper.moore5169@example-lumina.com,+1-537-786-3002,Singapore,Asia Pacific,2025-11-11,Silver
5170,Jackson,Wilson,jackson.wilson5170@example-lumina.com,+1-938-152-5712,Paris,Europe Central,2023-09-15,Silver
5171,James,Jones,james.jones5171@example-lumina.com,+1-872-593-4674,Toronto,North America East,2025-10-13,Silver
5172,Sophia,Harris,sophia.harris5172@example-lumina.com,+1-485-687-4705,Hong Kong,Asia Pacific,2025-07-25,Gold
5173,Evelyn,Perez,evelyn.perez5173@example-lumina.com,+1-858-670-1430,London,Europe Central,2023-12-02,Standard
5174,Jackson,Martinez,jackson.martinez5174@example-lumina.com,+1-547-459-1100,Seattle,North America West,2024-12-31,Silver
5175,Michael,Jones,michael.jones5175@example-lumina.com,+1-958-748-1502,Atlanta,North America East,2024-01-07,Standard
5176,Henry,Hernandez,henry.hernandez5176@example-lumina.com,+1-361-478-6105,Zurich,Europe Central,2025-01-31,Standard
5177,Emily,Jones,emily.jones5177@example-lumina.com,+1-361-872-1815,Toronto,North America East,2024-08-27,Silver
5178,Amelia,Martin,amelia.martin5178@example-lumina.com,+1-652-524-5475,Denver,North America West,2023-09-25,Standard
5179,Sophia,Martinez,sophia.martinez5179@example-lumina.com,+1-894-794-8972,London,Europe Central,2024-01-12,Standard
5180,Evelyn,Johnson,evelyn.johnson5180@example-lumina.com,+1-207-309-5938,Seattle,North America West,2025-07-22,Standard
5181,Benjamin,Brown,benjamin.brown5181@example-lumina.com,+1-207-609-8055,Seattle,North America West,2024-06-24,Standard
5182,Ava,Taylor,ava.taylor5182@example-lumina.com,+1-772-953-6802,Philadelphia,North America East,2025-10-30,Silver
5183,Charlotte,Smith,charlotte.smith5183@example-lumina.com,+1-670-179-6129,Hong Kong,Asia Pacific,2024-07-19,Silver
5184,Charlotte,Martinez,charlotte.martinez5184@example-lumina.com,+1-317-514-1341,Berlin,Europe Central,2025-08-29,Gold
5185,Henry,Clark,henry.clark5185@example-lumina.com,+1-906-470-2443,Tokyo,Asia Pacific,2024-02-05,Standard
5186,Lucas,Taylor,lucas.taylor5186@example-lumina.com,+1-280-505-6083,Berlin,Europe Central,2024-05-07,Silver
5187,Michael,Taylor,michael.taylor5187@example-lumina.com,+1-848-216-9693,Los Angeles,North America West,2024-05-25,Silver
5188,Levi,Lee,levi.lee5188@example-lumina.com,+1-351-341-2684,Los Angeles,North America West,2023-12-20,Standard
5189,Daniel,Harris,daniel.harris5189@example-lumina.com,+1-977-771-2234,Vancouver,North America West,2024-09-18,Silver
5190,Jackson,Jackson,jackson.jackson5190@example-lumina.com,+1-659-797-6295,Berlin,Europe Central,2024-08-24,Standard
5191,Henry,Lee,henry.lee5191@example-lumina.com,+1-510-915-5500,Toronto,North America East,2024-11-01,Standard
5192,Henry,Anderson,henry.anderson5192@example-lumina.com,+1-238-158-7041,London,Europe Central,2025-03-22,Gold
5193,Mila,Williams,mila.williams5193@example-lumina.com,+1-829-708-9307,Melbourne,Asia Pacific,2025-01-15,Silver
5194,Elizabeth,White,elizabeth.white5194@example-lumina.com,+1-242-560-4084,Zurich,Europe Central,2024-09-30,Standard
5195,Emily,Anderson,emily.anderson5195@example-lumina.com,+1-305-930-6626,Atlanta,North America East,2025-03-23,Standard
5196,Ava,Thompson,ava.thompson5196@example-lumina.com,+1-648-549-9586,Los Angeles,North America West,2024-06-16,Gold
5197,Lucas,Wilson,lucas.wilson5197@example-lumina.com,+1-993-446-1857,London,Europe Central,2024-05-03,Standard
5198,Abigail,Gonzalez,abigail.gonzalez5198@example-lumina.com,+1-490-358-3463,London,Europe Central,2025-01-17,Silver
5199,Ella,Lopez,ella.lopez5199@example-lumina.com,+1-517-771-7421,Denver,North America West,2025-05-26,Gold
5200,Isabella,Moore,isabella.moore5200@example-lumina.com,+1-585-758-6381,Denver,North America West,2023-09-04,Silver
5201,Charlotte,Taylor,charlotte.taylor5201@example-lumina.com,+1-570-118-6940,Berlin,Europe Central,2024-01-06,Standard
5202,Jackson,Thomas,jackson.thomas5202@example-lumina.com,+1-396-331-3253,San Francisco,North America West,2024-03-29,Gold
5203,Sophia,Taylor,sophia.taylor5203@example-lumina.com,+1-989-652-9626,Toronto,North America East,2025-11-14,Silver
5204,Daniel,Martin,daniel.martin5204@example-lumina.com,+1-585-257-3658,Denver,North America West,2025-09-06,Gold
5205,Emily,Anderson,emily.anderson5205@example-lumina.com,+1-244-520-6968,Vancouver,North America West,2025-02-15,Standard
5206,Emily,Sanchez,emily.sanchez5206@example-lumina.com,+1-659-339-9749,Los Angeles,North America West,2025-09-06,Silver
5207,Oliver,Clark,oliver.clark5207@example-lumina.com,+1-398-476-8218,Singapore,Asia Pacific,2025-08-05,Standard
5208,Mason,Wilson,mason.wilson5208@example-lumina.com,+1-365-936-4271,Los Angeles,North America West,2023-07-24,Silver
5209,Mila,Lopez,mila.lopez5209@example-lumina.com,+1-767-205-9452,Toronto,North America East,2023-08-25,Silver
5210,William,Anderson,william.anderson5210@example-lumina.com,+1-725-250-8167,Boston,North America East,2025-09-14,Standard
5211,Mia,Robinson,mia.robinson5211@example-lumina.com,+1-227-524-1872,Hong Kong,Asia Pacific,2024-06-17,Standard
5212,Michael,Lopez,michael.lopez5212@example-lumina.com,+1-429-128-6221,Toronto,North America East,2025-08-19,Standard
5213,Emily,Martinez,emily.martinez5213@example-lumina.com,+1-683-812-3273,Melbourne,Asia Pacific,2025-02-20,Standard
5214,Michael,Smith,michael.smith5214@example-lumina.com,+1-462-320-3449,Tokyo,Asia Pacific,2025-08-03,Standard
5215,Isabella,Brown,isabella.brown5215@example-lumina.com,+1-248-344-7878,Tokyo,Asia Pacific,2023-09-22,Gold
5216,Amelia,Martin,amelia.martin5216@example-lumina.com,+1-748-116-9443,Seattle,North America West,2024-03-25,Standard
5217,Evelyn,Lopez,evelyn.lopez5217@example-lumina.com,+1-446-684-7825,San Francisco,North America West,2024-11-18,VIP
5218,Michael,Taylor,michael.taylor5218@example-lumina.com,+1-757-619-9316,Philadelphia,North America East,2025-11-11,Standard
5219,Sebastian,Gonzalez,sebastian.gonzalez5219@example-lumina.com,+1-582-359-1266,London,Europe Central,2024-05-19,Standard
5220,Abigail,Lee,abigail.lee5220@example-lumina.com,+1-306-890-6447,San Francisco,North America West,2024-05-26,Standard
5221,Levi,Lee,levi.lee5221@example-lumina.com,+1-379-950-8612,Sydney,Asia Pacific,2025-09-08,Standard
5222,Logan,Harris,logan.harris5222@example-lumina.com,+1-668-137-5807,San Francisco,North America West,2025-08-19,Standard
5223,Emily,Hernandez,emily.hernandez5223@example-lumina.com,+1-517-627-7524,Singapore,Asia Pacific,2023-07-08,Silver
5224,James,Martinez,james.martinez5224@example-lumina.com,+1-565-982-1783,Paris,Europe Central,2023-10-06,Silver
5225,Charlotte,Lewis,charlotte.lewis5225@example-lumina.com,+1-609-861-8204,Singapore,Asia Pacific,2023-12-09,Standard
5226,Amelia,Lopez,amelia.lopez5226@example-lumina.com,+1-731-373-2353,Tokyo,Asia Pacific,2024-08-14,Silver
5227,Levi,Garcia,levi.garcia5227@example-lumina.com,+1-758-400-6262,New York,North America East,2024-05-01,Silver
5228,Isabella,Anderson,isabella.anderson5228@example-lumina.com,+1-817-834-7981,Vancouver,North America West,2024-05-25,Standard
5229,Emily,Ramirez,emily.ramirez5229@example-lumina.com,+1-561-729-8126,London,Europe Central,2023-08-16,Silver
5230,Lucas,Lopez,lucas.lopez5230@example-lumina.com,+1-725-920-3621,Boston,North America East,2025-10-17,Silver
5231,Elizabeth,Anderson,elizabeth.anderson5231@example-lumina.com,+1-235-229-2101,Los Angeles,North America West,2024-06-05,Standard
5232,Ethan,Johnson,ethan.johnson5232@example-lumina.com,+1-819-257-8371,Paris,Europe Central,2024-08-28,Silver
5233,Ethan,Jones,ethan.jones5233@example-lumina.com,+1-742-475-7521,Paris,Europe Central,2024-02-11,VIP
5234,Alexander,White,alexander.white5234@example-lumina.com,+1-390-611-9482,Hong Kong,Asia Pacific,2023-09-29,Standard
5235,William,Thompson,william.thompson5235@example-lumina.com,+1-656-319-5678,Sydney,Asia Pacific,2023-10-04,Standard
5236,Michael,Anderson,michael.anderson5236@example-lumina.com,+1-376-830-8292,Toronto,North America East,2025-04-14,Standard
5237,Michael,Moore,michael.moore5237@example-lumina.com,+1-755-397-5914,Seattle,North America West,2025-08-21,Standard
5238,Ava,Brown,ava.brown5238@example-lumina.com,+1-405-911-3275,Vancouver,North America West,2023-06-27,Standard
5239,Ethan,Lopez,ethan.lopez5239@example-lumina.com,+1-678-922-3126,New York,North America East,2024-04-12,Standard
5240,Logan,White,logan.white5240@example-lumina.com,+1-690-638-7730,Hong Kong,Asia Pacific,2023-08-15,Standard
5241,Benjamin,Lee,benjamin.lee5241@example-lumina.com,+1-275-560-8632,Berlin,Europe Central,2025-11-16,Gold
5242,Harper,Lee,harper.lee5242@example-lumina.com,+1-801-286-3114,Hong Kong,Asia Pacific,2025-11-06,Standard
5243,Sophia,Taylor,sophia.taylor5243@example-lumina.com,+1-356-411-3697,Los Angeles,North America West,2025-05-27,Standard
5244,Mason,Lewis,mason.lewis5244@example-lumina.com,+1-490-966-2292,Berlin,Europe Central,2025-03-12,VIP
5245,William,Jones,william.jones5245@example-lumina.com,+1-840-410-9740,Atlanta,North America East,2025-03-18,Standard
5246,Ethan,Jones,ethan.jones5246@example-lumina.com,+1-375-774-6531,New York,North America East,2023-08-23,Standard
5247,Sebastian,Harris,sebastian.harris5247@example-lumina.com,+1-790-371-4453,Hong Kong,Asia Pacific,2025-03-16,Standard
5248,Oliver,Lee,oliver.lee5248@example-lumina.com,+1-758-396-5949,Sydney,Asia Pacific,2025-09-02,Gold
5249,Lucas,Martinez,lucas.martinez5249@example-lumina.com,+1-664-174-1981,Vancouver,North America West,2024-07-30,Standard
5250,James,Hernandez,james.hernandez5250@example-lumina.com,+1-821-247-6121,Paris,Europe Central,2024-07-13,Standard
5251,Mia,Taylor,mia.taylor5251@example-lumina.com,+1-775-208-6228,Vancouver,North America West,2023-10-04,Standard
5252,Ava,Jones,ava.jones5252@example-lumina.com,+1-299-151-5754,Hong Kong,Asia Pacific,2024-08-02,Standard
5253,Mila,Lewis,mila.lewis5253@example-lumina.com,+1-363-933-6364,Berlin,Europe Central,2025-07-21,Standard
5254,Mason,Anderson,mason.anderson5254@example-lumina.com,+1-710-415-9148,New York,North America East,2024-07-07,Standard
5255,Ava,Miller,ava.miller5255@example-lumina.com,+1-797-461-1797,Toronto,North America East,2024-10-19,Silver
5256,Levi,Lee,levi.lee5256@example-lumina.com,+1-888-581-5681,New York,North America East,2024-08-15,Standard
5257,William,White,william.white5257@example-lumina.com,+1-574-882-7606,London,Europe Central,2024-07-15,Standard
5258,Harper,Miller,harper.miller5258@example-lumina.com,+1-571-666-5728,Philadelphia,North America East,2024-10-29,Standard
5259,Harper,Rodriguez,harper.rodriguez5259@example-lumina.com,+1-838-796-2946,San Francisco,North America West,2024-07-08,Standard
5260,Benjamin,Moore,benjamin.moore5260@example-lumina.com,+1-574-873-3363,Denver,North America West,2024-11-03,Standard
5261,Emily,Johnson,emily.johnson5261@example-lumina.com,+1-239-240-6456,Hong Kong,Asia Pacific,2024-09-10,Standard
5262,Oliver,Taylor,oliver.taylor5262@example-lumina.com,+1-343-435-6218,Vancouver,North America West,2025-02-21,Silver
5263,Isabella,Jackson,isabella.jackson5263@example-lumina.com,+1-544-619-9351,Hong Kong,Asia Pacific,2024-04-02,Standard
5264,Alexander,Lopez,alexander.lopez5264@example-lumina.com,+1-539-789-2795,Hong Kong,Asia Pacific,2024-04-11,Silver
5265,Emily,Ramirez,emily.ramirez5265@example-lumina.com,+1-904-744-1436,Singapore,Asia Pacific,2025-04-02,Silver
5266,Jackson,Jackson,jackson.jackson5266@example-lumina.com,+1-791-333-1841,Sydney,Asia Pacific,2024-11-18,Silver
5267,Evelyn,Harris,evelyn.harris5267@example-lumina.com,+1-589-251-4968,Atlanta,North America East,2025-05-18,Standard
5268,Alexander,Anderson,alexander.anderson5268@example-lumina.com,+1-521-528-3481,Sydney,Asia Pacific,2024-07-25,Standard
5269,Evelyn,Robinson,evelyn.robinson5269@example-lumina.com,+1-682-993-2020,Denver,North America West,2023-12-30,Silver
5270,Abigail,Thomas,abigail.thomas5270@example-lumina.com,+1-738-485-6140,Vancouver,North America West,2024-11-27,Standard
5271,Mia,Perez,mia.perez5271@example-lumina.com,+1-990-988-5331,Sydney,Asia Pacific,2024-02-08,Standard
5272,Isabella,Davis,isabella.davis5272@example-lumina.com,+1-504-889-5735,Vancouver,North America West,2024-04-20,Standard
5273,Harper,Robinson,harper.robinson5273@example-lumina.com,+1-938-380-5715,Atlanta,North America East,2025-04-23,Standard
5274,Oliver,Gonzalez,oliver.gonzalez5274@example-lumina.com,+1-553-891-3399,London,Europe Central,2024-03-21,VIP
5275,Michael,Lopez,michael.lopez5275@example-lumina.com,+1-652-771-5201,Sydney,Asia Pacific,2023-12-24,Gold
5276,William,Robinson,william.robinson5276@example-lumina.com,+1-775-812-5450,San Francisco,North America West,2025-02-20,Silver
5277,Ava,Davis,ava.davis5277@example-lumina.com,+1-251-785-9700,Seattle,North America West,2023-07-24,Standard
5278,Benjamin,Thompson,benjamin.thompson5278@example-lumina.com,+1-683-202-3252,Atlanta,North America East,2023-11-09,Standard
5279,Ella,Lewis,ella.lewis5279@example-lumina.com,+1-687-588-4267,Paris,Europe Central,2024-03-19,Silver
5280,Ella,Harris,ella.harris5280@example-lumina.com,+1-291-767-4804,Boston,North America East,2024-08-01,Gold
5281,Olivia,Robinson,olivia.robinson5281@example-lumina.com,+1-237-956-7504,Sydney,Asia Pacific,2025-07-06,VIP
5282,Ella,Martinez,ella.martinez5282@example-lumina.com,+1-238-109-5888,Toronto,North America East,2024-03-18,Standard
5283,Sebastian,Moore,sebastian.moore5283@example-lumina.com,+1-736-605-3198,Singapore,Asia Pacific,2023-12-15,Gold
5284,Benjamin,Garcia,benjamin.garcia5284@example-lumina.com,+1-948-569-5215,San Francisco,North America West,2025-06-24,Standard
5285,Isabella,Jackson,isabella.jackson5285@example-lumina.com,+1-890-875-4164,Denver,North America West,2025-10-24,Silver
5286,Lucas,Clark,lucas.clark5286@example-lumina.com,+1-637-627-6372,Philadelphia,North America East,2025-04-16,Standard
5287,Daniel,Thomas,daniel.thomas5287@example-lumina.com,+1-531-354-1111,Amsterdam,Europe Central,2024-01-28,Standard
5288,William,Hernandez,william.hernandez5288@example-lumina.com,+1-509-696-1187,Paris,Europe Central,2025-05-10,Standard
5289,Abigail,Brown,abigail.brown5289@example-lumina.com,+1-676-414-3616,Hong Kong,Asia Pacific,2025-12-03,Gold
5290,Jackson,Martinez,jackson.martinez5290@example-lumina.com,+1-906-220-5833,Zurich,Europe Central,2024-01-13,Standard
5291,Daniel,Thomas,daniel.thomas5291@example-lumina.com,+1-356-565-7121,Hong Kong,Asia Pacific,2024-09-25,Silver
5292,Elizabeth,Perez,elizabeth.perez5292@example-lumina.com,+1-423-880-5054,Atlanta,North America East,2024-08-31,Standard
5293,Mia,Williams,mia.williams5293@example-lumina.com,+1-777-214-2011,Denver,North America West,2024-12-01,Standard
5294,Benjamin,Ramirez,benjamin.ramirez5294@example-lumina.com,+1-732-552-2904,Denver,North America West,2024-10-13,Standard
5295,Mason,Anderson,mason.anderson5295@example-lumina.com,+1-256-564-3161,Melbourne,Asia Pacific,2024-12-29,Standard
5296,Henry,Perez,henry.perez5296@example-lumina.com,+1-515-840-1356,Singapore,Asia Pacific,2025-09-14,Standard
5297,James,Jackson,james.jackson5297@example-lumina.com,+1-274-146-7941,London,Europe Central,2024-12-06,VIP
5298,Ella,Lewis,ella.lewis5298@example-lumina.com,+1-270-583-1519,Amsterdam,Europe Central,2023-12-02,Silver
5299,Jackson,Lee,jackson.lee5299@example-lumina.com,+1-946-761-7887,Amsterdam,Europe Central,2024-09-02,Gold
5300,Ella,Gonzalez,ella.gonzalez5300@example-lumina.com,+1-584-182-9835,Los Angeles,North America West,2023-09-30,Standard
5301,Harper,Gonzalez,harper.gonzalez5301@example-lumina.com,+1-741-230-4648,New York,North America East,2024-04-01,Standard
5302,Emily,Moore,emily.moore5302@example-lumina.com,+1-634-644-7214,Seattle,North America West,2024-09-14,Standard
5303,William,Miller,william.miller5303@example-lumina.com,+1-942-883-2848,Philadelphia,North America East,2025-02-19,Silver
5304,Oliver,Lewis,oliver.lewis5304@example-lumina.com,+1-216-346-4376,New York,North America East,2025-01-29,Standard
5305,Evelyn,Perez,evelyn.perez5305@example-lumina.com,+1-920-993-1797,San Francisco,North America West,2024-07-16,Standard
5306,Harper,Miller,harper.miller5306@example-lumina.com,+1-972-984-1924,Denver,North America West,2024-03-23,Standard
5307,Ella,White,ella.white5307@example-lumina.com,+1-789-426-6253,Los Angeles,North America West,2025-11-14,Standard
5308,Abigail,Taylor,abigail.taylor5308@example-lumina.com,+1-426-523-5923,London,Europe Central,2024-12-22,Gold
5309,Oliver,White,oliver.white5309@example-lumina.com,+1-379-741-7999,Tokyo,Asia Pacific,2024-05-18,Gold
5310,Abigail,Gonzalez,abigail.gonzalez5310@example-lumina.com,+1-737-426-7821,Sydney,Asia Pacific,2024-04-03,Standard
5311,Jackson,Moore,jackson.moore5311@example-lumina.com,+1-684-346-4692,Berlin,Europe Central,2025-09-03,Standard
5312,Emily,Moore,emily.moore5312@example-lumina.com,+1-622-526-9683,Vancouver,North America West,2024-02-04,Standard
5313,Benjamin,Lee,benjamin.lee5313@example-lumina.com,+1-280-560-7079,Atlanta,North America East,2025-06-11,Gold
5314,Emily,Rodriguez,emily.rodriguez5314@example-lumina.com,+1-586-789-1647,Boston,North America East,2025-09-01,Silver
5315,Emily,Perez,emily.perez5315@example-lumina.com,+1-772-322-8854,Los Angeles,North America West,2024-04-06,VIP
5316,Alexander,Miller,alexander.miller5316@example-lumina.com,+1-394-859-2922,Sydney,Asia Pacific,2025-05-13,Silver
5317,James,Gonzalez,james.gonzalez5317@example-lumina.com,+1-445-665-6269,Amsterdam,Europe Central,2024-09-20,Standard
5318,Mia,Martinez,mia.martinez5318@example-lumina.com,+1-467-468-9401,Melbourne,Asia Pacific,2023-09-09,Gold
5319,Emily,Thomas,emily.thomas5319@example-lumina.com,+1-979-959-6246,Los Angeles,North America West,2024-04-16,Standard
5320,Ethan,Ramirez,ethan.ramirez5320@example-lumina.com,+1-426-859-3390,Toronto,North America East,2024-12-18,Gold
5321,Ethan,White,ethan.white5321@example-lumina.com,+1-627-402-3497,Los Angeles,North America West,2024-01-22,Standard
5322,Levi,Davis,levi.davis5322@example-lumina.com,+1-711-663-6530,Amsterdam,Europe Central,2025-06-10,Silver
5323,Amelia,Anderson,amelia.anderson5323@example-lumina.com,+1-372-850-6770,Seattle,North America West,2025-06-07,Standard
5324,Olivia,Robinson,olivia.robinson5324@example-lumina.com,+1-755-757-1962,New York,North America East,2025-09-15,Silver
5325,Jackson,Smith,jackson.smith5325@example-lumina.com,+1-622-240-4791,Boston,North America East,2023-06-10,Standard
5326,Henry,Lopez,henry.lopez5326@example-lumina.com,+1-261-732-8916,Tokyo,Asia Pacific,2023-06-07,Standard
5327,Charlotte,Smith,charlotte.smith5327@example-lumina.com,+1-217-642-5501,London,Europe Central,2024-10-27,Gold
5328,Abigail,Wilson,abigail.wilson5328@example-lumina.com,+1-383-209-2578,Seattle,North America West,2023-12-14,Silver
5329,William,Clark,william.clark5329@example-lumina.com,+1-562-373-7502,Toronto,North America East,2024-07-20,Standard
5330,Ava,Thompson,ava.thompson5330@example-lumina.com,+1-431-407-2320,New York,North America East,2024-07-20,Standard
5331,Harper,Thomas,harper.thomas5331@example-lumina.com,+1-257-752-1154,San Francisco,North America West,2024-10-24,Gold
5332,Sebastian,Sanchez,sebastian.sanchez5332@example-lumina.com,+1-539-679-2562,Boston,North America East,2024-01-03,Gold
5333,Logan,Lewis,logan.lewis5333@example-lumina.com,+1-780-586-5441,New York,North America East,2025-05-01,Gold
5334,Oliver,Moore,oliver.moore5334@example-lumina.com,+1-777-773-1539,Los Angeles,North America West,2023-06-17,VIP
5335,Ethan,Jones,ethan.jones5335@example-lumina.com,+1-970-940-7525,Toronto,North America East,2023-11-14,Silver
5336,Ethan,Clark,ethan.clark5336@example-lumina.com,+1-598-793-9856,Amsterdam,Europe Central,2025-07-13,Silver
5337,Elizabeth,Thompson,elizabeth.thompson5337@example-lumina.com,+1-941-180-9204,London,Europe Central,2023-09-09,Standard
5338,Levi,Williams,levi.williams5338@example-lumina.com,+1-548-719-7499,London,Europe Central,2025-03-11,Standard
5339,Henry,Thomas,henry.thomas5339@example-lumina.com,+1-433-464-7150,Sydney,Asia Pacific,2025-04-27,Silver
5340,Lucas,Williams,lucas.williams5340@example-lumina.com,+1-990-733-5839,San Francisco,North America West,2023-08-24,Standard
5341,Lucas,Thompson,lucas.thompson5341@example-lumina.com,+1-849-257-7383,Paris,Europe Central,2023-09-18,Standard
5342,Isabella,Anderson,isabella.anderson5342@example-lumina.com,+1-568-879-5419,Boston,North America East,2023-08-29,Standard
5343,Henry,Moore,henry.moore5343@example-lumina.com,+1-768-624-7685,New York,North America East,2023-08-31,Standard
5344,Michael,Martin,michael.martin5344@example-lumina.com,+1-812-903-6315,Tokyo,Asia Pacific,2024-03-25,Standard
5345,Jackson,Williams,jackson.williams5345@example-lumina.com,+1-942-672-4977,Vancouver,North America West,2023-11-21,Standard
5346,Isabella,Rodriguez,isabella.rodriguez5346@example-lumina.com,+1-704-249-2036,Vancouver,North America West,2024-03-09,Standard
5347,Amelia,Sanchez,amelia.sanchez5347@example-lumina.com,+1-278-469-5123,Vancouver,North America West,2025-01-29,Silver
5348,Henry,Brown,henry.brown5348@example-lumina.com,+1-338-411-1110,Singapore,Asia Pacific,2025-10-09,Silver
5349,Elizabeth,Ramirez,elizabeth.ramirez5349@example-lumina.com,+1-537-550-6484,Hong Kong,Asia Pacific,2023-10-18,Standard
5350,Evelyn,Thompson,evelyn.thompson5350@example-lumina.com,+1-405-590-6147,Vancouver,North America West,2024-04-22,Standard
5351,Logan,Lee,logan.lee5351@example-lumina.com,+1-702-689-4971,Amsterdam,Europe Central,2024-03-14,Gold
5352,Lucas,Lopez,lucas.lopez5352@example-lumina.com,+1-316-677-4273,Denver,North America West,2023-06-28,VIP
5353,Henry,Thompson,henry.thompson5353@example-lumina.com,+1-414-548-5773,Philadelphia,North America East,2025-04-20,Standard
5354,Sebastian,Martinez,sebastian.martinez5354@example-lumina.com,+1-447-358-3525,Melbourne,Asia Pacific,2023-08-15,Standard
5355,Evelyn,Thomas,evelyn.thomas5355@example-lumina.com,+1-796-510-9755,Hong Kong,Asia Pacific,2023-07-08,Silver
5356,Mia,Thompson,mia.thompson5356@example-lumina.com,+1-749-708-2392,Boston,North America East,2025-04-04,Silver
5357,Olivia,Lee,olivia.lee5357@example-lumina.com,+1-827-145-7547,Amsterdam,Europe Central,2023-09-17,Standard
5358,William,Davis,william.davis5358@example-lumina.com,+1-722-864-9499,Vancouver,North America West,2024-06-18,Standard
5359,Jackson,Perez,jackson.perez5359@example-lumina.com,+1-802-807-9199,Los Angeles,North America West,2023-06-26,Standard
5360,Isabella,Wilson,isabella.wilson5360@example-lumina.com,+1-287-218-3321,Paris,Europe Central,2024-05-17,Standard
5361,James,Taylor,james.taylor5361@example-lumina.com,+1-694-456-8801,Philadelphia,North America East,2025-06-09,Silver
5362,Benjamin,Williams,benjamin.williams5362@example-lumina.com,+1-507-145-2885,Toronto,North America East,2025-03-25,Standard
5363,Elizabeth,Garcia,elizabeth.garcia5363@example-lumina.com,+1-958-349-9454,Denver,North America West,2023-11-11,Standard
5364,Charlotte,Anderson,charlotte.anderson5364@example-lumina.com,+1-437-916-7636,Seattle,North America West,2025-03-17,Silver
5365,Lucas,Smith,lucas.smith5365@example-lumina.com,+1-955-728-4232,Hong Kong,Asia Pacific,2024-08-13,Standard
5366,Logan,Miller,logan.miller5366@example-lumina.com,+1-410-385-2025,Atlanta,North America East,2023-12-09,Standard
5367,James,Anderson,james.anderson5367@example-lumina.com,+1-316-368-9019,Zurich,Europe Central,2024-07-02,Silver
5368,Ethan,Brown,ethan.brown5368@example-lumina.com,+1-556-460-8501,Los Angeles,North America West,2025-02-19,Silver
5369,Abigail,Jones,abigail.jones5369@example-lumina.com,+1-520-220-4908,London,Europe Central,2023-12-05,Standard
5370,Daniel,Taylor,daniel.taylor5370@example-lumina.com,+1-597-528-3258,Melbourne,Asia Pacific,2023-12-08,Standard
5371,Harper,Thompson,harper.thompson5371@example-lumina.com,+1-860-277-3733,Singapore,Asia Pacific,2023-10-22,Standard
5372,Levi,Anderson,levi.anderson5372@example-lumina.com,+1-834-154-6882,Philadelphia,North America East,2023-10-18,Standard
5373,Lucas,Moore,lucas.moore5373@example-lumina.com,+1-717-768-9109,Melbourne,Asia Pacific,2024-07-30,Silver
5374,Henry,Thomas,henry.thomas5374@example-lumina.com,+1-371-184-1505,Los Angeles,North America West,2023-07-04,Standard
5375,Harper,Martinez,harper.martinez5375@example-lumina.com,+1-372-899-8492,Hong Kong,Asia Pacific,2024-11-05,Standard
5376,Sophia,Rodriguez,sophia.rodriguez5376@example-lumina.com,+1-993-656-7010,Philadelphia,North America East,2024-12-11,Standard
5377,Charlotte,Brown,charlotte.brown5377@example-lumina.com,+1-953-949-5055,London,Europe Central,2024-09-03,Standard
5378,Mila,Clark,mila.clark5378@example-lumina.com,+1-289-549-2923,Seattle,North America West,2025-09-08,Silver
5379,Logan,Lopez,logan.lopez5379@example-lumina.com,+1-927-724-8015,Denver,North America West,2023-10-21,Silver
5380,Levi,Miller,levi.miller5380@example-lumina.com,+1-260-683-6747,Zurich,Europe Central,2024-12-03,Standard
5381,Logan,Martinez,logan.martinez5381@example-lumina.com,+1-496-686-5380,Boston,North America East,2025-07-08,Silver
5382,Ella,Johnson,ella.johnson5382@example-lumina.com,+1-483-987-3078,Seattle,North America West,2023-10-28,Silver
5383,Levi,Davis,levi.davis5383@example-lumina.com,+1-979-963-7434,Sydney,Asia Pacific,2025-01-12,Silver
5384,Sebastian,Wilson,sebastian.wilson5384@example-lumina.com,+1-584-562-2237,Philadelphia,North America East,2024-11-09,Silver
5385,Logan,Robinson,logan.robinson5385@example-lumina.com,+1-577-565-8996,Zurich,Europe Central,2023-06-03,Gold
5386,Mila,White,mila.white5386@example-lumina.com,+1-295-848-8511,London,Europe Central,2025-08-23,Standard
5387,James,Wilson,james.wilson5387@example-lumina.com,+1-416-606-5399,Paris,Europe Central,2024-05-11,Standard
5388,Daniel,Jackson,daniel.jackson5388@example-lumina.com,+1-696-907-6631,New York,North America East,2023-09-10,Silver
5389,Levi,Anderson,levi.anderson5389@example-lumina.com,+1-216-227-3588,Melbourne,Asia Pacific,2023-06-01,VIP
5390,Charlotte,Miller,charlotte.miller5390@example-lumina.com,+1-905-235-5945,Los Angeles,North America West,2023-09-04,Silver
5391,William,Williams,william.williams5391@example-lumina.com,+1-580-780-3711,Philadelphia,North America East,2025-03-02,Standard
5392,Logan,Harris,logan.harris5392@example-lumina.com,+1-439-539-2494,New York,North America East,2024-01-05,Standard
5393,Daniel,Jackson,daniel.jackson5393@example-lumina.com,+1-431-631-8291,New York,North America East,2025-05-13,Standard
5394,Sophia,Ramirez,sophia.ramirez5394@example-lumina.com,+1-632-810-3165,Tokyo,Asia Pacific,2024-01-21,Standard
5395,Emily,Sanchez,emily.sanchez5395@example-lumina.com,+1-304-205-6133,Paris,Europe Central,2023-10-19,Standard
5396,Levi,Harris,levi.harris5396@example-lumina.com,+1-336-756-3340,Atlanta,North America East,2024-12-28,Standard
5397,Sebastian,Garcia,sebastian.garcia5397@example-lumina.com,+1-650-459-4490,Vancouver,North America West,2025-02-20,Silver
5398,Mila,Miller,mila.miller5398@example-lumina.com,+1-288-202-3293,Atlanta,North America East,2025-06-17,Standard
5399,Charlotte,Hernandez,charlotte.hernandez5399@example-lumina.com,+1-343-353-5537,Boston,North America East,2024-12-18,Silver
5400,Emily,Martin,emily.martin5400@example-lumina.com,+1-491-897-1439,Berlin,Europe Central,2024-11-12,Silver
5401,James,White,james.white5401@example-lumina.com,+1-601-402-1894,Vancouver,North America West,2024-06-30,Standard
5402,Amelia,Lee,amelia.lee5402@example-lumina.com,+1-808-172-9655,Toronto,North America East,2024-04-20,Standard
5403,Mila,Clark,mila.clark5403@example-lumina.com,+1-782-530-6986,Vancouver,North America West,2025-07-28,Standard
5404,Ethan,Williams,ethan.williams5404@example-lumina.com,+1-214-368-4534,New York,North America East,2025-08-17,Standard
5405,Isabella,Lee,isabella.lee5405@example-lumina.com,+1-929-613-7806,Melbourne,Asia Pacific,2023-08-24,Silver
5406,Harper,Martin,harper.martin5406@example-lumina.com,+1-356-384-2369,London,Europe Central,2024-11-05,Gold
5407,Elizabeth,Jones,elizabeth.jones5407@example-lumina.com,+1-749-434-7401,Toronto,North America East,2025-05-16,Standard
5408,Mila,Davis,mila.davis5408@example-lumina.com,+1-259-350-2412,Tokyo,Asia Pacific,2024-09-07,Silver
5409,Emily,Martinez,emily.martinez5409@example-lumina.com,+1-882-859-3877,New York,North America East,2025-05-25,Standard
5410,Alexander,Garcia,alexander.garcia5410@example-lumina.com,+1-708-455-9568,Berlin,Europe Central,2024-06-15,Standard
5411,Jackson,Ramirez,jackson.ramirez5411@example-lumina.com,+1-475-850-2934,Toronto,North America East,2025-09-04,Standard
5412,Mason,Williams,mason.williams5412@example-lumina.com,+1-469-829-2262,Melbourne,Asia Pacific,2024-11-05,Standard
5413,Amelia,Ramirez,amelia.ramirez5413@example-lumina.com,+1-780-270-7024,Los Angeles,North America West,2025-07-31,Standard
5414,Ethan,Perez,ethan.perez5414@example-lumina.com,+1-940-218-4742,New York,North America East,2025-10-27,Gold
5415,Ava,Johnson,ava.johnson5415@example-lumina.com,+1-683-472-7274,Seattle,North America West,2025-10-26,Standard
5416,Elizabeth,Robinson,elizabeth.robinson5416@example-lumina.com,+1-931-858-7870,Los Angeles,North America West,2024-02-10,Standard
5417,Emily,Hernandez,emily.hernandez5417@example-lumina.com,+1-477-945-2276,London,Europe Central,2024-10-27,Silver
5418,Emily,Garcia,emily.garcia5418@example-lumina.com,+1-428-923-9450,Philadelphia,North America East,2023-08-10,Gold
5419,Mila,Martinez,mila.martinez5419@example-lumina.com,+1-992-965-6090,London,Europe Central,2024-12-18,Standard
5420,Mia,Miller,mia.miller5420@example-lumina.com,+1-498-677-5979,Vancouver,North America West,2024-06-12,Silver
5421,Amelia,Harris,amelia.harris5421@example-lumina.com,+1-994-300-9954,Seattle,North America West,2023-06-07,Gold
5422,Alexander,Davis,alexander.davis5422@example-lumina.com,+1-754-454-1157,London,Europe Central,2025-07-17,Silver
5423,Mila,White,mila.white5423@example-lumina.com,+1-944-414-2703,Denver,North America West,2024-01-30,Standard
5424,Emily,Jones,emily.jones5424@example-lumina.com,+1-928-386-2524,Boston,North America East,2025-12-05,Gold
5425,Charlotte,Thompson,charlotte.thompson5425@example-lumina.com,+1-581-569-2391,Atlanta,North America East,2023-10-15,Silver
5426,Lucas,Williams,lucas.williams5426@example-lumina.com,+1-806-681-2020,Sydney,Asia Pacific,2024-01-29,Standard
5427,Mila,Hernandez,mila.hernandez5427@example-lumina.com,+1-602-817-6345,Amsterdam,Europe Central,2024-03-05,Standard
5428,James,Jones,james.jones5428@example-lumina.com,+1-998-888-2785,San Francisco,North America West,2023-11-16,Standard
5429,Benjamin,Wilson,benjamin.wilson5429@example-lumina.com,+1-323-648-6870,Vancouver,North America West,2024-04-11,Standard
5430,Mila,Brown,mila.brown5430@example-lumina.com,+1-292-261-5984,Boston,North America East,2025-10-03,Gold
5431,Daniel,Williams,daniel.williams5431@example-lumina.com,+1-928-354-6828,Hong Kong,Asia Pacific,2023-07-21,Silver
5432,William,Clark,william.clark5432@example-lumina.com,+1-378-131-7625,Hong Kong,Asia Pacific,2025-07-06,Silver
5433,Sophia,Anderson,sophia.anderson5433@example-lumina.com,+1-304-923-3290,New York,North America East,2023-08-03,Gold
5434,Ava,Jones,ava.jones5434@example-lumina.com,+1-402-943-7563,London,Europe Central,2025-01-17,Silver
5435,Ella,Clark,ella.clark5435@example-lumina.com,+1-276-122-2056,Vancouver,North America West,2025-09-06,Standard
5436,Oliver,Ramirez,oliver.ramirez5436@example-lumina.com,+1-539-225-1699,Tokyo,Asia Pacific,2023-11-20,Gold
5437,Charlotte,Clark,charlotte.clark5437@example-lumina.com,+1-941-504-9128,Philadelphia,North America East,2025-04-30,Standard
5438,Mia,Miller,mia.miller5438@example-lumina.com,+1-391-381-5585,Sydney,Asia Pacific,2023-07-06,Silver
5439,Evelyn,Davis,evelyn.davis5439@example-lumina.com,+1-862-402-9173,Hong Kong,Asia Pacific,2024-10-03,Standard
5440,William,Gonzalez,william.gonzalez5440@example-lumina.com,+1-340-529-4267,Denver,North America West,2025-08-22,Standard
5441,Lucas,Sanchez,lucas.sanchez5441@example-lumina.com,+1-930-467-8859,Singapore,Asia Pacific,2024-12-31,Standard
5442,Lucas,Rodriguez,lucas.rodriguez5442@example-lumina.com,+1-384-126-6224,San Francisco,North America West,2025-12-04,Gold
5443,William,Johnson,william.johnson5443@example-lumina.com,+1-683-642-6856,Seattle,North America West,2023-09-11,Standard
5444,Ava,Rodriguez,ava.rodriguez5444@example-lumina.com,+1-746-935-1916,Denver,North America West,2025-10-14,VIP
5445,Lucas,Lopez,lucas.lopez5445@example-lumina.com,+1-377-280-4875,Paris,Europe Central,2025-01-26,Standard
5446,Logan,Lopez,logan.lopez5446@example-lumina.com,+1-781-677-3328,Vancouver,North America West,2024-12-07,Standard
5447,Amelia,Johnson,amelia.johnson5447@example-lumina.com,+1-292-157-4811,San Francisco,North America West,2024-11-21,Standard
5448,Benjamin,Robinson,benjamin.robinson5448@example-lumina.com,+1-828-306-3137,Berlin,Europe Central,2025-08-30,Gold
5449,Benjamin,Johnson,benjamin.johnson5449@example-lumina.com,+1-222-251-3320,Atlanta,North America East,2025-10-29,Standard
5450,Michael,Lopez,michael.lopez5450@example-lumina.com,+1-921-778-7481,Toronto,North America East,2024-04-05,Standard
5451,Olivia,White,olivia.white5451@example-lumina.com,+1-647-910-8982,Berlin,Europe Central,2025-05-25,VIP
5452,Logan,Lewis,logan.lewis5452@example-lumina.com,+1-828-905-6846,Denver,North America West,2025-09-12,Standard
5453,Isabella,White,isabella.white5453@example-lumina.com,+1-905-401-3086,San Francisco,North America West,2025-05-19,Gold
5454,Lucas,Ramirez,lucas.ramirez5454@example-lumina.com,+1-989-681-1530,Denver,North America West,2024-04-21,Gold
5455,Evelyn,Davis,evelyn.davis5455@example-lumina.com,+1-854-679-2705,Sydney,Asia Pacific,2024-05-05,Silver
5456,Ava,Lopez,ava.lopez5456@example-lumina.com,+1-527-271-2453,Amsterdam,Europe Central,2023-06-12,Standard
5457,Ava,Thompson,ava.thompson5457@example-lumina.com,+1-269-458-5205,New York,North America East,2023-07-20,Standard
5458,Emily,Wilson,emily.wilson5458@example-lumina.com,+1-370-523-9078,Singapore,Asia Pacific,2024-12-11,Standard
5459,Levi,Thomas,levi.thomas5459@example-lumina.com,+1-791-766-4695,Vancouver,North America West,2023-08-15,Silver
5460,Emily,Martinez,emily.martinez5460@example-lumina.com,+1-220-426-5278,New York,North America East,2024-05-16,Standard
5461,Lucas,Garcia,lucas.garcia5461@example-lumina.com,+1-949-176-9962,Toronto,North America East,2025-01-29,VIP
5462,Oliver,Thomas,oliver.thomas5462@example-lumina.com,+1-921-131-8066,Denver,North America West,2025-11-28,Standard
5463,Emily,Brown,emily.brown5463@example-lumina.com,+1-539-310-4112,Hong Kong,Asia Pacific,2025-06-09,Gold
5464,Harper,Rodriguez,harper.rodriguez5464@example-lumina.com,+1-876-388-5872,San Francisco,North America West,2023-07-21,Standard
5465,Harper,Clark,harper.clark5465@example-lumina.com,+1-702-257-1893,London,Europe Central,2024-08-11,Standard
5466,Levi,Perez,levi.perez5466@example-lumina.com,+1-840-714-8869,San Francisco,North America West,2023-06-27,Standard
5467,Sebastian,Martinez,sebastian.martinez5467@example-lumina.com,+1-283-584-2892,Amsterdam,Europe Central,2024-09-25,Standard
5468,Abigail,Rodriguez,abigail.rodriguez5468@example-lumina.com,+1-293-757-9914,Sydney,Asia Pacific,2024-06-14,Gold
5469,Mia,Garcia,mia.garcia5469@example-lumina.com,+1-656-145-5313,Melbourne,Asia Pacific,2024-02-25,Standard
5470,William,Jackson,william.jackson5470@example-lumina.com,+1-263-254-2584,Toronto,North America East,2025-09-05,Standard
5471,Jackson,Jackson,jackson.jackson5471@example-lumina.com,+1-432-666-1999,Hong Kong,Asia Pacific,2024-08-02,VIP
5472,Abigail,Ramirez,abigail.ramirez5472@example-lumina.com,+1-686-686-4860,Singapore,Asia Pacific,2023-08-20,Standard
5473,Mila,Thompson,mila.thompson5473@example-lumina.com,+1-235-614-9467,San Francisco,North America West,2025-07-15,Standard
5474,Olivia,Miller,olivia.miller5474@example-lumina.com,+1-397-229-1699,Tokyo,Asia Pacific,2025-04-30,Standard
5475,Levi,Lee,levi.lee5475@example-lumina.com,+1-351-954-5225,London,Europe Central,2023-08-29,Standard
5476,Lucas,Moore,lucas.moore5476@example-lumina.com,+1-533-977-5525,Tokyo,Asia Pacific,2025-08-14,Silver
5477,Ethan,Taylor,ethan.taylor5477@example-lumina.com,+1-629-215-7790,Seattle,North America West,2025-01-01,Silver
5478,Jackson,Brown,jackson.brown5478@example-lumina.com,+1-308-676-2654,Zurich,Europe Central,2025-11-18,Standard
5479,Charlotte,Rodriguez,charlotte.rodriguez5479@example-lumina.com,+1-592-770-8955,Tokyo,Asia Pacific,2023-11-24,Standard
5480,Daniel,Martin,daniel.martin5480@example-lumina.com,+1-823-797-7581,Philadelphia,North America East,2025-11-27,Gold
5481,Logan,Davis,logan.davis5481@example-lumina.com,+1-250-863-8785,Paris,Europe Central,2023-06-21,Standard
5482,Elizabeth,Martinez,elizabeth.martinez5482@example-lumina.com,+1-518-387-9054,Boston,North America East,2023-10-16,Standard
5483,Emily,Anderson,emily.anderson5483@example-lumina.com,+1-992-945-6257,Amsterdam,Europe Central,2025-02-09,Silver
5484,James,Anderson,james.anderson5484@example-lumina.com,+1-416-943-7671,Hong Kong,Asia Pacific,2025-11-05,Standard
5485,Emily,Taylor,emily.taylor5485@example-lumina.com,+1-362-167-6097,Sydney,Asia Pacific,2025-08-08,Gold
5486,Oliver,Jackson,oliver.jackson5486@example-lumina.com,+1-229-277-4158,San Francisco,North America West,2024-02-11,Standard
5487,Emily,Robinson,emily.robinson5487@example-lumina.com,+1-569-821-4262,Paris,Europe Central,2025-09-21,Standard
5488,Lucas,Lee,lucas.lee5488@example-lumina.com,+1-326-797-1500,Los Angeles,North America West,2024-10-13,Silver
5489,Olivia,Ramirez,olivia.ramirez5489@example-lumina.com,+1-685-700-6730,Berlin,Europe Central,2025-10-05,Gold
5490,Emily,Clark,emily.clark5490@example-lumina.com,+1-905-192-5670,Philadelphia,North America East,2023-07-21,Standard
5491,Ethan,Harris,ethan.harris5491@example-lumina.com,+1-419-977-4626,Seattle,North America West,2024-03-02,Silver
5492,Mason,Smith,mason.smith5492@example-lumina.com,+1-999-885-1145,Sydney,Asia Pacific,2025-03-24,Standard
5493,Elizabeth,Smith,elizabeth.smith5493@example-lumina.com,+1-429-358-6004,Amsterdam,Europe Central,2025-12-03,Standard
5494,Mia,Anderson,mia.anderson5494@example-lumina.com,+1-458-323-8646,Zurich,Europe Central,2025-09-22,Silver
5495,Ethan,Brown,ethan.brown5495@example-lumina.com,+1-207-623-7131,Paris,Europe Central,2025-05-01,Standard
5496,Michael,Hernandez,michael.hernandez5496@example-lumina.com,+1-483-755-6327,Paris,Europe Central,2025-04-02,Silver
5497,Oliver,Lee,oliver.lee5497@example-lumina.com,+1-505-292-3456,San Francisco,North America West,2025-09-02,Gold
5498,Elizabeth,Martin,elizabeth.martin5498@example-lumina.com,+1-613-776-6236,San Francisco,North America West,2025-04-02,Standard
5499,Isabella,Rodriguez,isabella.rodriguez5499@example-lumina.com,+1-628-514-7361,Atlanta,North America East,2025-05-26,VIP
5500,Levi,Miller,levi.miller5500@example-lumina.com,+1-551-843-4643,Singapore,Asia Pacific,2024-11-01,Standard
5501,Olivia,Clark,olivia.clark5501@example-lumina.com,+1-873-997-3967,London,Europe Central,2024-09-25,Standard
5502,William,White,william.white5502@example-lumina.com,+1-772-881-3999,London,Europe Central,2024-01-14,Standard
5503,Emily,Ramirez,emily.ramirez5503@example-lumina.com,+1-514-530-6428,Paris,Europe Central,2025-01-20,Standard
5504,Mila,Brown,mila.brown5504@example-lumina.com,+1-681-154-2166,Sydney,Asia Pacific,2024-10-25,Standard
5505,Abigail,Gonzalez,abigail.gonzalez5505@example-lumina.com,+1-742-405-7768,Boston,North America East,2023-10-19,VIP
5506,Benjamin,Wilson,benjamin.wilson5506@example-lumina.com,+1-783-568-3346,Berlin,Europe Central,2025-08-06,Standard
5507,Benjamin,Lee,benjamin.lee5507@example-lumina.com,+1-381-420-1950,Philadelphia,North America East,2024-03-07,Standard
5508,Jackson,Garcia,jackson.garcia5508@example-lumina.com,+1-790-882-3595,Tokyo,Asia Pacific,2023-10-11,Silver
5509,Sebastian,Wilson,sebastian.wilson5509@example-lumina.com,+1-613-539-8821,Tokyo,Asia Pacific,2023-07-09,Standard
5510,Emily,Lopez,emily.lopez5510@example-lumina.com,+1-214-429-9700,San Francisco,North America West,2025-04-23,Standard
5511,Emily,Davis,emily.davis5511@example-lumina.com,+1-431-810-6641,Berlin,Europe Central,2023-09-14,Standard
5512,Ethan,Martinez,ethan.martinez5512@example-lumina.com,+1-371-166-1749,Paris,Europe Central,2024-09-09,Silver
5513,Evelyn,Taylor,evelyn.taylor5513@example-lumina.com,+1-545-544-3192,Amsterdam,Europe Central,2024-06-02,Silver
5514,Olivia,Robinson,olivia.robinson5514@example-lumina.com,+1-613-119-4742,Seattle,North America West,2024-01-03,Silver
5515,Ethan,Taylor,ethan.taylor5515@example-lumina.com,+1-373-226-7006,Philadelphia,North America East,2025-11-14,Silver
5516,Jackson,Moore,jackson.moore5516@example-lumina.com,+1-838-149-1785,New York,North America East,2023-07-20,Silver
5517,Charlotte,Anderson,charlotte.anderson5517@example-lumina.com,+1-589-226-9966,Amsterdam,Europe Central,2025-05-19,Standard
5518,Logan,Perez,logan.perez5518@example-lumina.com,+1-845-109-5933,Tokyo,Asia Pacific,2025-04-09,Standard
5519,Evelyn,Martin,evelyn.martin5519@example-lumina.com,+1-917-240-7862,Atlanta,North America East,2025-06-06,Silver
5520,Isabella,Brown,isabella.brown5520@example-lumina.com,+1-308-609-4254,Los Angeles,North America West,2025-09-29,Standard
5521,James,Lopez,james.lopez5521@example-lumina.com,+1-920-519-5839,San Francisco,North America West,2024-12-13,Standard
5522,James,Thompson,james.thompson5522@example-lumina.com,+1-692-438-4842,New York,North America East,2025-04-18,Standard
5523,Sophia,Clark,sophia.clark5523@example-lumina.com,+1-787-785-9095,San Francisco,North America West,2025-08-07,Standard
5524,Emily,White,emily.white5524@example-lumina.com,+1-303-362-4787,Singapore,Asia Pacific,2024-02-26,Standard
5525,Sophia,Clark,sophia.clark5525@example-lumina.com,+1-378-995-1646,Paris,Europe Central,2025-08-29,Silver
5526,Charlotte,White,charlotte.white5526@example-lumina.com,+1-318-197-1751,Boston,North America East,2025-04-10,Silver
5527,Benjamin,Lopez,benjamin.lopez5527@example-lumina.com,+1-648-736-5395,Toronto,North America East,2025-09-12,Standard
5528,Sophia,Gonzalez,sophia.gonzalez5528@example-lumina.com,+1-609-567-5453,Melbourne,Asia Pacific,2025-08-28,Standard
5529,Oliver,Sanchez,oliver.sanchez5529@example-lumina.com,+1-370-215-3171,Boston,North America East,2023-09-15,Standard
5530,Ethan,Thomas,ethan.thomas5530@example-lumina.com,+1-782-794-8178,Denver,North America West,2024-06-23,Silver
5531,Evelyn,Smith,evelyn.smith5531@example-lumina.com,+1-900-958-3140,Melbourne,Asia Pacific,2023-09-24,Gold
5532,Henry,Johnson,henry.johnson5532@example-lumina.com,+1-264-367-6148,Atlanta,North America East,2025-07-25,Silver
5533,Emily,Jackson,emily.jackson5533@example-lumina.com,+1-429-785-6542,Philadelphia,North America East,2025-04-08,Silver
5534,Amelia,Lopez,amelia.lopez5534@example-lumina.com,+1-879-792-7305,Denver,North America West,2025-11-30,VIP
5535,Emily,Smith,emily.smith5535@example-lumina.com,+1-858-260-9283,Melbourne,Asia Pacific,2025-11-07,Standard
5536,Jackson,Thomas,jackson.thomas5536@example-lumina.com,+1-528-346-6421,London,Europe Central,2024-11-01,Standard
5537,Sebastian,Gonzalez,sebastian.gonzalez5537@example-lumina.com,+1-612-936-4850,Philadelphia,North America East,2024-08-28,Gold
5538,Henry,Williams,henry.williams5538@example-lumina.com,+1-710-557-6178,Philadelphia,North America East,2025-07-03,Silver
5539,Sophia,Gonzalez,sophia.gonzalez5539@example-lumina.com,+1-622-136-9996,New York,North America East,2025-08-19,Silver
5540,Evelyn,Lee,evelyn.lee5540@example-lumina.com,+1-511-620-4389,Singapore,Asia Pacific,2024-06-07,Gold
5541,Levi,Davis,levi.davis5541@example-lumina.com,+1-665-439-8751,Amsterdam,Europe Central,2023-09-25,Standard
5542,Abigail,Davis,abigail.davis5542@example-lumina.com,+1-202-449-6818,Zurich,Europe Central,2024-11-16,Standard
5543,Sophia,Johnson,sophia.johnson5543@example-lumina.com,+1-368-604-3301,Tokyo,Asia Pacific,2024-02-16,Silver
5544,James,Brown,james.brown5544@example-lumina.com,+1-602-320-8488,Los Angeles,North America West,2023-09-19,Silver
5545,Emily,Robinson,emily.robinson5545@example-lumina.com,+1-848-957-3018,Melbourne,Asia Pacific,2025-04-05,Silver
5546,Mason,Jones,mason.jones5546@example-lumina.com,+1-710-104-9689,Atlanta,North America East,2024-08-17,Gold
5547,Amelia,Robinson,amelia.robinson5547@example-lumina.com,+1-720-899-3903,Seattle,North America West,2023-09-15,Standard
5548,Evelyn,Martin,evelyn.martin5548@example-lumina.com,+1-529-616-7302,Hong Kong,Asia Pacific,2025-05-10,Silver
5549,William,Gonzalez,william.gonzalez5549@example-lumina.com,+1-551-401-8419,Seattle,North America West,2024-07-27,Silver
5550,Oliver,White,oliver.white5550@example-lumina.com,+1-724-406-9975,Zurich,Europe Central,2025-03-09,Standard
5551,James,Martin,james.martin5551@example-lumina.com,+1-931-397-6657,Seattle,North America West,2024-10-28,Standard
5552,Sebastian,Hernandez,sebastian.hernandez5552@example-lumina.com,+1-927-218-6771,Hong Kong,Asia Pacific,2025-01-05,Gold
5553,Logan,Wilson,logan.wilson5553@example-lumina.com,+1-890-865-9747,Amsterdam,Europe Central,2025-09-05,Standard
5554,Sophia,Smith,sophia.smith5554@example-lumina.com,+1-590-248-1869,Boston,North America East,2024-02-29,Silver
5555,Olivia,Martinez,olivia.martinez5555@example-lumina.com,+1-899-356-3399,Toronto,North America East,2023-12-26,Silver
5556,Emily,Lopez,emily.lopez5556@example-lumina.com,+1-663-204-4675,Sydney,Asia Pacific,2024-11-05,Silver
5557,Elizabeth,Thompson,elizabeth.thompson5557@example-lumina.com,+1-494-809-1769,Melbourne,Asia Pacific,2024-07-31,VIP
5558,Abigail,Hernandez,abigail.hernandez5558@example-lumina.com,+1-765-155-1212,Berlin,Europe Central,2025-02-25,Gold
5559,Mila,Ramirez,mila.ramirez5559@example-lumina.com,+1-653-949-4695,Zurich,Europe Central,2024-12-11,Silver
5560,James,Harris,james.harris5560@example-lumina.com,+1-942-298-5819,Sydney,Asia Pacific,2025-04-30,Standard
5561,Olivia,White,olivia.white5561@example-lumina.com,+1-726-222-7180,Philadelphia,North America East,2024-03-12,Silver
5562,Daniel,Garcia,daniel.garcia5562@example-lumina.com,+1-798-966-5178,Toronto,North America East,2024-09-20,Silver
5563,Daniel,Johnson,daniel.johnson5563@example-lumina.com,+1-357-430-1833,Amsterdam,Europe Central,2025-08-17,Silver
5564,Mia,Williams,mia.williams5564@example-lumina.com,+1-924-425-9608,Seattle,North America West,2024-11-15,Standard
5565,Mason,Garcia,mason.garcia5565@example-lumina.com,+1-625-656-9798,Tokyo,Asia Pacific,2024-05-23,Standard
5566,James,Perez,james.perez5566@example-lumina.com,+1-539-439-6911,Berlin,Europe Central,2025-07-10,Silver
5567,Amelia,Moore,amelia.moore5567@example-lumina.com,+1-970-764-1144,Toronto,North America East,2024-08-30,Standard
5568,Sebastian,Martin,sebastian.martin5568@example-lumina.com,+1-836-349-1653,Amsterdam,Europe Central,2025-08-24,Gold
5569,Lucas,Rodriguez,lucas.rodriguez5569@example-lumina.com,+1-753-841-5633,Atlanta,North America East,2025-09-19,Silver
5570,Mason,Sanchez,mason.sanchez5570@example-lumina.com,+1-720-556-8975,Toronto,North America East,2025-12-06,Silver
5571,Benjamin,Taylor,benjamin.taylor5571@example-lumina.com,+1-284-198-3742,New York,North America East,2024-01-02,Silver
5572,Jackson,Miller,jackson.miller5572@example-lumina.com,+1-901-534-2702,Denver,North America West,2025-09-26,Silver
5573,Emily,Harris,emily.harris5573@example-lumina.com,+1-645-762-2181,San Francisco,North America West,2024-09-13,Silver
5574,Emily,Williams,emily.williams5574@example-lumina.com,+1-275-155-3916,Zurich,Europe Central,2023-08-12,Silver
5575,Ava,Robinson,ava.robinson5575@example-lumina.com,+1-464-517-7357,Melbourne,Asia Pacific,2024-08-17,Standard
5576,Lucas,Perez,lucas.perez5576@example-lumina.com,+1-321-647-1096,Atlanta,North America East,2023-07-17,Silver
5577,Michael,Lopez,michael.lopez5577@example-lumina.com,+1-714-208-5748,Zurich,Europe Central,2023-08-28,Standard
5578,Ella,Anderson,ella.anderson5578@example-lumina.com,+1-590-504-1504,Sydney,Asia Pacific,2024-11-28,Standard
5579,Emily,Gonzalez,emily.gonzalez5579@example-lumina.com,+1-758-402-3360,Paris,Europe Central,2023-06-12,Silver
5580,Harper,Jones,harper.jones5580@example-lumina.com,+1-326-142-1082,Hong Kong,Asia Pacific,2024-12-12,Gold
5581,Isabella,Miller,isabella.miller5581@example-lumina.com,+1-966-859-6633,Vancouver,North America West,2025-12-14,Silver
5582,Mason,Jones,mason.jones5582@example-lumina.com,+1-364-288-4617,Berlin,Europe Central,2023-09-26,Standard
5583,Elizabeth,Jackson,elizabeth.jackson5583@example-lumina.com,+1-255-971-9992,Hong Kong,Asia Pacific,2023-08-14,Standard
5584,Michael,Rodriguez,michael.rodriguez5584@example-lumina.com,+1-300-302-8982,Paris,Europe Central,2023-10-10,Silver
5585,Ava,Brown,ava.brown5585@example-lumina.com,+1-491-734-2143,Los Angeles,North America West,2024-10-10,Standard
5586,Evelyn,Perez,evelyn.perez5586@example-lumina.com,+1-513-810-3496,Paris,Europe Central,2024-08-12,Standard
5587,Benjamin,Davis,benjamin.davis5587@example-lumina.com,+1-426-829-8145,Paris,Europe Central,2023-10-16,Silver
5588,Benjamin,Lewis,benjamin.lewis5588@example-lumina.com,+1-691-573-8296,Paris,Europe Central,2024-10-11,Silver
5589,Olivia,Lee,olivia.lee5589@example-lumina.com,+1-821-183-5597,Denver,North America West,2023-12-19,Standard
5590,Oliver,Lee,oliver.lee5590@example-lumina.com,+1-278-844-2235,Atlanta,North America East,2025-03-08,Standard
5591,Ethan,Jackson,ethan.jackson5591@example-lumina.com,+1-614-887-4485,Atlanta,North America East,2024-02-22,Standard
5592,Harper,Thomas,harper.thomas5592@example-lumina.com,+1-869-893-3435,Amsterdam,Europe Central,2024-01-15,Gold
5593,Ethan,White,ethan.white5593@example-lumina.com,+1-497-237-8613,Philadelphia,North America East,2024-06-07,Standard
5594,Abigail,Davis,abigail.davis5594@example-lumina.com,+1-828-800-3717,Vancouver,North America West,2023-11-11,Standard
5595,Ethan,Perez,ethan.perez5595@example-lumina.com,+1-349-853-8921,London,Europe Central,2024-01-11,Silver
5596,Ava,Williams,ava.williams5596@example-lumina.com,+1-470-478-4834,Boston,North America East,2024-11-12,Gold
5597,Mia,Gonzalez,mia.gonzalez5597@example-lumina.com,+1-680-565-1760,Toronto,North America East,2023-09-14,Silver
5598,Mason,Lee,mason.lee5598@example-lumina.com,+1-480-954-5314,Vancouver,North America West,2025-03-31,Standard
5599,Ethan,Lee,ethan.lee5599@example-lumina.com,+1-279-629-5121,Sydney,Asia Pacific,2024-11-10,Standard
5600,Levi,Ramirez,levi.ramirez5600@example-lumina.com,+1-553-598-8898,Atlanta,North America East,2025-11-20,Standard
5601,Olivia,Davis,olivia.davis5601@example-lumina.com,+1-278-626-5600,Seattle,North America West,2023-12-09,Standard
5602,Evelyn,Thompson,evelyn.thompson5602@example-lumina.com,+1-321-776-4773,Singapore,Asia Pacific,2025-06-07,Standard
5603,Abigail,Thomas,abigail.thomas5603@example-lumina.com,+1-690-315-3641,Tokyo,Asia Pacific,2024-02-05,Standard
5604,Ethan,Jackson,ethan.jackson5604@example-lumina.com,+1-364-237-9399,Atlanta,North America East,2023-10-29,Standard
5605,William,Robinson,william.robinson5605@example-lumina.com,+1-384-629-7642,Toronto,North America East,2023-08-27,Standard
5606,Evelyn,Thomas,evelyn.thomas5606@example-lumina.com,+1-693-274-4594,Hong Kong,Asia Pacific,2023-10-25,Silver
5607,Levi,Harris,levi.harris5607@example-lumina.com,+1-386-738-9369,Berlin,Europe Central,2025-06-11,Silver
5608,Ella,Anderson,ella.anderson5608@example-lumina.com,+1-810-704-2127,Vancouver,North America West,2024-06-29,Standard
5609,Alexander,Miller,alexander.miller5609@example-lumina.com,+1-735-980-9263,Sydney,Asia Pacific,2025-02-10,Standard
5610,Amelia,Lewis,amelia.lewis5610@example-lumina.com,+1-829-714-1639,New York,North America East,2024-10-06,Silver
5611,Oliver,Martin,oliver.martin5611@example-lumina.com,+1-752-947-1019,Hong Kong,Asia Pacific,2024-08-04,Standard
5612,Emily,Thompson,emily.thompson5612@example-lumina.com,+1-742-539-4759,Melbourne,Asia Pacific,2024-05-24,Silver
5613,Emily,Robinson,emily.robinson5613@example-lumina.com,+1-979-957-2600,Sydney,Asia Pacific,2024-02-16,Standard
5614,Ava,Robinson,ava.robinson5614@example-lumina.com,+1-285-390-9908,Singapore,Asia Pacific,2023-12-11,Standard
5615,Emily,Sanchez,emily.sanchez5615@example-lumina.com,+1-207-691-9561,Atlanta,North America East,2023-06-08,Standard
5616,James,Thompson,james.thompson5616@example-lumina.com,+1-523-518-6935,Boston,North America East,2024-08-10,Silver
5617,William,Rodriguez,william.rodriguez5617@example-lumina.com,+1-748-533-6990,Amsterdam,Europe Central,2025-07-13,Standard
5618,Harper,Sanchez,harper.sanchez5618@example-lumina.com,+1-770-594-3928,Zurich,Europe Central,2024-12-20,Standard
5619,Isabella,Jackson,isabella.jackson5619@example-lumina.com,+1-552-892-7522,San Francisco,North America West,2025-07-05,Standard
5620,Elizabeth,Thompson,elizabeth.thompson5620@example-lumina.com,+1-365-202-4513,Singapore,Asia Pacific,2025-08-29,Silver
5621,Logan,Perez,logan.perez5621@example-lumina.com,+1-923-153-3633,Tokyo,Asia Pacific,2025-09-01,Standard
5622,Daniel,Thomas,daniel.thomas5622@example-lumina.com,+1-814-545-2444,Toronto,North America East,2024-01-14,Standard
5623,Evelyn,Johnson,evelyn.johnson5623@example-lumina.com,+1-941-493-7564,Zurich,Europe Central,2023-07-29,Gold
5624,Levi,Garcia,levi.garcia5624@example-lumina.com,+1-855-606-8192,Boston,North America East,2025-10-18,Silver
5625,Elizabeth,Taylor,elizabeth.taylor5625@example-lumina.com,+1-492-299-1550,Denver,North America West,2023-11-21,Silver
5626,Mia,Davis,mia.davis5626@example-lumina.com,+1-870-100-3579,Toronto,North America East,2025-08-07,Standard
5627,Abigail,Gonzalez,abigail.gonzalez5627@example-lumina.com,+1-615-700-4281,New York,North America East,2023-09-01,Standard
5628,Emily,Clark,emily.clark5628@example-lumina.com,+1-772-696-6703,Paris,Europe Central,2024-01-18,Silver
5629,James,Anderson,james.anderson5629@example-lumina.com,+1-613-688-1076,Berlin,Europe Central,2024-07-21,Standard
5630,Harper,Williams,harper.williams5630@example-lumina.com,+1-715-401-6570,Atlanta,North America East,2024-02-19,Gold
5631,Levi,Sanchez,levi.sanchez5631@example-lumina.com,+1-788-356-8254,Hong Kong,Asia Pacific,2024-10-08,Silver
5632,Jackson,Hernandez,jackson.hernandez5632@example-lumina.com,+1-994-569-8548,Philadelphia,North America East,2023-09-28,Standard
5633,Lucas,Lee,lucas.lee5633@example-lumina.com,+1-425-793-4767,Amsterdam,Europe Central,2024-05-27,Standard
5634,Alexander,Thompson,alexander.thompson5634@example-lumina.com,+1-469-354-5706,Philadelphia,North America East,2025-04-20,Silver
5635,Benjamin,Williams,benjamin.williams5635@example-lumina.com,+1-767-282-8807,Paris,Europe Central,2024-01-10,Gold
5636,William,Garcia,william.garcia5636@example-lumina.com,+1-964-799-4115,Sydney,Asia Pacific,2024-01-27,Silver
5637,Mila,Rodriguez,mila.rodriguez5637@example-lumina.com,+1-411-334-4322,Denver,North America West,2024-05-30,Standard
5638,Sophia,Brown,sophia.brown5638@example-lumina.com,+1-280-792-9071,Atlanta,North America East,2023-07-14,Gold
5639,Mia,Martin,mia.martin5639@example-lumina.com,+1-522-604-5501,Sydney,Asia Pacific,2025-07-22,Gold
5640,William,Gonzalez,william.gonzalez5640@example-lumina.com,+1-427-868-3101,Atlanta,North America East,2025-08-27,Standard
5641,Harper,Johnson,harper.johnson5641@example-lumina.com,+1-714-455-7450,Vancouver,North America West,2023-10-02,Silver
5642,Henry,Hernandez,henry.hernandez5642@example-lumina.com,+1-905-108-1193,Vancouver,North America West,2025-01-15,Standard
5643,Mia,Martin,mia.martin5643@example-lumina.com,+1-465-291-9987,Berlin,Europe Central,2024-03-02,Standard
5644,Evelyn,Hernandez,evelyn.hernandez5644@example-lumina.com,+1-574-288-9171,Sydney,Asia Pacific,2024-08-03,Silver
5645,Mia,Lopez,mia.lopez5645@example-lumina.com,+1-610-386-8384,Denver,North America West,2023-10-13,VIP
5646,Abigail,Davis,abigail.davis5646@example-lumina.com,+1-302-838-5422,Denver,North America West,2024-08-16,Gold
5647,James,Jones,james.jones5647@example-lumina.com,+1-956-253-8749,Boston,North America East,2024-08-05,Standard
5648,Oliver,Ramirez,oliver.ramirez5648@example-lumina.com,+1-845-629-9748,Amsterdam,Europe Central,2024-04-03,Standard
5649,Mila,Jackson,mila.jackson5649@example-lumina.com,+1-248-507-2621,San Francisco,North America West,2024-01-07,Gold
5650,Amelia,Clark,amelia.clark5650@example-lumina.com,+1-844-198-8370,Paris,Europe Central,2024-06-04,Standard
5651,Harper,Robinson,harper.robinson5651@example-lumina.com,+1-463-452-1324,Tokyo,Asia Pacific,2024-05-25,Gold
5652,Evelyn,Miller,evelyn.miller5652@example-lumina.com,+1-790-689-9821,Los Angeles,North America West,2024-05-29,Standard
5653,Mason,Thomas,mason.thomas5653@example-lumina.com,+1-993-854-8322,Philadelphia,North America East,2025-02-18,Standard
5654,Sebastian,Jones,sebastian.jones5654@example-lumina.com,+1-371-755-6527,Hong Kong,Asia Pacific,2025-01-06,Standard
5655,Ella,Williams,ella.williams5655@example-lumina.com,+1-281-265-6629,Los Angeles,North America West,2024-04-20,Silver
5656,Logan,Rodriguez,logan.rodriguez5656@example-lumina.com,+1-819-760-7479,Amsterdam,Europe Central,2025-08-08,Gold
5657,Mia,White,mia.white5657@example-lumina.com,+1-801-633-8377,Sydney,Asia Pacific,2023-12-06,Gold
5658,Daniel,White,daniel.white5658@example-lumina.com,+1-440-777-5122,Boston,North America East,2023-11-18,Standard
5659,Sophia,Williams,sophia.williams5659@example-lumina.com,+1-684-661-1881,Philadelphia,North America East,2024-11-18,Silver
5660,Michael,Brown,michael.brown5660@example-lumina.com,+1-468-732-3544,Philadelphia,North America East,2024-04-12,Standard
5661,Emily,Martinez,emily.martinez5661@example-lumina.com,+1-653-741-3071,Denver,North America West,2025-10-06,Standard
5662,Emily,Perez,emily.perez5662@example-lumina.com,+1-565-981-6328,Melbourne,Asia Pacific,2025-11-08,Standard
5663,William,Moore,william.moore5663@example-lumina.com,+1-655-238-9835,Denver,North America West,2025-02-01,Standard
5664,Emily,Lee,emily.lee5664@example-lumina.com,+1-777-545-9576,Paris,Europe Central,2024-10-06,Standard
5665,Elizabeth,Williams,elizabeth.williams5665@example-lumina.com,+1-652-415-6992,Singapore,Asia Pacific,2023-11-07,Standard
5666,Alexander,Taylor,alexander.taylor5666@example-lumina.com,+1-976-968-3233,Paris,Europe Central,2024-09-23,Standard
5667,Logan,Robinson,logan.robinson5667@example-lumina.com,+1-703-873-8816,London,Europe Central,2025-07-24,Standard
5668,Isabella,Martin,isabella.martin5668@example-lumina.com,+1-436-915-1118,Berlin,Europe Central,2024-07-26,Gold
5669,Charlotte,Gonzalez,charlotte.gonzalez5669@example-lumina.com,+1-455-267-7385,Sydney,Asia Pacific,2024-02-25,Standard
5670,Sebastian,Davis,sebastian.davis5670@example-lumina.com,+1-729-882-5454,Zurich,Europe Central,2025-09-06,Standard
5671,James,Ramirez,james.ramirez5671@example-lumina.com,+1-270-286-3238,London,Europe Central,2025-03-14,Standard
5672,Henry,Rodriguez,henry.rodriguez5672@example-lumina.com,+1-917-737-9060,Los Angeles,North America West,2023-06-20,Standard
5673,Harper,Smith,harper.smith5673@example-lumina.com,+1-390-204-5622,Berlin,Europe Central,2025-06-02,Standard
5674,Alexander,Davis,alexander.davis5674@example-lumina.com,+1-292-254-1241,Sydney,Asia Pacific,2024-05-16,Standard
5675,Elizabeth,Sanchez,elizabeth.sanchez5675@example-lumina.com,+1-710-480-8597,Toronto,North America East,2023-08-22,Gold
5676,Daniel,Johnson,daniel.johnson5676@example-lumina.com,+1-472-894-7429,Atlanta,North America East,2024-09-24,Standard
5677,Oliver,Clark,oliver.clark5677@example-lumina.com,+1-456-936-7251,New York,North America East,2025-07-26,Silver
5678,Lucas,Harris,lucas.harris5678@example-lumina.com,+1-653-353-1549,Vancouver,North America West,2025-06-22,Silver
5679,Mason,Perez,mason.perez5679@example-lumina.com,+1-413-584-7375,Paris,Europe Central,2023-11-10,Silver
5680,Emily,White,emily.white5680@example-lumina.com,+1-762-633-3001,Amsterdam,Europe Central,2025-03-15,Standard
5681,Mia,Lewis,mia.lewis5681@example-lumina.com,+1-253-984-4568,Boston,North America East,2025-03-10,Standard
5682,Alexander,Garcia,alexander.garcia5682@example-lumina.com,+1-482-698-2960,Sydney,Asia Pacific,2023-06-10,VIP
5683,Ethan,Sanchez,ethan.sanchez5683@example-lumina.com,+1-907-586-3539,London,Europe Central,2024-02-10,Standard
5684,Michael,Perez,michael.perez5684@example-lumina.com,+1-833-446-1983,Toronto,North America East,2025-03-22,Standard
5685,Harper,Sanchez,harper.sanchez5685@example-lumina.com,+1-309-228-8992,Los Angeles,North America West,2024-12-23,Silver
5686,Jackson,Lopez,jackson.lopez5686@example-lumina.com,+1-649-850-4161,Philadelphia,North America East,2024-06-01,Silver
5687,William,Lewis,william.lewis5687@example-lumina.com,+1-240-596-8168,Zurich,Europe Central,2025-05-14,Standard
5688,Ethan,Garcia,ethan.garcia5688@example-lumina.com,+1-756-456-6303,Singapore,Asia Pacific,2025-11-05,Gold
5689,Ella,Ramirez,ella.ramirez5689@example-lumina.com,+1-767-264-2128,Vancouver,North America West,2024-03-29,Gold
5690,Harper,Lopez,harper.lopez5690@example-lumina.com,+1-664-100-9289,Sydney,Asia Pacific,2025-11-21,Standard
5691,Mila,Lopez,mila.lopez5691@example-lumina.com,+1-994-735-4912,London,Europe Central,2025-04-05,VIP
5692,Levi,Gonzalez,levi.gonzalez5692@example-lumina.com,+1-394-636-9151,Denver,North America West,2024-03-16,Standard
5693,Sebastian,Hernandez,sebastian.hernandez5693@example-lumina.com,+1-313-198-9572,New York,North America East,2025-10-03,Gold
5694,Olivia,Ramirez,olivia.ramirez5694@example-lumina.com,+1-232-306-2753,Sydney,Asia Pacific,2023-09-10,Standard
5695,Sebastian,Clark,sebastian.clark5695@example-lumina.com,+1-597-773-9026,London,Europe Central,2024-06-10,Standard
5696,Logan,Williams,logan.williams5696@example-lumina.com,+1-213-313-9051,Philadelphia,North America East,2025-08-29,Silver
5697,Mia,Moore,mia.moore5697@example-lumina.com,+1-961-525-7046,Atlanta,North America East,2024-02-28,Standard
5698,Emily,Williams,emily.williams5698@example-lumina.com,+1-511-179-4537,New York,North America East,2025-06-12,Standard
5699,Lucas,Miller,lucas.miller5699@example-lumina.com,+1-397-638-5075,Denver,North America West,2025-07-07,Silver
5700,Emily,Brown,emily.brown5700@example-lumina.com,+1-984-753-6864,Melbourne,Asia Pacific,2025-11-21,Standard
5701,Elizabeth,Garcia,elizabeth.garcia5701@example-lumina.com,+1-763-511-9268,Berlin,Europe Central,2024-11-28,VIP
5702,Henry,Robinson,henry.robinson5702@example-lumina.com,+1-560-422-6319,Amsterdam,Europe Central,2025-07-22,Silver
5703,Levi,White,levi.white5703@example-lumina.com,+1-531-723-4943,Vancouver,North America West,2025-07-24,Silver
5704,Emily,Rodriguez,emily.rodriguez5704@example-lumina.com,+1-568-563-8331,Tokyo,Asia Pacific,2025-06-13,Standard
5705,Isabella,Martin,isabella.martin5705@example-lumina.com,+1-216-630-3213,London,Europe Central,2024-04-03,VIP
5706,James,Ramirez,james.ramirez5706@example-lumina.com,+1-522-122-5521,San Francisco,North America West,2023-07-09,Standard
5707,Daniel,Jones,daniel.jones5707@example-lumina.com,+1-471-475-5093,Los Angeles,North America West,2025-09-08,Standard
5708,Ethan,Gonzalez,ethan.gonzalez5708@example-lumina.com,+1-782-322-2264,Amsterdam,Europe Central,2023-11-25,Standard
5709,Oliver,Thompson,oliver.thompson5709@example-lumina.com,+1-919-690-2562,London,Europe Central,2025-06-18,Gold
5710,Lucas,Williams,lucas.williams5710@example-lumina.com,+1-998-157-6478,Amsterdam,Europe Central,2024-07-31,Gold
5711,Sophia,Ramirez,sophia.ramirez5711@example-lumina.com,+1-988-332-1187,Tokyo,Asia Pacific,2024-04-08,Standard
5712,Benjamin,Moore,benjamin.moore5712@example-lumina.com,+1-778-253-6354,Seattle,North America West,2023-07-22,Silver
5713,Lucas,Anderson,lucas.anderson5713@example-lumina.com,+1-970-709-9269,Boston,North America East,2024-08-16,Standard
5714,Lucas,Jones,lucas.jones5714@example-lumina.com,+1-335-444-2352,Hong Kong,Asia Pacific,2025-07-03,Standard
5715,Lucas,Rodriguez,lucas.rodriguez5715@example-lumina.com,+1-287-508-9221,Sydney,Asia Pacific,2025-07-20,Standard
5716,Harper,Miller,harper.miller5716@example-lumina.com,+1-699-504-4212,Seattle,North America West,2023-08-13,Standard
5717,Charlotte,Hernandez,charlotte.hernandez5717@example-lumina.com,+1-901-689-2467,Philadelphia,North America East,2024-08-07,Standard
5718,James,Hernandez,james.hernandez5718@example-lumina.com,+1-552-708-1396,Berlin,Europe Central,2024-05-24,Silver
5719,Elizabeth,Anderson,elizabeth.anderson5719@example-lumina.com,+1-838-249-8216,Boston,North America East,2023-12-22,Silver
5720,Daniel,Harris,daniel.harris5720@example-lumina.com,+1-945-973-2405,New York,North America East,2024-02-04,Gold
5721,Ella,Jones,ella.jones5721@example-lumina.com,+1-494-114-6624,Toronto,North America East,2024-09-03,Standard
5722,Benjamin,Miller,benjamin.miller5722@example-lumina.com,+1-957-650-4471,Denver,North America West,2024-11-17,Silver
5723,Harper,Thomas,harper.thomas5723@example-lumina.com,+1-837-847-3315,Philadelphia,North America East,2025-01-17,Gold
5724,Mason,Johnson,mason.johnson5724@example-lumina.com,+1-461-274-1984,Berlin,Europe Central,2025-08-17,Silver
5725,William,Johnson,william.johnson5725@example-lumina.com,+1-676-770-1136,Philadelphia,North America East,2025-04-07,Standard
5726,Mila,Robinson,mila.robinson5726@example-lumina.com,+1-875-468-2767,Toronto,North America East,2025-11-05,Gold
5727,Lucas,Davis,lucas.davis5727@example-lumina.com,+1-589-620-2631,Amsterdam,Europe Central,2025-11-04,Silver
5728,Michael,Garcia,michael.garcia5728@example-lumina.com,+1-403-612-8503,New York,North America East,2024-02-09,Gold
5729,Isabella,Hernandez,isabella.hernandez5729@example-lumina.com,+1-701-502-3572,Toronto,North America East,2025-05-01,Standard
5730,Sebastian,Martinez,sebastian.martinez5730@example-lumina.com,+1-441-613-5519,Toronto,North America East,2025-11-16,Standard
5731,Levi,Smith,levi.smith5731@example-lumina.com,+1-768-386-4695,Los Angeles,North America West,2025-12-05,Standard
5732,Daniel,Williams,daniel.williams5732@example-lumina.com,+1-947-491-9531,Vancouver,North America West,2024-02-02,Silver
5733,Charlotte,Martinez,charlotte.martinez5733@example-lumina.com,+1-819-437-8359,Seattle,North America West,2025-03-30,Standard
5734,Harper,Perez,harper.perez5734@example-lumina.com,+1-407-983-3262,Zurich,Europe Central,2023-10-17,Standard
5735,Ella,Harris,ella.harris5735@example-lumina.com,+1-348-771-3589,London,Europe Central,2024-12-22,Standard
5736,Emily,Brown,emily.brown5736@example-lumina.com,+1-388-425-3384,Toronto,North America East,2025-11-18,VIP
5737,Charlotte,Martinez,charlotte.martinez5737@example-lumina.com,+1-653-863-5485,Seattle,North America West,2023-09-18,Standard
5738,Alexander,Harris,alexander.harris5738@example-lumina.com,+1-826-731-5372,Denver,North America West,2024-01-24,Standard
5739,Alexander,Lopez,alexander.lopez5739@example-lumina.com,+1-281-804-8808,Denver,North America West,2025-10-14,Silver
5740,Logan,Lee,logan.lee5740@example-lumina.com,+1-582-288-7348,Melbourne,Asia Pacific,2023-10-19,Standard
5741,Ava,Johnson,ava.johnson5741@example-lumina.com,+1-618-882-1245,Amsterdam,Europe Central,2024-01-14,Silver
5742,James,Harris,james.harris5742@example-lumina.com,+1-409-167-3901,Hong Kong,Asia Pacific,2024-10-14,Silver
5743,Mila,Anderson,mila.anderson5743@example-lumina.com,+1-452-537-7633,Atlanta,North America East,2025-06-22,Gold
5744,Emily,Hernandez,emily.hernandez5744@example-lumina.com,+1-603-726-9784,Atlanta,North America East,2023-09-20,Standard
5745,Levi,Lewis,levi.lewis5745@example-lumina.com,+1-243-998-5025,Tokyo,Asia Pacific,2024-12-23,Standard
5746,Jackson,Lee,jackson.lee5746@example-lumina.com,+1-250-294-5770,Melbourne,Asia Pacific,2025-11-22,Standard
5747,Levi,Martinez,levi.martinez5747@example-lumina.com,+1-672-270-7921,Zurich,Europe Central,2023-07-26,Silver
5748,Oliver,Jones,oliver.jones5748@example-lumina.com,+1-674-949-8400,Atlanta,North America East,2023-09-24,Standard
5749,Ethan,Lewis,ethan.lewis5749@example-lumina.com,+1-912-659-3216,Melbourne,Asia Pacific,2024-04-27,Standard
5750,Olivia,Anderson,olivia.anderson5750@example-lumina.com,+1-804-829-4308,Tokyo,Asia Pacific,2024-02-12,Standard
5751,Sebastian,Robinson,sebastian.robinson5751@example-lumina.com,+1-928-915-3686,New York,North America East,2023-09-25,Silver
5752,Sebastian,Lopez,sebastian.lopez5752@example-lumina.com,+1-287-636-7292,Vancouver,North America West,2024-12-15,Standard
5753,Jackson,Garcia,jackson.garcia5753@example-lumina.com,+1-543-679-3459,Seattle,North America West,2023-12-01,Silver
5754,Emily,Wilson,emily.wilson5754@example-lumina.com,+1-515-416-8311,Berlin,Europe Central,2023-09-29,Gold
5755,James,Smith,james.smith5755@example-lumina.com,+1-837-883-5146,Philadelphia,North America East,2024-10-22,Gold
5756,Harper,Sanchez,harper.sanchez5756@example-lumina.com,+1-205-722-9084,Seattle,North America West,2025-01-23,Silver
5757,Henry,Wilson,henry.wilson5757@example-lumina.com,+1-652-181-1107,Denver,North America West,2024-03-11,Silver
5758,Harper,Clark,harper.clark5758@example-lumina.com,+1-412-150-4028,San Francisco,North America West,2025-03-30,Standard
5759,Daniel,Ramirez,daniel.ramirez5759@example-lumina.com,+1-233-783-5889,London,Europe Central,2023-07-21,Standard
5760,Olivia,Garcia,olivia.garcia5760@example-lumina.com,+1-888-391-3906,Hong Kong,Asia Pacific,2024-06-03,Gold
5761,Michael,Harris,michael.harris5761@example-lumina.com,+1-506-430-7038,Tokyo,Asia Pacific,2025-07-16,Standard
5762,Harper,Williams,harper.williams5762@example-lumina.com,+1-499-582-3204,Toronto,North America East,2024-05-03,Standard
5763,Mason,Miller,mason.miller5763@example-lumina.com,+1-912-314-1953,Atlanta,North America East,2025-06-17,VIP
5764,Mason,Williams,mason.williams5764@example-lumina.com,+1-695-841-5705,Hong Kong,Asia Pacific,2025-10-16,Standard
5765,Mason,Jackson,mason.jackson5765@example-lumina.com,+1-838-462-3125,Hong Kong,Asia Pacific,2025-06-16,Silver
5766,Amelia,Sanchez,amelia.sanchez5766@example-lumina.com,+1-384-724-4812,Berlin,Europe Central,2023-06-02,Standard
5767,Henry,Lee,henry.lee5767@example-lumina.com,+1-320-855-4396,Melbourne,Asia Pacific,2023-07-17,Standard
5768,Harper,Sanchez,harper.sanchez5768@example-lumina.com,+1-852-317-1185,Los Angeles,North America West,2024-02-16,Silver
5769,Isabella,Martinez,isabella.martinez5769@example-lumina.com,+1-718-663-6307,New York,North America East,2025-05-03,Standard
5770,Lucas,White,lucas.white5770@example-lumina.com,+1-782-730-1477,Seattle,North America West,2024-05-04,Gold
5771,Ella,Perez,ella.perez5771@example-lumina.com,+1-690-585-1582,Vancouver,North America West,2023-11-07,Silver
5772,Oliver,Ramirez,oliver.ramirez5772@example-lumina.com,+1-749-443-8577,Tokyo,Asia Pacific,2025-10-03,Standard
5773,Ethan,White,ethan.white5773@example-lumina.com,+1-894-423-9779,Boston,North America East,2025-01-12,Silver
5774,Elizabeth,Robinson,elizabeth.robinson5774@example-lumina.com,+1-562-167-3446,London,Europe Central,2024-05-13,VIP
5775,Sebastian,Moore,sebastian.moore5775@example-lumina.com,+1-369-684-7382,Denver,North America West,2023-09-28,Gold
5776,Jackson,Martinez,jackson.martinez5776@example-lumina.com,+1-922-978-6152,Toronto,North America East,2024-07-28,Standard
5777,Oliver,Davis,oliver.davis5777@example-lumina.com,+1-580-562-5958,Denver,North America West,2024-04-05,Standard
5778,Mia,Sanchez,mia.sanchez5778@example-lumina.com,+1-238-896-4311,Philadelphia,North America East,2024-10-31,Standard
5779,Amelia,Lewis,amelia.lewis5779@example-lumina.com,+1-712-257-4116,Amsterdam,Europe Central,2025-06-20,Gold
5780,Isabella,Harris,isabella.harris5780@example-lumina.com,+1-535-246-2609,Seattle,North America West,2025-06-11,Standard
5781,Lucas,Thompson,lucas.thompson5781@example-lumina.com,+1-734-218-1067,London,Europe Central,2025-05-04,Gold
5782,Mila,Williams,mila.williams5782@example-lumina.com,+1-541-578-1755,Atlanta,North America East,2025-07-24,Silver
5783,Isabella,Smith,isabella.smith5783@example-lumina.com,+1-791-876-6114,Los Angeles,North America West,2023-12-23,Standard
5784,William,Moore,william.moore5784@example-lumina.com,+1-526-891-8227,Toronto,North America East,2023-10-31,Standard
5785,Sophia,Smith,sophia.smith5785@example-lumina.com,+1-837-673-9422,Boston,North America East,2024-12-07,Standard
5786,Benjamin,Rodriguez,benjamin.rodriguez5786@example-lumina.com,+1-344-821-5641,Seattle,North America West,2023-08-12,Standard
5787,Oliver,Hernandez,oliver.hernandez5787@example-lumina.com,+1-753-554-1831,San Francisco,North America West,2024-09-25,Gold
5788,Emily,Brown,emily.brown5788@example-lumina.com,+1-592-155-2410,Melbourne,Asia Pacific,2023-12-01,Silver
5789,Oliver,Jackson,oliver.jackson5789@example-lumina.com,+1-844-956-8304,Paris,Europe Central,2024-05-06,Gold
5790,Logan,Harris,logan.harris5790@example-lumina.com,+1-886-928-9740,Philadelphia,North America East,2025-01-02,Standard
5791,Levi,Sanchez,levi.sanchez5791@example-lumina.com,+1-915-579-2593,Singapore,Asia Pacific,2025-05-01,Silver
5792,Jackson,Anderson,jackson.anderson5792@example-lumina.com,+1-681-337-4666,Denver,North America West,2024-02-20,Gold
5793,Lucas,Garcia,lucas.garcia5793@example-lumina.com,+1-916-781-6412,Amsterdam,Europe Central,2024-10-12,Standard
5794,Amelia,Brown,amelia.brown5794@example-lumina.com,+1-559-590-8556,Los Angeles,North America West,2025-07-26,Standard
5795,Ethan,Jones,ethan.jones5795@example-lumina.com,+1-720-205-7646,Toronto,North America East,2024-12-21,Silver
5796,Elizabeth,Martinez,elizabeth.martinez5796@example-lumina.com,+1-745-572-7566,Sydney,Asia Pacific,2025-02-25,Standard
5797,Olivia,Thomas,olivia.thomas5797@example-lumina.com,+1-593-167-6582,Denver,North America West,2024-08-15,Silver
5798,Charlotte,Jackson,charlotte.jackson5798@example-lumina.com,+1-550-657-4869,San Francisco,North America West,2025-06-27,Gold
5799,Ethan,Clark,ethan.clark5799@example-lumina.com,+1-698-217-8584,Zurich,Europe Central,2023-09-08,Gold
5800,Olivia,Martinez,olivia.martinez5800@example-lumina.com,+1-615-171-2781,Singapore,Asia Pacific,2024-10-19,Silver
5801,Emily,Williams,emily.williams5801@example-lumina.com,+1-422-936-3276,Boston,North America East,2025-04-07,Standard
5802,Harper,Martinez,harper.martinez5802@example-lumina.com,+1-599-730-8326,Seattle,North America West,2025-04-28,Gold
5803,Isabella,Jackson,isabella.jackson5803@example-lumina.com,+1-895-411-8122,London,Europe Central,2025-01-17,Standard
5804,Mason,Gonzalez,mason.gonzalez5804@example-lumina.com,+1-330-972-5819,Toronto,North America East,2025-12-09,Standard
5805,Emily,Smith,emily.smith5805@example-lumina.com,+1-920-673-6885,Toronto,North America East,2025-11-03,Standard
5806,Charlotte,Thompson,charlotte.thompson5806@example-lumina.com,+1-804-503-6212,Melbourne,Asia Pacific,2024-06-25,Standard
5807,James,Perez,james.perez5807@example-lumina.com,+1-377-586-3278,Denver,North America West,2024-06-28,Gold
5808,Mia,Clark,mia.clark5808@example-lumina.com,+1-627-257-5726,Seattle,North America West,2023-06-12,Standard
5809,Alexander,Jones,alexander.jones5809@example-lumina.com,+1-938-598-8155,San Francisco,North America West,2023-10-19,Silver
5810,Charlotte,Ramirez,charlotte.ramirez5810@example-lumina.com,+1-666-907-7974,Vancouver,North America West,2024-11-03,Standard
5811,Levi,Anderson,levi.anderson5811@example-lumina.com,+1-593-463-4698,Vancouver,North America West,2025-02-09,Standard
5812,Amelia,Ramirez,amelia.ramirez5812@example-lumina.com,+1-948-342-9220,Amsterdam,Europe Central,2024-12-11,Silver
5813,Emily,Johnson,emily.johnson5813@example-lumina.com,+1-781-594-7038,Atlanta,North America East,2024-10-06,VIP
5814,Michael,Jones,michael.jones5814@example-lumina.com,+1-947-848-9624,Amsterdam,Europe Central,2024-11-11,Standard
5815,Oliver,Martin,oliver.martin5815@example-lumina.com,+1-290-351-8740,Atlanta,North America East,2025-08-26,Silver
5816,Evelyn,Johnson,evelyn.johnson5816@example-lumina.com,+1-551-647-1176,Melbourne,Asia Pacific,2024-11-06,Gold
5817,Ethan,White,ethan.white5817@example-lumina.com,+1-539-531-6782,Paris,Europe Central,2023-11-19,Standard
5818,Ella,Martin,ella.martin5818@example-lumina.com,+1-967-411-5267,Philadelphia,North America East,2025-01-13,Standard
5819,Emily,Perez,emily.perez5819@example-lumina.com,+1-498-928-1447,Amsterdam,Europe Central,2023-08-24,Standard
5820,Michael,Ramirez,michael.ramirez5820@example-lumina.com,+1-484-358-3171,Paris,Europe Central,2025-10-26,Standard
5821,Emily,Brown,emily.brown5821@example-lumina.com,+1-818-278-3476,Singapore,Asia Pacific,2025-09-05,Standard
5822,Elizabeth,Thompson,elizabeth.thompson5822@example-lumina.com,+1-441-596-3962,Toronto,North America East,2023-08-26,VIP
5823,Evelyn,Robinson,evelyn.robinson5823@example-lumina.com,+1-357-957-9125,Melbourne,Asia Pacific,2024-01-30,Silver
5824,Emily,Lee,emily.lee5824@example-lumina.com,+1-371-315-6653,Toronto,North America East,2025-07-13,Gold
5825,Emily,Garcia,emily.garcia5825@example-lumina.com,+1-675-508-8802,Amsterdam,Europe Central,2025-07-04,Gold
5826,Ella,Moore,ella.moore5826@example-lumina.com,+1-439-488-7390,Singapore,Asia Pacific,2023-10-27,Standard
5827,Charlotte,Smith,charlotte.smith5827@example-lumina.com,+1-495-916-8353,Singapore,Asia Pacific,2024-11-24,Silver
5828,Emily,Brown,emily.brown5828@example-lumina.com,+1-744-752-6797,Hong Kong,Asia Pacific,2025-03-29,Gold
5829,Benjamin,Rodriguez,benjamin.rodriguez5829@example-lumina.com,+1-473-921-2610,Zurich,Europe Central,2024-07-05,Standard
5830,Abigail,White,abigail.white5830@example-lumina.com,+1-447-851-4193,Berlin,Europe Central,2024-04-16,Standard
5831,Abigail,Smith,abigail.smith5831@example-lumina.com,+1-269-112-7737,Atlanta,North America East,2023-09-15,Silver
5832,Mia,Davis,mia.davis5832@example-lumina.com,+1-942-390-5127,San Francisco,North America West,2023-06-25,Silver
5833,Emily,Martin,emily.martin5833@example-lumina.com,+1-872-955-4552,New York,North America East,2023-08-28,Gold
5834,Daniel,Gonzalez,daniel.gonzalez5834@example-lumina.com,+1-872-882-4027,Boston,North America East,2024-02-15,Standard
5835,Abigail,Robinson,abigail.robinson5835@example-lumina.com,+1-277-754-8429,Amsterdam,Europe Central,2025-05-09,Gold
5836,Jackson,Harris,jackson.harris5836@example-lumina.com,+1-531-363-3653,Toronto,North America East,2025-08-04,Standard
5837,Lucas,Hernandez,lucas.hernandez5837@example-lumina.com,+1-261-364-5336,Vancouver,North America West,2023-08-11,Standard
5838,Ella,Miller,ella.miller5838@example-lumina.com,+1-824-502-3923,Tokyo,Asia Pacific,2023-10-26,Standard
5839,Charlotte,Miller,charlotte.miller5839@example-lumina.com,+1-828-758-2740,Singapore,Asia Pacific,2023-09-14,Standard
5840,Michael,Jackson,michael.jackson5840@example-lumina.com,+1-945-356-8305,Philadelphia,North America East,2023-10-31,Silver
5841,Alexander,Robinson,alexander.robinson5841@example-lumina.com,+1-238-780-7397,Berlin,Europe Central,2025-05-17,Standard
5842,Lucas,Jackson,lucas.jackson5842@example-lumina.com,+1-203-627-9039,Melbourne,Asia Pacific,2024-07-18,Gold
5843,Jackson,Sanchez,jackson.sanchez5843@example-lumina.com,+1-271-653-4700,Philadelphia,North America East,2025-05-06,Gold
5844,Amelia,Brown,amelia.brown5844@example-lumina.com,+1-780-648-6880,Paris,Europe Central,2024-07-15,Standard
5845,Sebastian,Williams,sebastian.williams5845@example-lumina.com,+1-574-647-6571,Philadelphia,North America East,2025-07-18,Silver
5846,Sebastian,Miller,sebastian.miller5846@example-lumina.com,+1-380-667-1644,Sydney,Asia Pacific,2024-04-02,Silver
5847,Oliver,Brown,oliver.brown5847@example-lumina.com,+1-845-805-6886,Tokyo,Asia Pacific,2025-11-23,Silver
5848,Emily,Miller,emily.miller5848@example-lumina.com,+1-343-136-4163,Atlanta,North America East,2024-01-31,Standard
5849,Michael,Sanchez,michael.sanchez5849@example-lumina.com,+1-753-758-6041,Hong Kong,Asia Pacific,2025-10-02,Gold
5850,Alexander,Johnson,alexander.johnson5850@example-lumina.com,+1-547-157-6533,Philadelphia,North America East,2023-09-30,Standard
5851,Sebastian,Perez,sebastian.perez5851@example-lumina.com,+1-735-569-9791,Denver,North America West,2024-01-25,Gold
5852,Emily,White,emily.white5852@example-lumina.com,+1-344-600-1312,Hong Kong,Asia Pacific,2023-07-17,Standard
5853,Sebastian,Jones,sebastian.jones5853@example-lumina.com,+1-214-276-1818,London,Europe Central,2024-09-10,Silver
5854,Levi,Jackson,levi.jackson5854@example-lumina.com,+1-265-937-2742,Philadelphia,North America East,2025-01-30,Silver
5855,Ava,Williams,ava.williams5855@example-lumina.com,+1-407-536-6527,Singapore,Asia Pacific,2023-10-02,VIP
5856,Ethan,Moore,ethan.moore5856@example-lumina.com,+1-340-429-4493,Atlanta,North America East,2023-11-25,Standard
5857,Sophia,Rodriguez,sophia.rodriguez5857@example-lumina.com,+1-344-875-7801,Los Angeles,North America West,2024-12-18,Standard
5858,Ava,Robinson,ava.robinson5858@example-lumina.com,+1-795-141-3185,Atlanta,North America East,2024-06-20,Silver
5859,Alexander,Lewis,alexander.lewis5859@example-lumina.com,+1-698-182-1104,Boston,North America East,2023-08-31,Silver
5860,Ethan,Lewis,ethan.lewis5860@example-lumina.com,+1-490-526-8798,Seattle,North America West,2023-10-25,Silver
5861,Mason,Anderson,mason.anderson5861@example-lumina.com,+1-621-344-3859,Atlanta,North America East,2023-12-02,Silver
5862,Evelyn,Williams,evelyn.williams5862@example-lumina.com,+1-842-946-5934,Amsterdam,Europe Central,2023-06-05,Silver
5863,James,Brown,james.brown5863@example-lumina.com,+1-742-197-6929,Vancouver,North America West,2025-07-28,Silver
5864,James,Rodriguez,james.rodriguez5864@example-lumina.com,+1-254-298-2846,Vancouver,North America West,2024-10-22,Standard
5865,Abigail,Robinson,abigail.robinson5865@example-lumina.com,+1-244-155-6966,Berlin,Europe Central,2024-08-19,Standard
5866,Evelyn,Sanchez,evelyn.sanchez5866@example-lumina.com,+1-976-564-1709,New York,North America East,2024-12-02,Standard
5867,Elizabeth,Smith,elizabeth.smith5867@example-lumina.com,+1-696-627-2901,Boston,North America East,2025-06-08,Standard
5868,Ethan,Hernandez,ethan.hernandez5868@example-lumina.com,+1-629-303-6336,San Francisco,North America West,2024-04-29,Standard
5869,Ava,White,ava.white5869@example-lumina.com,+1-622-990-4276,Sydney,Asia Pacific,2023-08-15,Standard
5870,Amelia,Johnson,amelia.johnson5870@example-lumina.com,+1-646-248-4541,Sydney,Asia Pacific,2024-07-01,Standard
5871,Henry,White,henry.white5871@example-lumina.com,+1-398-747-6875,Berlin,Europe Central,2024-05-09,Standard
5872,Logan,Jackson,logan.jackson5872@example-lumina.com,+1-261-387-3236,Philadelphia,North America East,2024-09-12,Standard
5873,Jackson,Hernandez,jackson.hernandez5873@example-lumina.com,+1-425-402-3568,Denver,North America West,2024-12-18,Gold
5874,Michael,Wilson,michael.wilson5874@example-lumina.com,+1-734-600-4546,Melbourne,Asia Pacific,2024-03-12,Standard
5875,Charlotte,White,charlotte.white5875@example-lumina.com,+1-452-353-6362,Hong Kong,Asia Pacific,2024-01-14,Gold
5876,Ethan,Jones,ethan.jones5876@example-lumina.com,+1-787-105-7844,New York,North America East,2024-09-24,Silver
5877,Mason,Johnson,mason.johnson5877@example-lumina.com,+1-635-643-7460,Tokyo,Asia Pacific,2024-09-06,Standard
5878,Michael,Moore,michael.moore5878@example-lumina.com,+1-971-112-7662,Seattle,North America West,2024-06-02,Standard
5879,Sebastian,Williams,sebastian.williams5879@example-lumina.com,+1-216-591-5994,Vancouver,North America West,2025-10-26,Silver
5880,Ethan,Smith,ethan.smith5880@example-lumina.com,+1-665-574-3271,Sydney,Asia Pacific,2025-08-17,Gold
5881,Sebastian,Anderson,sebastian.anderson5881@example-lumina.com,+1-920-748-1022,Philadelphia,North America East,2025-12-01,Silver
5882,Mason,Johnson,mason.johnson5882@example-lumina.com,+1-503-536-5420,San Francisco,North America West,2025-02-25,Gold
5883,Emily,Robinson,emily.robinson5883@example-lumina.com,+1-256-627-6963,New York,North America East,2024-06-27,Standard
5884,Evelyn,Johnson,evelyn.johnson5884@example-lumina.com,+1-574-475-3871,Atlanta,North America East,2025-05-27,Silver
5885,Daniel,Hernandez,daniel.hernandez5885@example-lumina.com,+1-444-652-2860,Hong Kong,Asia Pacific,2025-11-09,VIP
5886,James,Harris,james.harris5886@example-lumina.com,+1-962-879-4693,Paris,Europe Central,2025-12-06,Standard
5887,Abigail,Wilson,abigail.wilson5887@example-lumina.com,+1-483-155-2038,Paris,Europe Central,2024-09-06,Standard
5888,Mason,Clark,mason.clark5888@example-lumina.com,+1-325-581-9714,Amsterdam,Europe Central,2025-02-25,Standard
5889,Abigail,Thompson,abigail.thompson5889@example-lumina.com,+1-267-292-8501,New York,North America East,2024-07-05,Gold
5890,Isabella,Williams,isabella.williams5890@example-lumina.com,+1-311-268-5521,Boston,North America East,2024-10-21,Standard
5891,James,Taylor,james.taylor5891@example-lumina.com,+1-842-123-5803,Hong Kong,Asia Pacific,2023-10-14,Standard
5892,Charlotte,Anderson,charlotte.anderson5892@example-lumina.com,+1-955-760-1351,Berlin,Europe Central,2023-08-04,Standard
5893,Elizabeth,Davis,elizabeth.davis5893@example-lumina.com,+1-732-760-6503,Hong Kong,Asia Pacific,2024-05-17,Silver
5894,Elizabeth,Hernandez,elizabeth.hernandez5894@example-lumina.com,+1-697-707-9686,Melbourne,Asia Pacific,2024-04-07,Silver
5895,Oliver,Sanchez,oliver.sanchez5895@example-lumina.com,+1-513-275-5259,Vancouver,North America West,2024-06-15,VIP
5896,Jackson,Ramirez,jackson.ramirez5896@example-lumina.com,+1-248-251-6785,Amsterdam,Europe Central,2023-11-18,Silver
5897,Olivia,Thompson,olivia.thompson5897@example-lumina.com,+1-748-392-3986,Seattle,North America West,2023-11-13,Standard
5898,Emily,Hernandez,emily.hernandez5898@example-lumina.com,+1-788-229-8223,Paris,Europe Central,2023-12-06,Standard
5899,Logan,Johnson,logan.johnson5899@example-lumina.com,+1-881-424-6633,Los Angeles,North America West,2024-09-02,Standard
5900,Olivia,Moore,olivia.moore5900@example-lumina.com,+1-508-224-1408,Melbourne,Asia Pacific,2025-07-26,Standard
5901,Henry,Robinson,henry.robinson5901@example-lumina.com,+1-527-259-1070,Paris,Europe Central,2024-09-28,Gold
5902,Jackson,Jackson,jackson.jackson5902@example-lumina.com,+1-882-250-8243,London,Europe Central,2025-06-19,Standard
5903,Emily,Jones,emily.jones5903@example-lumina.com,+1-894-664-2914,London,Europe Central,2024-07-16,Silver
5904,Ava,Anderson,ava.anderson5904@example-lumina.com,+1-565-194-6347,Atlanta,North America East,2025-03-18,Standard
5905,Mason,Davis,mason.davis5905@example-lumina.com,+1-985-384-4206,New York,North America East,2024-12-03,Gold
5906,Abigail,Perez,abigail.perez5906@example-lumina.com,+1-289-624-7462,Vancouver,North America West,2024-04-21,Silver
5907,Mason,Johnson,mason.johnson5907@example-lumina.com,+1-882-469-7513,Vancouver,North America West,2024-06-13,Standard
5908,Alexander,Martinez,alexander.martinez5908@example-lumina.com,+1-553-459-6047,Hong Kong,Asia Pacific,2023-08-29,Standard
5909,Oliver,Anderson,oliver.anderson5909@example-lumina.com,+1-959-525-8249,Berlin,Europe Central,2025-09-03,Silver
5910,Oliver,Wilson,oliver.wilson5910@example-lumina.com,+1-946-524-3286,Boston,North America East,2023-12-30,Standard
5911,Mila,Taylor,mila.taylor5911@example-lumina.com,+1-543-167-7156,New York,North America East,2024-07-24,Silver
5912,William,Wilson,william.wilson5912@example-lumina.com,+1-379-669-8571,Seattle,North America West,2023-12-08,Gold
5913,Isabella,Moore,isabella.moore5913@example-lumina.com,+1-702-143-5947,Amsterdam,Europe Central,2024-12-24,Silver
5914,Ava,Smith,ava.smith5914@example-lumina.com,+1-202-257-5303,Amsterdam,Europe Central,2023-10-06,Silver
5915,Oliver,Martinez,oliver.martinez5915@example-lumina.com,+1-627-283-9059,San Francisco,North America West,2023-10-01,Silver
5916,Amelia,Williams,amelia.williams5916@example-lumina.com,+1-813-863-6927,Hong Kong,Asia Pacific,2024-08-20,Gold
5917,Sebastian,Perez,sebastian.perez5917@example-lumina.com,+1-687-810-2959,Zurich,Europe Central,2025-06-20,Silver
5918,Mila,Rodriguez,mila.rodriguez5918@example-lumina.com,+1-366-695-1958,Los Angeles,North America West,2024-09-15,Gold
5919,Daniel,Lopez,daniel.lopez5919@example-lumina.com,+1-367-154-5467,Amsterdam,Europe Central,2025-03-13,Gold
5920,Mia,Johnson,mia.johnson5920@example-lumina.com,+1-496-398-9677,Atlanta,North America East,2023-12-16,Silver
5921,Olivia,Harris,olivia.harris5921@example-lumina.com,+1-296-713-3738,Paris,Europe Central,2025-09-24,Gold
5922,Elizabeth,Martinez,elizabeth.martinez5922@example-lumina.com,+1-477-801-6939,Atlanta,North America East,2025-01-14,Standard
5923,Daniel,Smith,daniel.smith5923@example-lumina.com,+1-340-630-5610,Amsterdam,Europe Central,2024-07-26,Standard
5924,Ella,Garcia,ella.garcia5924@example-lumina.com,+1-304-323-3532,Seattle,North America West,2025-08-23,Gold
5925,Evelyn,Thompson,evelyn.thompson5925@example-lumina.com,+1-738-966-9717,Philadelphia,North America East,2024-09-14,Gold
5926,Sophia,Clark,sophia.clark5926@example-lumina.com,+1-334-117-8856,Paris,Europe Central,2025-05-08,Standard
5927,Levi,Anderson,levi.anderson5927@example-lumina.com,+1-811-635-6604,Los Angeles,North America West,2023-06-30,Silver
5928,Sophia,Davis,sophia.davis5928@example-lumina.com,+1-331-977-3332,Los Angeles,North America West,2023-10-07,Standard
5929,Michael,Wilson,michael.wilson5929@example-lumina.com,+1-907-881-2830,New York,North America East,2025-08-02,Standard
5930,Charlotte,Johnson,charlotte.johnson5930@example-lumina.com,+1-401-210-1537,Philadelphia,North America East,2023-09-30,Gold
5931,Emily,Williams,emily.williams5931@example-lumina.com,+1-508-783-1168,New York,North America East,2025-02-06,Standard
5932,Oliver,Miller,oliver.miller5932@example-lumina.com,+1-389-786-6759,New York,North America East,2023-10-28,Gold
5933,William,Jackson,william.jackson5933@example-lumina.com,+1-556-460-3630,Denver,North America West,2025-01-04,Standard
5934,Levi,Jackson,levi.jackson5934@example-lumina.com,+1-981-114-9664,Seattle,North America West,2024-03-15,Standard
5935,Jackson,Moore,jackson.moore5935@example-lumina.com,+1-204-842-2616,Denver,North America West,2025-10-19,Silver
5936,Mia,Thompson,mia.thompson5936@example-lumina.com,+1-803-289-8203,Boston,North America East,2025-10-02,Standard
5937,Lucas,Wilson,lucas.wilson5937@example-lumina.com,+1-419-626-4728,Tokyo,Asia Pacific,2025-07-19,VIP
5938,Sophia,Anderson,sophia.anderson5938@example-lumina.com,+1-312-632-3226,Singapore,Asia Pacific,2025-05-22,Standard
5939,Emily,Johnson,emily.johnson5939@example-lumina.com,+1-284-435-9088,Philadelphia,North America East,2024-03-17,Standard
5940,Emily,Martinez,emily.martinez5940@example-lumina.com,+1-903-961-8273,Denver,North America West,2024-07-22,Standard
5941,Mila,Wilson,mila.wilson5941@example-lumina.com,+1-393-977-2140,Singapore,Asia Pacific,2023-12-01,Standard
5942,Abigail,Thomas,abigail.thomas5942@example-lumina.com,+1-888-207-7494,Hong Kong,Asia Pacific,2025-04-05,Silver
5943,Sophia,Jones,sophia.jones5943@example-lumina.com,+1-604-510-2666,San Francisco,North America West,2024-06-07,VIP
5944,Benjamin,Miller,benjamin.miller5944@example-lumina.com,+1-809-964-7623,Boston,North America East,2025-10-06,Standard
5945,Amelia,Rodriguez,amelia.rodriguez5945@example-lumina.com,+1-983-830-5472,Singapore,Asia Pacific,2024-09-30,Silver
5946,Lucas,Thomas,lucas.thomas5946@example-lumina.com,+1-723-385-3414,Tokyo,Asia Pacific,2023-10-04,Standard
5947,Amelia,Davis,amelia.davis5947@example-lumina.com,+1-843-237-1486,New York,North America East,2025-09-28,Standard
5948,Abigail,Smith,abigail.smith5948@example-lumina.com,+1-383-491-6356,Los Angeles,North America West,2025-02-26,Silver
5949,Jackson,Williams,jackson.williams5949@example-lumina.com,+1-876-869-9518,Melbourne,Asia Pacific,2023-12-24,Standard
5950,Amelia,Thomas,amelia.thomas5950@example-lumina.com,+1-716-367-9887,Zurich,Europe Central,2024-12-11,Standard
5951,Jackson,Johnson,jackson.johnson5951@example-lumina.com,+1-640-221-7285,Singapore,Asia Pacific,2025-10-21,Standard
5952,Henry,Johnson,henry.johnson5952@example-lumina.com,+1-233-281-5965,Vancouver,North America West,2024-08-15,Standard
5953,Logan,Gonzalez,logan.gonzalez5953@example-lumina.com,+1-699-882-2792,Hong Kong,Asia Pacific,2025-05-02,Standard
5954,Amelia,Thomas,amelia.thomas5954@example-lumina.com,+1-775-974-3560,Philadelphia,North America East,2024-02-25,Standard
5955,Lucas,Martin,lucas.martin5955@example-lumina.com,+1-892-461-5660,London,Europe Central,2023-06-29,Silver
5956,Daniel,Clark,daniel.clark5956@example-lumina.com,+1-575-457-1440,Amsterdam,Europe Central,2023-09-08,Standard
5957,Mia,Wilson,mia.wilson5957@example-lumina.com,+1-559-157-5001,Seattle,North America West,2025-03-25,Standard
5958,Michael,Robinson,michael.robinson5958@example-lumina.com,+1-904-167-5995,Toronto,North America East,2023-11-21,Standard
5959,Benjamin,Johnson,benjamin.johnson5959@example-lumina.com,+1-671-773-7921,Singapore,Asia Pacific,2023-06-21,Silver
5960,Ethan,Smith,ethan.smith5960@example-lumina.com,+1-524-486-7394,Zurich,Europe Central,2023-09-09,Gold
5961,Sophia,Thompson,sophia.thompson5961@example-lumina.com,+1-891-310-6504,Hong Kong,Asia Pacific,2025-09-08,Silver
5962,Benjamin,Garcia,benjamin.garcia5962@example-lumina.com,+1-829-406-6952,Sydney,Asia Pacific,2024-10-21,Silver
5963,Elizabeth,Williams,elizabeth.williams5963@example-lumina.com,+1-748-319-5708,London,Europe Central,2024-03-31,VIP
5964,Lucas,Sanchez,lucas.sanchez5964@example-lumina.com,+1-431-739-2506,Atlanta,North America East,2024-05-10,Standard
5965,Ethan,Sanchez,ethan.sanchez5965@example-lumina.com,+1-743-586-7997,Los Angeles,North America West,2025-08-23,Standard
5966,Levi,Martinez,levi.martinez5966@example-lumina.com,+1-716-923-5913,Hong Kong,Asia Pacific,2024-04-16,Standard
5967,Lucas,Rodriguez,lucas.rodriguez5967@example-lumina.com,+1-839-627-8425,San Francisco,North America West,2025-03-04,Silver
5968,Mila,Garcia,mila.garcia5968@example-lumina.com,+1-790-611-4489,Singapore,Asia Pacific,2025-03-15,Standard
5969,Evelyn,Ramirez,evelyn.ramirez5969@example-lumina.com,+1-987-544-1981,Los Angeles,North America West,2024-09-16,Standard
5970,Daniel,White,daniel.white5970@example-lumina.com,+1-901-883-5919,Melbourne,Asia Pacific,2024-04-22,Gold
5971,Ella,Williams,ella.williams5971@example-lumina.com,+1-849-308-7757,Paris,Europe Central,2025-03-23,Standard
5972,Abigail,Martin,abigail.martin5972@example-lumina.com,+1-441-515-4907,Boston,North America East,2023-12-14,Standard
5973,Elizabeth,Clark,elizabeth.clark5973@example-lumina.com,+1-517-575-8952,Melbourne,Asia Pacific,2025-03-24,Gold
5974,James,Garcia,james.garcia5974@example-lumina.com,+1-479-239-1477,Paris,Europe Central,2025-04-05,Silver
5975,Sebastian,Ramirez,sebastian.ramirez5975@example-lumina.com,+1-243-839-8960,New York,North America East,2025-10-28,Gold
5976,Benjamin,Martin,benjamin.martin5976@example-lumina.com,+1-505-987-2041,Singapore,Asia Pacific,2025-04-18,Silver
5977,Michael,Gonzalez,michael.gonzalez5977@example-lumina.com,+1-941-962-3302,San Francisco,North America West,2025-01-05,Silver
5978,Ella,Brown,ella.brown5978@example-lumina.com,+1-734-780-9605,Amsterdam,Europe Central,2025-11-22,Standard
5979,Evelyn,Brown,evelyn.brown5979@example-lumina.com,+1-991-926-6134,Zurich,Europe Central,2025-06-24,Standard
5980,Emily,White,emily.white5980@example-lumina.com,+1-441-533-4571,San Francisco,North America West,2023-11-27,Standard
5981,William,Anderson,william.anderson5981@example-lumina.com,+1-618-360-1916,Hong Kong,Asia Pacific,2024-06-18,Silver
5982,Sophia,Hernandez,sophia.hernandez5982@example-lumina.com,+1-758-533-8780,Los Angeles,North America West,2025-11-17,Silver
5983,Daniel,Lopez,daniel.lopez5983@example-lumina.com,+1-686-832-7025,London,Europe Central,2025-03-22,VIP
5984,Evelyn,Johnson,evelyn.johnson5984@example-lumina.com,+1-957-778-1895,Los Angeles,North America West,2024-12-17,Standard
5985,Sebastian,Thompson,sebastian.thompson5985@example-lumina.com,+1-571-931-2999,Vancouver,North America West,2024-07-02,Standard
5986,Lucas,Robinson,lucas.robinson5986@example-lumina.com,+1-461-408-2478,Los Angeles,North America West,2024-01-02,Gold
5987,Olivia,Robinson,olivia.robinson5987@example-lumina.com,+1-649-746-6196,Tokyo,Asia Pacific,2024-03-07,Gold
5988,Levi,Harris,levi.harris5988@example-lumina.com,+1-703-582-7765,Amsterdam,Europe Central,2025-11-14,Gold
5989,Sophia,Clark,sophia.clark5989@example-lumina.com,+1-364-815-5275,Toronto,North America East,2024-08-04,Silver
5990,Levi,Moore,levi.moore5990@example-lumina.com,+1-955-434-8426,New York,North America East,2025-03-18,Silver
5991,Sebastian,Anderson,sebastian.anderson5991@example-lumina.com,+1-856-239-1050,Sydney,Asia Pacific,2025-03-05,Standard
5992,Ethan,Williams,ethan.williams5992@example-lumina.com,+1-313-261-5089,Denver,North America West,2025-05-03,Standard
5993,Benjamin,Anderson,benjamin.anderson5993@example-lumina.com,+1-689-994-3187,Berlin,Europe Central,2025-05-04,Silver
5994,Benjamin,Sanchez,benjamin.sanchez5994@example-lumina.com,+1-488-303-2382,Singapore,Asia Pacific,2023-12-04,Standard
5995,Lucas,Clark,lucas.clark5995@example-lumina.com,+1-784-329-1339,Atlanta,North America East,2025-03-24,Silver
5996,Ava,Robinson,ava.robinson5996@example-lumina.com,+1-291-573-4248,Berlin,Europe Central,2023-07-21,Standard
5997,Charlotte,Martin,charlotte.martin5997@example-lumina.com,+1-466-252-2459,Berlin,Europe Central,2025-01-01,Standard
5998,Logan,Taylor,logan.taylor5998@example-lumina.com,+1-645-891-8433,Tokyo,Asia Pacific,2024-01-16,Silver
5999,James,Ramirez,james.ramirez5999@example-lumina.com,+1-472-394-9096,Sydney,Asia Pacific,2024-08-15,Gold
6000,Evelyn,Miller,evelyn.miller6000@example-lumina.com,+1-489-844-4102,Sydney,Asia Pacific,2024-07-23,Silver
6001,Alexander,Martinez,alexander.martinez6001@example-lumina.com,+1-468-341-8388,Los Angeles,North America West,2025-01-17,Silver
6002,Henry,Williams,henry.williams6002@example-lumina.com,+1-210-580-3182,Amsterdam,Europe Central,2025-05-04,Standard
6003,Lucas,Thompson,lucas.thompson6003@example-lumina.com,+1-633-853-5198,New York,North America East,2024-12-22,Standard
6004,Benjamin,Robinson,benjamin.robinson6004@example-lumina.com,+1-440-582-6804,New York,North America East,2024-02-15,Standard
6005,Lucas,Martinez,lucas.martinez6005@example-lumina.com,+1-604-787-7076,Denver,North America West,2023-07-13,Silver
6006,William,Garcia,william.garcia6006@example-lumina.com,+1-715-604-6557,Sydney,Asia Pacific,2023-08-31,Standard
6007,Mason,Wilson,mason.wilson6007@example-lumina.com,+1-345-366-2914,London,Europe Central,2023-10-09,Standard
6008,Levi,Rodriguez,levi.rodriguez6008@example-lumina.com,+1-965-469-8046,Paris,Europe Central,2025-02-17,Gold
6009,Ella,Rodriguez,ella.rodriguez6009@example-lumina.com,+1-729-420-8139,Los Angeles,North America West,2025-06-24,VIP
6010,Jackson,Jones,jackson.jones6010@example-lumina.com,+1-769-973-8208,Boston,North America East,2023-10-31,Standard
6011,Olivia,Johnson,olivia.johnson6011@example-lumina.com,+1-681-366-3679,Melbourne,Asia Pacific,2023-09-27,VIP
6012,Ella,Thomas,ella.thomas6012@example-lumina.com,+1-241-552-6841,Melbourne,Asia Pacific,2024-10-17,Standard
6013,Emily,Ramirez,emily.ramirez6013@example-lumina.com,+1-351-226-6727,Boston,North America East,2025-11-06,Standard
6014,Levi,Garcia,levi.garcia6014@example-lumina.com,+1-967-620-5469,Denver,North America West,2023-06-05,Standard
6015,Ethan,Garcia,ethan.garcia6015@example-lumina.com,+1-626-178-5033,Tokyo,Asia Pacific,2025-11-25,Standard
6016,Isabella,Perez,isabella.perez6016@example-lumina.com,+1-896-224-7458,Zurich,Europe Central,2023-09-17,Gold
6017,Daniel,Smith,daniel.smith6017@example-lumina.com,+1-283-571-8861,Singapore,Asia Pacific,2025-01-29,Silver
6018,Benjamin,Johnson,benjamin.johnson6018@example-lumina.com,+1-871-737-8423,Zurich,Europe Central,2023-10-11,Standard
6019,Emily,Sanchez,emily.sanchez6019@example-lumina.com,+1-859-389-6294,New York,North America East,2024-12-12,VIP
6020,Lucas,Williams,lucas.williams6020@example-lumina.com,+1-608-361-3916,Vancouver,North America West,2023-08-31,Standard
6021,James,Garcia,james.garcia6021@example-lumina.com,+1-597-898-7592,Berlin,Europe Central,2023-10-02,Standard
6022,Elizabeth,Wilson,elizabeth.wilson6022@example-lumina.com,+1-953-925-6080,Los Angeles,North America West,2025-04-12,Standard
6023,Mia,Taylor,mia.taylor6023@example-lumina.com,+1-404-601-8298,Melbourne,Asia Pacific,2024-03-01,Silver
6024,Charlotte,Williams,charlotte.williams6024@example-lumina.com,+1-974-532-7033,Vancouver,North America West,2025-03-07,Standard
6025,Emily,Taylor,emily.taylor6025@example-lumina.com,+1-549-574-4673,Vancouver,North America West,2024-11-21,Silver
6026,Mason,Williams,mason.williams6026@example-lumina.com,+1-497-579-8165,Philadelphia,North America East,2024-04-03,Standard
6027,Daniel,Perez,daniel.perez6027@example-lumina.com,+1-507-961-5073,Singapore,Asia Pacific,2025-01-03,Standard
6028,Michael,Robinson,michael.robinson6028@example-lumina.com,+1-246-625-2763,Melbourne,Asia Pacific,2023-09-05,Standard
6029,Emily,Jackson,emily.jackson6029@example-lumina.com,+1-459-463-5175,Atlanta,North America East,2023-06-17,Standard
6030,Abigail,Anderson,abigail.anderson6030@example-lumina.com,+1-383-905-3985,Tokyo,Asia Pacific,2023-08-25,Standard
6031,Logan,Martinez,logan.martinez6031@example-lumina.com,+1-521-701-8454,Hong Kong,Asia Pacific,2025-09-05,Standard
6032,Ella,Ramirez,ella.ramirez6032@example-lumina.com,+1-391-316-4032,Atlanta,North America East,2024-02-21,Gold
6033,Sophia,Wilson,sophia.wilson6033@example-lumina.com,+1-747-118-1095,Tokyo,Asia Pacific,2023-06-14,Standard
6034,Amelia,Anderson,amelia.anderson6034@example-lumina.com,+1-908-514-8974,Zurich,Europe Central,2025-09-10,VIP
6035,Mia,Thompson,mia.thompson6035@example-lumina.com,+1-889-806-7471,London,Europe Central,2023-10-07,Standard
6036,James,Brown,james.brown6036@example-lumina.com,+1-216-812-4083,Boston,North America East,2024-10-05,Silver
6037,Sebastian,Davis,sebastian.davis6037@example-lumina.com,+1-646-962-9824,San Francisco,North America West,2024-04-04,Silver
6038,Daniel,Thomas,daniel.thomas6038@example-lumina.com,+1-632-122-2908,Seattle,North America West,2025-06-26,Silver
6039,Amelia,Thomas,amelia.thomas6039@example-lumina.com,+1-220-980-8364,Seattle,North America West,2024-03-28,Silver
6040,Levi,Gonzalez,levi.gonzalez6040@example-lumina.com,+1-252-441-1129,Philadelphia,North America East,2024-07-30,Gold
6041,Emily,Jackson,emily.jackson6041@example-lumina.com,+1-810-848-5764,Philadelphia,North America East,2024-07-14,Standard
6042,Ethan,White,ethan.white6042@example-lumina.com,+1-826-794-8993,San Francisco,North America West,2024-11-22,Standard
6043,Ethan,Hernandez,ethan.hernandez6043@example-lumina.com,+1-766-165-5388,Melbourne,Asia Pacific,2023-09-28,Standard
6044,Sebastian,Lopez,sebastian.lopez6044@example-lumina.com,+1-659-814-8147,Boston,North America East,2024-03-21,Silver
6045,Amelia,Lopez,amelia.lopez6045@example-lumina.com,+1-648-337-9317,Denver,North America West,2025-05-02,Standard
6046,Evelyn,Ramirez,evelyn.ramirez6046@example-lumina.com,+1-932-772-8675,Los Angeles,North America West,2025-06-10,Silver
6047,Charlotte,Clark,charlotte.clark6047@example-lumina.com,+1-889-768-6902,Sydney,Asia Pacific,2025-02-26,Standard
6048,Logan,White,logan.white6048@example-lumina.com,+1-288-783-8911,Seattle,North America West,2023-12-22,Standard
6049,Amelia,Brown,amelia.brown6049@example-lumina.com,+1-625-605-5975,Seattle,North America West,2024-12-22,Standard
6050,Alexander,Lopez,alexander.lopez6050@example-lumina.com,+1-467-465-3598,Denver,North America West,2023-07-03,Gold
6051,Benjamin,Wilson,benjamin.wilson6051@example-lumina.com,+1-316-732-4714,Atlanta,North America East,2024-01-16,Standard
6052,Benjamin,Sanchez,benjamin.sanchez6052@example-lumina.com,+1-563-887-1764,Berlin,Europe Central,2025-10-21,Silver
6053,Mason,Martin,mason.martin6053@example-lumina.com,+1-885-206-1826,Melbourne,Asia Pacific,2025-10-09,Silver
6054,Sophia,Sanchez,sophia.sanchez6054@example-lumina.com,+1-825-724-2669,Atlanta,North America East,2023-09-16,Standard
6055,Sophia,Ramirez,sophia.ramirez6055@example-lumina.com,+1-410-470-3572,Amsterdam,Europe Central,2025-07-20,Standard
6056,Emily,Ramirez,emily.ramirez6056@example-lumina.com,+1-301-257-6959,Berlin,Europe Central,2023-10-04,Gold
6057,Henry,Wilson,henry.wilson6057@example-lumina.com,+1-987-887-1107,Vancouver,North America West,2024-05-15,Standard
6058,Olivia,Williams,olivia.williams6058@example-lumina.com,+1-472-481-7799,Berlin,Europe Central,2023-11-03,Silver
6059,Mason,Wilson,mason.wilson6059@example-lumina.com,+1-433-241-8025,Melbourne,Asia Pacific,2025-12-06,Standard
6060,Mila,Taylor,mila.taylor6060@example-lumina.com,+1-898-470-1487,Sydney,Asia Pacific,2025-07-28,Standard
6061,Elizabeth,Taylor,elizabeth.taylor6061@example-lumina.com,+1-271-186-6542,Amsterdam,Europe Central,2025-07-30,Standard
6062,Emily,Gonzalez,emily.gonzalez6062@example-lumina.com,+1-977-137-3473,Atlanta,North America East,2024-03-29,Standard
6063,Oliver,Perez,oliver.perez6063@example-lumina.com,+1-917-666-5986,Paris,Europe Central,2023-06-09,Gold
6064,Oliver,Taylor,oliver.taylor6064@example-lumina.com,+1-825-250-7618,Sydney,Asia Pacific,2025-11-25,Standard
6065,Elizabeth,Martin,elizabeth.martin6065@example-lumina.com,+1-867-552-6656,Sydney,Asia Pacific,2025-11-19,Standard
6066,Emily,Moore,emily.moore6066@example-lumina.com,+1-542-499-3064,Berlin,Europe Central,2023-09-04,Standard
6067,Isabella,Taylor,isabella.taylor6067@example-lumina.com,+1-548-875-3621,New York,North America East,2025-11-28,Silver
6068,Ethan,Rodriguez,ethan.rodriguez6068@example-lumina.com,+1-447-952-5979,Hong Kong,Asia Pacific,2023-09-22,Silver
6069,Levi,Lopez,levi.lopez6069@example-lumina.com,+1-465-742-9314,London,Europe Central,2023-07-19,Silver
6070,Sophia,Anderson,sophia.anderson6070@example-lumina.com,+1-505-686-1085,Singapore,Asia Pacific,2024-01-28,Gold
6071,Ethan,Jackson,ethan.jackson6071@example-lumina.com,+1-931-742-9737,Los Angeles,North America West,2024-04-02,Standard
6072,Elizabeth,Clark,elizabeth.clark6072@example-lumina.com,+1-932-686-3293,Hong Kong,Asia Pacific,2025-06-25,Standard
6073,Benjamin,Taylor,benjamin.taylor6073@example-lumina.com,+1-796-297-6919,Tokyo,Asia Pacific,2023-10-29,Silver
6074,Levi,Wilson,levi.wilson6074@example-lumina.com,+1-283-194-2018,Sydney,Asia Pacific,2024-09-30,Standard
6075,Michael,Lopez,michael.lopez6075@example-lumina.com,+1-893-638-7598,Singapore,Asia Pacific,2025-01-19,Standard
6076,Charlotte,Anderson,charlotte.anderson6076@example-lumina.com,+1-905-601-7830,Seattle,North America West,2024-10-30,Standard
6077,Logan,Anderson,logan.anderson6077@example-lumina.com,+1-332-821-9408,Boston,North America East,2024-09-09,Standard
6078,Emily,Garcia,emily.garcia6078@example-lumina.com,+1-772-478-2945,Tokyo,Asia Pacific,2023-10-02,Standard
6079,Isabella,Johnson,isabella.johnson6079@example-lumina.com,+1-735-256-2929,Paris,Europe Central,2024-06-18,Standard
6080,Amelia,Smith,amelia.smith6080@example-lumina.com,+1-346-245-7910,Toronto,North America East,2025-11-27,Standard
6081,Olivia,Clark,olivia.clark6081@example-lumina.com,+1-957-600-1034,Atlanta,North America East,2024-05-23,Standard
6082,Emily,Wilson,emily.wilson6082@example-lumina.com,+1-692-686-6074,Singapore,Asia Pacific,2025-08-09,Standard
6083,Levi,White,levi.white6083@example-lumina.com,+1-820-235-3269,Melbourne,Asia Pacific,2025-04-14,Standard
6084,Mila,White,mila.white6084@example-lumina.com,+1-533-191-7711,Sydney,Asia Pacific,2025-12-08,Standard
6085,Harper,Johnson,harper.johnson6085@example-lumina.com,+1-886-553-5544,Boston,North America East,2025-05-25,Standard
6086,Sebastian,Sanchez,sebastian.sanchez6086@example-lumina.com,+1-990-824-6060,Atlanta,North America East,2023-08-27,Standard
6087,Evelyn,Moore,evelyn.moore6087@example-lumina.com,+1-790-875-1866,Vancouver,North America West,2024-10-27,Gold
6088,Sophia,Perez,sophia.perez6088@example-lumina.com,+1-744-284-1310,Berlin,Europe Central,2024-02-07,Gold
6089,Levi,Lewis,levi.lewis6089@example-lumina.com,+1-793-554-2386,Amsterdam,Europe Central,2025-01-24,Standard
6090,Mila,Robinson,mila.robinson6090@example-lumina.com,+1-223-448-8160,Vancouver,North America West,2023-06-25,Gold
6091,Benjamin,Gonzalez,benjamin.gonzalez6091@example-lumina.com,+1-463-193-2878,Atlanta,North America East,2023-11-20,Standard
6092,Olivia,Rodriguez,olivia.rodriguez6092@example-lumina.com,+1-986-191-3526,Amsterdam,Europe Central,2025-04-25,Standard
6093,Evelyn,Hernandez,evelyn.hernandez6093@example-lumina.com,+1-385-127-1958,Amsterdam,Europe Central,2023-09-10,Standard
6094,Charlotte,Lewis,charlotte.lewis6094@example-lumina.com,+1-531-364-7152,New York,North America East,2023-12-25,Standard
6095,Evelyn,Jackson,evelyn.jackson6095@example-lumina.com,+1-442-604-9333,Tokyo,Asia Pacific,2024-03-02,Standard
6096,Henry,Moore,henry.moore6096@example-lumina.com,+1-616-167-8932,Philadelphia,North America East,2025-03-10,Standard
6097,Oliver,Smith,oliver.smith6097@example-lumina.com,+1-475-667-2663,Denver,North America West,2025-03-29,Silver
6098,Isabella,Jackson,isabella.jackson6098@example-lumina.com,+1-616-556-2374,Seattle,North America West,2024-06-17,Standard
6099,Olivia,Sanchez,olivia.sanchez6099@example-lumina.com,+1-451-650-7942,Tokyo,Asia Pacific,2023-06-02,Gold
6100,Levi,Martin,levi.martin6100@example-lumina.com,+1-496-768-3742,New York,North America East,2024-10-06,Standard
6101,William,Clark,william.clark6101@example-lumina.com,+1-896-489-6757,Denver,North America West,2025-10-08,Standard
6102,Emily,Garcia,emily.garcia6102@example-lumina.com,+1-956-646-2145,London,Europe Central,2024-07-09,Silver
6103,Levi,Jones,levi.jones6103@example-lumina.com,+1-942-669-5578,Sydney,Asia Pacific,2025-02-15,Standard
6104,Elizabeth,Hernandez,elizabeth.hernandez6104@example-lumina.com,+1-898-450-5282,Singapore,Asia Pacific,2024-02-07,Silver
6105,Benjamin,Hernandez,benjamin.hernandez6105@example-lumina.com,+1-415-570-6381,Boston,North America East,2025-03-23,Gold
6106,Evelyn,Thomas,evelyn.thomas6106@example-lumina.com,+1-204-109-3843,Hong Kong,Asia Pacific,2025-12-03,Silver
6107,Amelia,Harris,amelia.harris6107@example-lumina.com,+1-602-651-2329,Atlanta,North America East,2023-07-02,Gold
6108,Levi,Perez,levi.perez6108@example-lumina.com,+1-655-788-3022,Amsterdam,Europe Central,2025-09-25,Silver
6109,Lucas,Garcia,lucas.garcia6109@example-lumina.com,+1-986-931-1138,Philadelphia,North America East,2024-06-14,Gold
6110,Henry,Smith,henry.smith6110@example-lumina.com,+1-426-860-1324,Paris,Europe Central,2023-12-14,Standard
6111,Evelyn,Lee,evelyn.lee6111@example-lumina.com,+1-510-927-4623,Vancouver,North America West,2024-06-06,Standard
6112,Amelia,Lewis,amelia.lewis6112@example-lumina.com,+1-920-823-4425,Boston,North America East,2025-09-18,Silver
6113,Sophia,Ramirez,sophia.ramirez6113@example-lumina.com,+1-484-682-9197,Sydney,Asia Pacific,2024-12-17,Standard
6114,Emily,Jackson,emily.jackson6114@example-lumina.com,+1-888-798-3875,Atlanta,North America East,2023-10-10,Silver
6115,Daniel,Rodriguez,daniel.rodriguez6115@example-lumina.com,+1-783-976-4734,Berlin,Europe Central,2025-10-16,Silver
6116,Logan,Perez,logan.perez6116@example-lumina.com,+1-745-729-5143,Tokyo,Asia Pacific,2024-08-11,Silver
6117,Sebastian,Johnson,sebastian.johnson6117@example-lumina.com,+1-530-542-7666,London,Europe Central,2025-04-27,Standard
6118,Amelia,Lopez,amelia.lopez6118@example-lumina.com,+1-729-877-1712,San Francisco,North America West,2024-03-11,Gold
6119,Harper,Anderson,harper.anderson6119@example-lumina.com,+1-523-105-7420,Los Angeles,North America West,2023-08-23,Gold
6120,Elizabeth,Smith,elizabeth.smith6120@example-lumina.com,+1-955-331-7943,Boston,North America East,2023-12-19,Standard
6121,Isabella,Williams,isabella.williams6121@example-lumina.com,+1-841-740-2584,Philadelphia,North America East,2024-08-16,Gold
6122,Ethan,Sanchez,ethan.sanchez6122@example-lumina.com,+1-841-442-5102,San Francisco,North America West,2024-09-27,Standard
6123,Benjamin,Clark,benjamin.clark6123@example-lumina.com,+1-255-941-6465,San Francisco,North America West,2025-08-03,Silver
6124,Henry,Harris,henry.harris6124@example-lumina.com,+1-297-740-8314,New York,North America East,2023-08-02,Gold
6125,Lucas,Hernandez,lucas.hernandez6125@example-lumina.com,+1-910-166-3089,Philadelphia,North America East,2023-07-27,Standard
6126,Sebastian,Wilson,sebastian.wilson6126@example-lumina.com,+1-267-204-1914,Toronto,North America East,2025-10-18,Standard
6127,Sophia,Martin,sophia.martin6127@example-lumina.com,+1-970-520-4819,Philadelphia,North America East,2024-06-28,Standard
6128,Charlotte,Lewis,charlotte.lewis6128@example-lumina.com,+1-835-734-2659,London,Europe Central,2024-09-07,Standard
6129,Ethan,Miller,ethan.miller6129@example-lumina.com,+1-310-205-1201,Atlanta,North America East,2025-08-17,Gold
6130,Oliver,Jackson,oliver.jackson6130@example-lumina.com,+1-329-752-9337,Paris,Europe Central,2024-08-05,Standard
6131,Evelyn,Anderson,evelyn.anderson6131@example-lumina.com,+1-390-348-3255,New York,North America East,2023-10-09,Standard
6132,Charlotte,Taylor,charlotte.taylor6132@example-lumina.com,+1-867-872-6861,Zurich,Europe Central,2025-11-23,Standard
6133,Daniel,Jones,daniel.jones6133@example-lumina.com,+1-680-416-6618,Paris,Europe Central,2023-06-09,Standard
6134,Abigail,Perez,abigail.perez6134@example-lumina.com,+1-348-158-4889,Philadelphia,North America East,2024-05-18,Standard
6135,James,Lee,james.lee6135@example-lumina.com,+1-406-904-2120,Berlin,Europe Central,2025-04-14,Standard
6136,Logan,Anderson,logan.anderson6136@example-lumina.com,+1-814-809-6425,Zurich,Europe Central,2024-04-02,Standard
6137,Olivia,Brown,olivia.brown6137@example-lumina.com,+1-665-997-1691,Sydney,Asia Pacific,2023-06-04,Silver
6138,Logan,Davis,logan.davis6138@example-lumina.com,+1-677-738-4492,Vancouver,North America West,2025-06-22,Silver
6139,Levi,Hernandez,levi.hernandez6139@example-lumina.com,+1-957-484-4363,Sydney,Asia Pacific,2025-09-23,VIP
6140,Mia,Smith,mia.smith6140@example-lumina.com,+1-275-466-1491,Boston,North America East,2024-03-24,Standard
6141,Sebastian,Jackson,sebastian.jackson6141@example-lumina.com,+1-983-468-1719,Boston,North America East,2023-12-20,Standard
6142,Ava,Lewis,ava.lewis6142@example-lumina.com,+1-468-836-3855,Zurich,Europe Central,2024-02-07,Standard
6143,Alexander,Garcia,alexander.garcia6143@example-lumina.com,+1-468-203-1343,Vancouver,North America West,2025-04-01,Silver
6144,Sophia,Hernandez,sophia.hernandez6144@example-lumina.com,+1-415-412-8474,Los Angeles,North America West,2025-09-06,Standard
6145,Olivia,Taylor,olivia.taylor6145@example-lumina.com,+1-838-544-2071,Boston,North America East,2025-11-20,Gold
6146,Elizabeth,Miller,elizabeth.miller6146@example-lumina.com,+1-396-645-7196,Paris,Europe Central,2025-02-03,Standard
6147,Sebastian,Davis,sebastian.davis6147@example-lumina.com,+1-247-881-4098,Berlin,Europe Central,2024-05-01,Standard
6148,Sebastian,Sanchez,sebastian.sanchez6148@example-lumina.com,+1-486-993-3071,Sydney,Asia Pacific,2025-06-14,Standard
6149,Amelia,Sanchez,amelia.sanchez6149@example-lumina.com,+1-879-729-2062,Denver,North America West,2024-07-02,Silver
6150,Sebastian,Harris,sebastian.harris6150@example-lumina.com,+1-721-483-9168,Sydney,Asia Pacific,2024-04-25,Silver
6151,Mason,Thompson,mason.thompson6151@example-lumina.com,+1-694-832-9106,Singapore,Asia Pacific,2025-01-16,Standard
6152,Ella,Sanchez,ella.sanchez6152@example-lumina.com,+1-797-765-1599,Seattle,North America West,2025-12-03,Standard
6153,Mila,Davis,mila.davis6153@example-lumina.com,+1-605-323-6013,Melbourne,Asia Pacific,2025-01-06,Standard
6154,Levi,Lopez,levi.lopez6154@example-lumina.com,+1-460-663-2388,San Francisco,North America West,2024-03-29,Standard
6155,Mia,Davis,mia.davis6155@example-lumina.com,+1-797-142-8622,Amsterdam,Europe Central,2024-09-04,Standard
6156,Charlotte,Lopez,charlotte.lopez6156@example-lumina.com,+1-709-424-5473,Tokyo,Asia Pacific,2023-12-01,Standard
6157,William,Lee,william.lee6157@example-lumina.com,+1-277-467-2350,Zurich,Europe Central,2024-11-07,Standard
6158,Michael,Sanchez,michael.sanchez6158@example-lumina.com,+1-483-333-2612,New York,North America East,2024-06-03,Standard
6159,James,Hernandez,james.hernandez6159@example-lumina.com,+1-401-791-6394,Paris,Europe Central,2025-07-03,Gold
6160,Abigail,Ramirez,abigail.ramirez6160@example-lumina.com,+1-481-295-3258,London,Europe Central,2025-07-28,Standard
6161,Levi,Lopez,levi.lopez6161@example-lumina.com,+1-613-515-1194,Hong Kong,Asia Pacific,2025-07-19,VIP
6162,Mila,Gonzalez,mila.gonzalez6162@example-lumina.com,+1-433-332-4438,Sydney,Asia Pacific,2024-11-10,Silver
6163,Harper,Harris,harper.harris6163@example-lumina.com,+1-679-839-8559,London,Europe Central,2024-04-16,Gold
6164,Charlotte,Harris,charlotte.harris6164@example-lumina.com,+1-914-527-4433,Melbourne,Asia Pacific,2025-10-21,Silver
6165,Mia,Jones,mia.jones6165@example-lumina.com,+1-791-994-3102,London,Europe Central,2024-10-24,Gold
6166,Levi,Lopez,levi.lopez6166@example-lumina.com,+1-547-330-7867,Melbourne,Asia Pacific,2025-07-21,Silver
6167,Harper,Martinez,harper.martinez6167@example-lumina.com,+1-533-701-1380,Boston,North America East,2023-11-05,VIP
6168,Benjamin,Jackson,benjamin.jackson6168@example-lumina.com,+1-844-918-7404,Sydney,Asia Pacific,2024-07-05,Standard
6169,Lucas,Miller,lucas.miller6169@example-lumina.com,+1-686-211-6387,Singapore,Asia Pacific,2023-09-04,Standard
6170,Abigail,Moore,abigail.moore6170@example-lumina.com,+1-381-132-9005,Boston,North America East,2023-12-21,Standard
6171,Lucas,Martinez,lucas.martinez6171@example-lumina.com,+1-410-338-5769,Philadelphia,North America East,2023-07-29,Standard
6172,Alexander,Garcia,alexander.garcia6172@example-lumina.com,+1-534-980-7731,Sydney,Asia Pacific,2023-09-22,Standard
6173,Charlotte,Thomas,charlotte.thomas6173@example-lumina.com,+1-960-170-7373,Seattle,North America West,2025-11-08,Standard
6174,Charlotte,Clark,charlotte.clark6174@example-lumina.com,+1-926-780-8778,Denver,North America West,2025-01-09,Gold
6175,Ethan,Miller,ethan.miller6175@example-lumina.com,+1-714-833-8519,Berlin,Europe Central,2023-06-08,VIP
6176,Henry,Williams,henry.williams6176@example-lumina.com,+1-608-719-5044,Zurich,Europe Central,2025-11-17,Standard
6177,Henry,Jackson,henry.jackson6177@example-lumina.com,+1-240-854-2492,Amsterdam,Europe Central,2024-05-21,Silver
6178,Logan,Sanchez,logan.sanchez6178@example-lumina.com,+1-504-500-3869,Sydney,Asia Pacific,2023-12-01,Gold
6179,Emily,Wilson,emily.wilson6179@example-lumina.com,+1-668-493-4005,Philadelphia,North America East,2025-05-16,Gold
6180,Ava,Lewis,ava.lewis6180@example-lumina.com,+1-361-380-9810,London,Europe Central,2025-05-15,Silver
6181,Oliver,Miller,oliver.miller6181@example-lumina.com,+1-705-521-2986,London,Europe Central,2025-07-13,Standard
6182,Jackson,Harris,jackson.harris6182@example-lumina.com,+1-533-519-8388,Los Angeles,North America West,2023-12-30,Standard
6183,Henry,Smith,henry.smith6183@example-lumina.com,+1-274-754-8567,Singapore,Asia Pacific,2025-07-03,Standard
6184,James,Gonzalez,james.gonzalez6184@example-lumina.com,+1-238-110-5105,Boston,North America East,2024-04-30,Silver
6185,Henry,Thomas,henry.thomas6185@example-lumina.com,+1-672-169-2352,Vancouver,North America West,2023-10-22,Standard
6186,William,Clark,william.clark6186@example-lumina.com,+1-365-274-1295,Boston,North America East,2024-03-28,Standard
6187,Emily,Gonzalez,emily.gonzalez6187@example-lumina.com,+1-372-179-1183,Berlin,Europe Central,2024-08-25,Standard
6188,James,Thompson,james.thompson6188@example-lumina.com,+1-235-791-9721,Vancouver,North America West,2025-05-14,Standard
6189,Sebastian,Sanchez,sebastian.sanchez6189@example-lumina.com,+1-735-756-2684,Singapore,Asia Pacific,2024-08-28,Standard
6190,Alexander,Johnson,alexander.johnson6190@example-lumina.com,+1-990-486-4305,Los Angeles,North America West,2024-01-31,Standard
6191,Alexander,Wilson,alexander.wilson6191@example-lumina.com,+1-228-114-6523,San Francisco,North America West,2024-01-12,VIP
6192,Sophia,Sanchez,sophia.sanchez6192@example-lumina.com,+1-880-271-3736,Philadelphia,North America East,2024-11-06,Standard
6193,Benjamin,Hernandez,benjamin.hernandez6193@example-lumina.com,+1-775-741-4105,Denver,North America West,2024-07-09,Gold
6194,Sophia,Davis,sophia.davis6194@example-lumina.com,+1-418-208-6842,Berlin,Europe Central,2023-06-16,Standard
6195,Benjamin,Smith,benjamin.smith6195@example-lumina.com,+1-598-317-8516,San Francisco,North America West,2025-04-04,Gold
6196,Sebastian,Martin,sebastian.martin6196@example-lumina.com,+1-577-144-2103,Vancouver,North America West,2024-04-04,Silver
6197,Amelia,Brown,amelia.brown6197@example-lumina.com,+1-929-649-3809,London,Europe Central,2025-02-04,Standard
6198,Sebastian,Thompson,sebastian.thompson6198@example-lumina.com,+1-597-794-3177,Berlin,Europe Central,2025-03-12,Silver
6199,Logan,Hernandez,logan.hernandez6199@example-lumina.com,+1-882-593-2106,London,Europe Central,2025-02-13,Gold
6200,Henry,Gonzalez,henry.gonzalez6200@example-lumina.com,+1-723-755-4808,Boston,North America East,2023-06-22,Silver
6201,Oliver,Brown,oliver.brown6201@example-lumina.com,+1-516-342-8020,Denver,North America West,2023-08-21,Standard
6202,Mia,Thomas,mia.thomas6202@example-lumina.com,+1-503-306-3484,Sydney,Asia Pacific,2025-03-19,Standard
6203,Ella,White,ella.white6203@example-lumina.com,+1-812-554-6385,Los Angeles,North America West,2024-04-21,Silver
6204,Jackson,Johnson,jackson.johnson6204@example-lumina.com,+1-733-910-7797,London,Europe Central,2024-01-21,Gold
6205,Benjamin,Hernandez,benjamin.hernandez6205@example-lumina.com,+1-448-310-9836,Boston,North America East,2025-08-29,Silver
6206,Emily,Davis,emily.davis6206@example-lumina.com,+1-822-993-7250,Berlin,Europe Central,2024-08-26,Silver
6207,Michael,Ramirez,michael.ramirez6207@example-lumina.com,+1-703-171-4153,Boston,North America East,2023-12-27,Standard
6208,Olivia,Jackson,olivia.jackson6208@example-lumina.com,+1-762-951-4348,Denver,North America West,2023-08-20,Standard
6209,Henry,Martinez,henry.martinez6209@example-lumina.com,+1-368-838-4236,Vancouver,North America West,2023-11-28,Silver
6210,Isabella,Martinez,isabella.martinez6210@example-lumina.com,+1-790-559-4299,Amsterdam,Europe Central,2023-08-21,VIP
6211,Mia,Gonzalez,mia.gonzalez6211@example-lumina.com,+1-586-271-8712,Melbourne,Asia Pacific,2024-10-30,Silver
6212,Charlotte,Harris,charlotte.harris6212@example-lumina.com,+1-359-939-8897,Philadelphia,North America East,2024-08-11,Gold
6213,Jackson,Robinson,jackson.robinson6213@example-lumina.com,+1-507-709-9801,Denver,North America West,2025-06-14,Standard
6214,Lucas,Anderson,lucas.anderson6214@example-lumina.com,+1-513-564-5640,Hong Kong,Asia Pacific,2025-02-10,Standard
6215,Benjamin,Jones,benjamin.jones6215@example-lumina.com,+1-932-580-4206,Seattle,North America West,2023-06-05,Standard
6216,Mason,White,mason.white6216@example-lumina.com,+1-942-483-9051,Melbourne,Asia Pacific,2024-07-09,VIP
6217,Mia,Gonzalez,mia.gonzalez6217@example-lumina.com,+1-701-415-2167,Tokyo,Asia Pacific,2023-10-06,Standard
6218,Ethan,Garcia,ethan.garcia6218@example-lumina.com,+1-398-881-8148,Paris,Europe Central,2024-11-03,Silver
6219,Sebastian,Thompson,sebastian.thompson6219@example-lumina.com,+1-577-813-1945,Melbourne,Asia Pacific,2025-06-23,Standard
6220,Amelia,Johnson,amelia.johnson6220@example-lumina.com,+1-570-746-1462,Los Angeles,North America West,2025-02-09,Standard
6221,Abigail,Jones,abigail.jones6221@example-lumina.com,+1-460-353-3644,New York,North America East,2025-07-29,Standard
6222,Logan,Robinson,logan.robinson6222@example-lumina.com,+1-593-507-2316,Vancouver,North America West,2023-11-17,Gold
6223,William,Thompson,william.thompson6223@example-lumina.com,+1-509-612-9735,Hong Kong,Asia Pacific,2024-04-11,Silver
6224,Jackson,Lewis,jackson.lewis6224@example-lumina.com,+1-945-990-2456,Atlanta,North America East,2025-08-04,Silver
6225,Levi,Jones,levi.jones6225@example-lumina.com,+1-475-866-4432,Singapore,Asia Pacific,2023-06-07,VIP
6226,Levi,Thomas,levi.thomas6226@example-lumina.com,+1-201-199-2144,Hong Kong,Asia Pacific,2024-07-31,Silver
6227,Emily,Wilson,emily.wilson6227@example-lumina.com,+1-374-280-7138,Seattle,North America West,2023-12-20,Standard
6228,Mason,Brown,mason.brown6228@example-lumina.com,+1-661-680-4482,Seattle,North America West,2023-07-31,Silver
6229,Elizabeth,Harris,elizabeth.harris6229@example-lumina.com,+1-396-365-7697,Hong Kong,Asia Pacific,2023-09-20,Gold
6230,Olivia,Williams,olivia.williams6230@example-lumina.com,+1-500-187-7188,Toronto,North America East,2023-08-05,Standard
6231,Ethan,Davis,ethan.davis6231@example-lumina.com,+1-689-596-2651,New York,North America East,2024-02-28,Silver
6232,Alexander,Perez,alexander.perez6232@example-lumina.com,+1-796-908-1685,Boston,North America East,2024-11-16,Silver
6233,Lucas,Martin,lucas.martin6233@example-lumina.com,+1-732-879-5355,Melbourne,Asia Pacific,2025-07-15,Standard
6234,Charlotte,Hernandez,charlotte.hernandez6234@example-lumina.com,+1-579-798-6620,Berlin,Europe Central,2024-06-04,Silver
6235,Lucas,Martin,lucas.martin6235@example-lumina.com,+1-258-464-6410,New York,North America East,2024-09-10,Gold
6236,Lucas,White,lucas.white6236@example-lumina.com,+1-342-126-3013,Berlin,Europe Central,2024-06-12,Standard
6237,Abigail,Perez,abigail.perez6237@example-lumina.com,+1-686-627-7768,San Francisco,North America West,2025-03-15,VIP
6238,Levi,Hernandez,levi.hernandez6238@example-lumina.com,+1-217-748-6901,Toronto,North America East,2025-04-25,Standard
6239,Evelyn,Thomas,evelyn.thomas6239@example-lumina.com,+1-609-856-2333,Amsterdam,Europe Central,2024-09-30,VIP
6240,Mila,Thompson,mila.thompson6240@example-lumina.com,+1-302-851-7305,Zurich,Europe Central,2023-12-17,Silver
6241,Mila,Taylor,mila.taylor6241@example-lumina.com,+1-785-903-9267,Boston,North America East,2024-10-22,Silver
6242,Isabella,Clark,isabella.clark6242@example-lumina.com,+1-889-661-8648,Vancouver,North America West,2023-09-27,Standard
6243,Harper,Davis,harper.davis6243@example-lumina.com,+1-449-316-3792,New York,North America East,2024-08-19,VIP
6244,Alexander,Garcia,alexander.garcia6244@example-lumina.com,+1-534-492-5593,Los Angeles,North America West,2025-04-12,Standard
6245,Oliver,Perez,oliver.perez6245@example-lumina.com,+1-326-781-3224,Tokyo,Asia Pacific,2025-08-23,Silver
6246,Mila,Davis,mila.davis6246@example-lumina.com,+1-789-884-2059,Amsterdam,Europe Central,2025-06-04,Silver
6247,Emily,Gonzalez,emily.gonzalez6247@example-lumina.com,+1-869-757-8159,Seattle,North America West,2024-02-21,Standard
6248,Michael,Brown,michael.brown6248@example-lumina.com,+1-291-448-4082,Atlanta,North America East,2024-06-11,Standard
6249,Benjamin,Gonzalez,benjamin.gonzalez6249@example-lumina.com,+1-790-854-1027,London,Europe Central,2025-01-25,Standard
6250,Mila,Gonzalez,mila.gonzalez6250@example-lumina.com,+1-633-427-6980,Denver,North America West,2025-04-10,Silver
6251,Ava,Brown,ava.brown6251@example-lumina.com,+1-604-109-9819,Singapore,Asia Pacific,2023-10-27,Gold
6252,Isabella,Clark,isabella.clark6252@example-lumina.com,+1-424-611-8467,Denver,North America West,2024-03-17,Standard
6253,Abigail,Ramirez,abigail.ramirez6253@example-lumina.com,+1-919-135-6245,Zurich,Europe Central,2025-05-06,Standard
6254,Mila,Thompson,mila.thompson6254@example-lumina.com,+1-787-589-4534,Singapore,Asia Pacific,2025-05-22,VIP
6255,Emily,Sanchez,emily.sanchez6255@example-lumina.com,+1-541-256-4450,San Francisco,North America West,2025-11-03,Silver
6256,Mila,Thomas,mila.thomas6256@example-lumina.com,+1-944-501-5900,San Francisco,North America West,2024-12-13,Standard
6257,Charlotte,Perez,charlotte.perez6257@example-lumina.com,+1-684-456-7412,Tokyo,Asia Pacific,2024-11-22,Silver
6258,Isabella,Thompson,isabella.thompson6258@example-lumina.com,+1-399-817-9978,Tokyo,Asia Pacific,2023-10-13,Standard
6259,Elizabeth,Jackson,elizabeth.jackson6259@example-lumina.com,+1-255-970-5981,Sydney,Asia Pacific,2025-01-12,Standard
6260,Logan,Thomas,logan.thomas6260@example-lumina.com,+1-498-248-4436,Seattle,North America West,2025-06-22,Silver
6261,Mia,White,mia.white6261@example-lumina.com,+1-789-204-3418,Melbourne,Asia Pacific,2025-04-26,Gold
6262,Ella,Johnson,ella.johnson6262@example-lumina.com,+1-298-464-8763,San Francisco,North America West,2023-09-29,VIP
6263,Sebastian,Hernandez,sebastian.hernandez6263@example-lumina.com,+1-807-544-3434,Sydney,Asia Pacific,2023-07-05,Standard
6264,Lucas,Thomas,lucas.thomas6264@example-lumina.com,+1-509-804-3826,Tokyo,Asia Pacific,2025-08-05,Standard
6265,Levi,Lee,levi.lee6265@example-lumina.com,+1-591-381-8292,London,Europe Central,2023-10-01,Standard
6266,Sophia,Thomas,sophia.thomas6266@example-lumina.com,+1-856-784-9351,San Francisco,North America West,2025-01-21,Silver
6267,Ethan,Thomas,ethan.thomas6267@example-lumina.com,+1-480-810-2549,Vancouver,North America West,2024-10-08,VIP
6268,Logan,Wilson,logan.wilson6268@example-lumina.com,+1-505-685-3051,Toronto,North America East,2023-08-05,Silver
6269,Mila,Sanchez,mila.sanchez6269@example-lumina.com,+1-750-289-7640,Philadelphia,North America East,2024-12-21,Gold
6270,Elizabeth,Sanchez,elizabeth.sanchez6270@example-lumina.com,+1-742-600-2047,Boston,North America East,2025-04-05,Gold
6271,Olivia,Ramirez,olivia.ramirez6271@example-lumina.com,+1-813-811-3948,Atlanta,North America East,2024-08-31,Gold
6272,Sophia,Johnson,sophia.johnson6272@example-lumina.com,+1-331-688-4378,San Francisco,North America West,2024-12-27,Standard
6273,Jackson,Johnson,jackson.johnson6273@example-lumina.com,+1-286-227-9292,Paris,Europe Central,2024-12-09,Standard
6274,Abigail,Smith,abigail.smith6274@example-lumina.com,+1-454-407-1756,Zurich,Europe Central,2024-08-29,Standard
6275,Amelia,Thompson,amelia.thompson6275@example-lumina.com,+1-520-635-6769,San Francisco,North America West,2025-04-09,Gold
6276,Ava,Johnson,ava.johnson6276@example-lumina.com,+1-392-245-5910,Seattle,North America West,2025-02-06,Silver
6277,Ethan,Lopez,ethan.lopez6277@example-lumina.com,+1-484-231-7914,Atlanta,North America East,2024-02-17,Standard
6278,Sebastian,Lewis,sebastian.lewis6278@example-lumina.com,+1-367-509-8472,Toronto,North America East,2025-04-23,Standard
6279,Logan,Jones,logan.jones6279@example-lumina.com,+1-748-308-2156,Berlin,Europe Central,2025-06-01,Standard
6280,Abigail,Lee,abigail.lee6280@example-lumina.com,+1-723-719-3687,Sydney,Asia Pacific,2024-04-19,VIP
6281,Charlotte,Gonzalez,charlotte.gonzalez6281@example-lumina.com,+1-226-718-5055,Toronto,North America East,2023-10-06,Standard
6282,Abigail,Moore,abigail.moore6282@example-lumina.com,+1-616-167-6396,Toronto,North America East,2024-05-07,Silver
6283,Daniel,Ramirez,daniel.ramirez6283@example-lumina.com,+1-431-380-1161,Philadelphia,North America East,2024-01-14,Standard
6284,Sophia,Sanchez,sophia.sanchez6284@example-lumina.com,+1-326-279-9625,Zurich,Europe Central,2025-09-19,Gold
6285,Sophia,Taylor,sophia.taylor6285@example-lumina.com,+1-557-817-5620,Zurich,Europe Central,2023-09-10,Gold
6286,Olivia,Hernandez,olivia.hernandez6286@example-lumina.com,+1-969-498-3960,Zurich,Europe Central,2024-12-16,Silver
6287,Mila,Gonzalez,mila.gonzalez6287@example-lumina.com,+1-688-706-3090,London,Europe Central,2025-05-04,Standard
6288,Daniel,Perez,daniel.perez6288@example-lumina.com,+1-329-246-7206,London,Europe Central,2025-06-12,Silver
6289,Mia,Thompson,mia.thompson6289@example-lumina.com,+1-996-355-7852,Sydney,Asia Pacific,2024-08-23,VIP
6290,Elizabeth,Anderson,elizabeth.anderson6290@example-lumina.com,+1-714-393-5519,Hong Kong,Asia Pacific,2025-06-05,Gold
6291,Levi,Davis,levi.davis6291@example-lumina.com,+1-512-750-2424,Amsterdam,Europe Central,2025-07-29,Standard
6292,Michael,Lee,michael.lee6292@example-lumina.com,+1-281-178-4932,Boston,North America East,2025-01-10,Standard
6293,Emily,Martinez,emily.martinez6293@example-lumina.com,+1-767-604-1175,Hong Kong,Asia Pacific,2025-06-18,Standard
6294,Amelia,Taylor,amelia.taylor6294@example-lumina.com,+1-901-793-9722,Philadelphia,North America East,2023-06-15,Silver
6295,Ella,Clark,ella.clark6295@example-lumina.com,+1-963-107-7962,Berlin,Europe Central,2025-06-26,Silver
6296,Ella,Clark,ella.clark6296@example-lumina.com,+1-740-800-1693,Sydney,Asia Pacific,2025-04-21,Gold
6297,Jackson,Taylor,jackson.taylor6297@example-lumina.com,+1-430-279-2230,Berlin,Europe Central,2024-11-08,Standard
6298,Emily,Wilson,emily.wilson6298@example-lumina.com,+1-707-488-3793,London,Europe Central,2024-05-12,Gold
6299,Ava,Clark,ava.clark6299@example-lumina.com,+1-752-971-2931,Paris,Europe Central,2024-10-07,Standard
6300,James,Smith,james.smith6300@example-lumina.com,+1-955-746-7449,Los Angeles,North America West,2025-03-20,Standard
6301,Oliver,Johnson,oliver.johnson6301@example-lumina.com,+1-674-732-8999,Toronto,North America East,2023-06-07,Silver
6302,Benjamin,Martinez,benjamin.martinez6302@example-lumina.com,+1-562-209-1084,Berlin,Europe Central,2024-07-16,Standard
6303,Sophia,Wilson,sophia.wilson6303@example-lumina.com,+1-703-302-2388,Vancouver,North America West,2023-10-05,Gold
6304,Alexander,Jones,alexander.jones6304@example-lumina.com,+1-987-772-5098,Vancouver,North America West,2024-07-09,Standard
6305,Mia,Wilson,mia.wilson6305@example-lumina.com,+1-386-649-5415,Philadelphia,North America East,2025-04-03,Gold
6306,Olivia,Jones,olivia.jones6306@example-lumina.com,+1-562-865-8110,Toronto,North America East,2025-11-21,Gold
6307,James,Brown,james.brown6307@example-lumina.com,+1-394-391-1659,Vancouver,North America West,2024-08-05,Silver
6308,Oliver,Johnson,oliver.johnson6308@example-lumina.com,+1-364-782-4260,Singapore,Asia Pacific,2023-09-30,Standard
6309,Harper,Thomas,harper.thomas6309@example-lumina.com,+1-898-831-3087,Amsterdam,Europe Central,2024-10-26,Silver
6310,Emily,Clark,emily.clark6310@example-lumina.com,+1-598-234-2797,New York,North America East,2023-10-08,Standard
6311,Mason,Smith,mason.smith6311@example-lumina.com,+1-985-800-4874,Toronto,North America East,2024-08-13,VIP
6312,Emily,Smith,emily.smith6312@example-lumina.com,+1-644-591-5742,Amsterdam,Europe Central,2023-08-24,Silver
6313,Ava,Martin,ava.martin6313@example-lumina.com,+1-356-846-9376,Seattle,North America West,2024-03-14,Silver
6314,Mila,Rodriguez,mila.rodriguez6314@example-lumina.com,+1-917-353-8031,Vancouver,North America West,2025-05-24,Silver
6315,Sophia,Thompson,sophia.thompson6315@example-lumina.com,+1-947-614-3968,Denver,North America West,2025-03-06,Silver
6316,Ava,Brown,ava.brown6316@example-lumina.com,+1-335-510-1628,Berlin,Europe Central,2023-10-28,Standard
6317,Evelyn,Miller,evelyn.miller6317@example-lumina.com,+1-293-985-1834,Melbourne,Asia Pacific,2024-11-19,Standard
6318,Sebastian,Davis,sebastian.davis6318@example-lumina.com,+1-427-444-7980,Tokyo,Asia Pacific,2024-11-04,Standard
6319,Emily,Martinez,emily.martinez6319@example-lumina.com,+1-312-375-6956,Paris,Europe Central,2025-05-29,Standard
6320,Benjamin,Lewis,benjamin.lewis6320@example-lumina.com,+1-248-286-1669,New York,North America East,2025-04-07,Silver
6321,James,Martinez,james.martinez6321@example-lumina.com,+1-683-386-2650,Sydney,Asia Pacific,2024-02-14,Gold
6322,Mia,Hernandez,mia.hernandez6322@example-lumina.com,+1-511-214-2587,Atlanta,North America East,2025-07-28,Gold
6323,Benjamin,Lopez,benjamin.lopez6323@example-lumina.com,+1-959-929-6920,Berlin,Europe Central,2025-03-27,Standard
6324,Ethan,Gonzalez,ethan.gonzalez6324@example-lumina.com,+1-289-208-3137,New York,North America East,2025-01-21,VIP
6325,Oliver,Lee,oliver.lee6325@example-lumina.com,+1-395-297-8303,New York,North America East,2024-12-11,Silver
6326,Isabella,White,isabella.white6326@example-lumina.com,+1-685-879-4309,San Francisco,North America West,2023-10-09,Standard
6327,Harper,Thompson,harper.thompson6327@example-lumina.com,+1-458-998-6690,Amsterdam,Europe Central,2025-03-06,Silver
6328,Ella,Wilson,ella.wilson6328@example-lumina.com,+1-269-594-7864,Boston,North America East,2025-02-03,Standard
6329,Daniel,Martinez,daniel.martinez6329@example-lumina.com,+1-246-679-1996,Vancouver,North America West,2024-10-19,Silver
6330,Mila,Taylor,mila.taylor6330@example-lumina.com,+1-276-269-8172,Hong Kong,Asia Pacific,2025-08-07,Standard
6331,Evelyn,Rodriguez,evelyn.rodriguez6331@example-lumina.com,+1-411-288-1058,Denver,North America West,2024-01-10,Silver
6332,Alexander,Lewis,alexander.lewis6332@example-lumina.com,+1-725-566-9254,Paris,Europe Central,2025-10-20,Standard
6333,Logan,Rodriguez,logan.rodriguez6333@example-lumina.com,+1-765-221-3803,San Francisco,North America West,2024-11-28,Standard
6334,Emily,Lee,emily.lee6334@example-lumina.com,+1-351-384-3178,London,Europe Central,2025-03-19,VIP
6335,Levi,Miller,levi.miller6335@example-lumina.com,+1-747-218-1022,Zurich,Europe Central,2024-06-12,Standard
6336,Logan,Lewis,logan.lewis6336@example-lumina.com,+1-762-370-3189,Hong Kong,Asia Pacific,2024-03-28,Standard
6337,Emily,Lee,emily.lee6337@example-lumina.com,+1-210-943-6824,Los Angeles,North America West,2023-11-28,Standard
6338,Alexander,Moore,alexander.moore6338@example-lumina.com,+1-873-988-2743,Singapore,Asia Pacific,2025-11-07,Silver
6339,Evelyn,Moore,evelyn.moore6339@example-lumina.com,+1-411-936-8244,Los Angeles,North America West,2024-03-02,Standard
6340,Sebastian,Sanchez,sebastian.sanchez6340@example-lumina.com,+1-970-504-3550,Sydney,Asia Pacific,2025-06-17,Silver
6341,Mia,Jones,mia.jones6341@example-lumina.com,+1-690-195-9125,Vancouver,North America West,2023-12-07,Gold
6342,Olivia,Miller,olivia.miller6342@example-lumina.com,+1-783-602-3955,London,Europe Central,2024-04-13,Standard
6343,Olivia,Clark,olivia.clark6343@example-lumina.com,+1-603-803-4077,Boston,North America East,2023-08-13,Standard
6344,Henry,Robinson,henry.robinson6344@example-lumina.com,+1-860-512-2642,San Francisco,North America West,2025-02-07,Standard
6345,Lucas,Smith,lucas.smith6345@example-lumina.com,+1-312-946-1222,Boston,North America East,2024-02-10,Silver
6346,William,Jones,william.jones6346@example-lumina.com,+1-842-714-1221,New York,North America East,2024-12-07,Silver
6347,Benjamin,Ramirez,benjamin.ramirez6347@example-lumina.com,+1-924-187-4314,Vancouver,North America West,2025-07-17,Silver
6348,Henry,Clark,henry.clark6348@example-lumina.com,+1-367-414-6435,Sydney,Asia Pacific,2024-02-05,Standard
6349,Logan,Rodriguez,logan.rodriguez6349@example-lumina.com,+1-842-656-3016,New York,North America East,2023-09-14,Standard
6350,Sophia,Taylor,sophia.taylor6350@example-lumina.com,+1-625-245-1019,San Francisco,North America West,2024-01-19,Standard
6351,Daniel,Lopez,daniel.lopez6351@example-lumina.com,+1-871-393-4700,Tokyo,Asia Pacific,2024-10-16,Standard
6352,Sophia,Davis,sophia.davis6352@example-lumina.com,+1-304-388-6854,Atlanta,North America East,2024-05-07,Standard
6353,Ella,Robinson,ella.robinson6353@example-lumina.com,+1-286-144-3475,Vancouver,North America West,2024-11-25,Standard
6354,Olivia,Perez,olivia.perez6354@example-lumina.com,+1-635-253-5940,Paris,Europe Central,2025-11-13,Standard
6355,Ella,Thomas,ella.thomas6355@example-lumina.com,+1-877-477-5348,New York,North America East,2025-10-30,Gold
6356,Daniel,Harris,daniel.harris6356@example-lumina.com,+1-871-250-6247,Vancouver,North America West,2024-08-31,Silver
6357,Elizabeth,Thomas,elizabeth.thomas6357@example-lumina.com,+1-268-215-8003,Berlin,Europe Central,2023-09-01,Standard
6358,Daniel,Garcia,daniel.garcia6358@example-lumina.com,+1-985-494-6777,Amsterdam,Europe Central,2024-08-08,Standard
6359,Charlotte,Martin,charlotte.martin6359@example-lumina.com,+1-851-441-3264,Vancouver,North America West,2024-08-02,Standard
6360,Harper,Moore,harper.moore6360@example-lumina.com,+1-704-645-9785,Vancouver,North America West,2023-08-25,Silver
6361,Charlotte,Taylor,charlotte.taylor6361@example-lumina.com,+1-791-895-4593,Boston,North America East,2024-06-05,Standard
6362,Mila,Smith,mila.smith6362@example-lumina.com,+1-571-671-8764,San Francisco,North America West,2023-08-01,Gold
6363,Mia,Ramirez,mia.ramirez6363@example-lumina.com,+1-997-938-3283,Amsterdam,Europe Central,2023-10-26,Gold
6364,Harper,Robinson,harper.robinson6364@example-lumina.com,+1-631-348-4452,San Francisco,North America West,2025-07-04,Standard
6365,Logan,Thompson,logan.thompson6365@example-lumina.com,+1-346-486-1431,Singapore,Asia Pacific,2023-07-26,Silver
6366,Abigail,Jackson,abigail.jackson6366@example-lumina.com,+1-275-588-3591,Boston,North America East,2024-06-09,Standard
6367,Ava,Williams,ava.williams6367@example-lumina.com,+1-212-682-7823,Seattle,North America West,2024-09-24,Silver
6368,Emily,Taylor,emily.taylor6368@example-lumina.com,+1-915-406-8703,Singapore,Asia Pacific,2024-08-28,Silver
6369,Logan,Smith,logan.smith6369@example-lumina.com,+1-493-213-3554,New York,North America East,2025-02-08,Silver
6370,Mason,Garcia,mason.garcia6370@example-lumina.com,+1-211-505-7940,Hong Kong,Asia Pacific,2025-05-29,Gold
6371,Ella,Jackson,ella.jackson6371@example-lumina.com,+1-713-413-4724,Sydney,Asia Pacific,2024-03-05,VIP
6372,Mason,Gonzalez,mason.gonzalez6372@example-lumina.com,+1-328-860-4471,Hong Kong,Asia Pacific,2023-07-28,Standard
6373,Olivia,Clark,olivia.clark6373@example-lumina.com,+1-963-672-2264,Melbourne,Asia Pacific,2024-04-16,Silver
6374,Lucas,Clark,lucas.clark6374@example-lumina.com,+1-589-268-1895,Amsterdam,Europe Central,2023-12-17,Standard
6375,Sophia,Williams,sophia.williams6375@example-lumina.com,+1-571-717-6496,Boston,North America East,2024-03-15,Standard
6376,Sophia,Williams,sophia.williams6376@example-lumina.com,+1-416-711-1179,Berlin,Europe Central,2024-12-16,Standard
6377,Ella,Johnson,ella.johnson6377@example-lumina.com,+1-446-375-2393,Atlanta,North America East,2025-08-18,Standard
6378,Emily,Hernandez,emily.hernandez6378@example-lumina.com,+1-295-416-1138,Paris,Europe Central,2024-07-12,Standard
6379,Benjamin,Harris,benjamin.harris6379@example-lumina.com,+1-600-843-6830,San Francisco,North America West,2024-05-05,Standard
6380,Emily,Taylor,emily.taylor6380@example-lumina.com,+1-303-614-3460,Atlanta,North America East,2025-08-24,Standard
6381,Ethan,Ramirez,ethan.ramirez6381@example-lumina.com,+1-238-397-3641,Vancouver,North America West,2023-08-20,Gold
6382,Michael,Thompson,michael.thompson6382@example-lumina.com,+1-437-320-3307,Denver,North America West,2024-11-10,VIP
6383,Evelyn,Lee,evelyn.lee6383@example-lumina.com,+1-735-887-6593,Sydney,Asia Pacific,2024-05-13,Standard
6384,Evelyn,Ramirez,evelyn.ramirez6384@example-lumina.com,+1-641-140-7350,Seattle,North America West,2025-02-15,Silver
6385,Daniel,Jackson,daniel.jackson6385@example-lumina.com,+1-842-609-2595,Boston,North America East,2025-07-24,Gold
6386,Harper,Ramirez,harper.ramirez6386@example-lumina.com,+1-289-610-2541,Singapore,Asia Pacific,2023-11-21,Gold
6387,Olivia,Williams,olivia.williams6387@example-lumina.com,+1-486-690-6952,London,Europe Central,2023-08-12,Standard
6388,Jackson,Anderson,jackson.anderson6388@example-lumina.com,+1-464-584-5194,Sydney,Asia Pacific,2023-10-05,VIP
6389,Amelia,Johnson,amelia.johnson6389@example-lumina.com,+1-572-979-5696,Melbourne,Asia Pacific,2025-10-25,Silver
6390,Abigail,Jones,abigail.jones6390@example-lumina.com,+1-651-475-9396,Paris,Europe Central,2023-08-25,Silver
6391,Mason,Anderson,mason.anderson6391@example-lumina.com,+1-469-998-1699,Boston,North America East,2025-05-17,Gold
6392,Alexander,Jones,alexander.jones6392@example-lumina.com,+1-307-397-7157,Denver,North America West,2024-07-13,Gold
6393,Ava,Gonzalez,ava.gonzalez6393@example-lumina.com,+1-673-785-2531,Amsterdam,Europe Central,2024-09-22,Silver
6394,Oliver,Clark,oliver.clark6394@example-lumina.com,+1-676-211-2406,San Francisco,North America West,2024-07-11,Silver
6395,James,Gonzalez,james.gonzalez6395@example-lumina.com,+1-536-166-6198,Zurich,Europe Central,2024-10-10,Standard
6396,Emily,Thomas,emily.thomas6396@example-lumina.com,+1-317-385-8447,Atlanta,North America East,2023-11-07,Gold
6397,Daniel,Lee,daniel.lee6397@example-lumina.com,+1-418-427-1513,Tokyo,Asia Pacific,2025-09-05,Standard
6398,Charlotte,Thomas,charlotte.thomas6398@example-lumina.com,+1-418-155-4465,Philadelphia,North America East,2024-03-03,Standard
6399,Olivia,Williams,olivia.williams6399@example-lumina.com,+1-345-170-5487,Tokyo,Asia Pacific,2024-04-01,Gold
6400,Henry,Ramirez,henry.ramirez6400@example-lumina.com,+1-629-637-4507,Berlin,Europe Central,2025-09-28,Standard
6401,Oliver,Lewis,oliver.lewis6401@example-lumina.com,+1-638-450-5864,Seattle,North America West,2024-05-23,Gold
6402,Amelia,Thomas,amelia.thomas6402@example-lumina.com,+1-748-805-3632,Singapore,Asia Pacific,2025-05-10,Silver
6403,Levi,Smith,levi.smith6403@example-lumina.com,+1-774-901-4253,Atlanta,North America East,2025-02-21,Standard
6404,Abigail,Clark,abigail.clark6404@example-lumina.com,+1-951-860-6185,Boston,North America East,2025-12-05,Standard
6405,Daniel,Thomas,daniel.thomas6405@example-lumina.com,+1-524-216-7658,Zurich,Europe Central,2025-06-09,Standard
6406,Henry,Clark,henry.clark6406@example-lumina.com,+1-328-749-8361,New York,North America East,2024-01-10,Silver
6407,James,Wilson,james.wilson6407@example-lumina.com,+1-913-659-3721,Sydney,Asia Pacific,2024-05-22,Standard
6408,James,Perez,james.perez6408@example-lumina.com,+1-790-114-7066,London,Europe Central,2024-04-05,Gold
6409,Mason,Clark,mason.clark6409@example-lumina.com,+1-327-816-9177,Melbourne,Asia Pacific,2024-07-25,Standard
6410,Levi,Moore,levi.moore6410@example-lumina.com,+1-636-635-6502,Boston,North America East,2024-09-12,Standard
6411,Olivia,Moore,olivia.moore6411@example-lumina.com,+1-809-266-9892,Melbourne,Asia Pacific,2024-03-18,Gold
6412,Logan,Perez,logan.perez6412@example-lumina.com,+1-647-749-5640,New York,North America East,2025-09-03,Gold
6413,Michael,Lee,michael.lee6413@example-lumina.com,+1-216-731-7738,Philadelphia,North America East,2025-07-07,Silver
6414,Ella,Moore,ella.moore6414@example-lumina.com,+1-302-748-8276,Toronto,North America East,2025-10-20,Standard
6415,Ava,Harris,ava.harris6415@example-lumina.com,+1-665-664-7243,Boston,North America East,2025-10-24,Standard
6416,Sophia,Lopez,sophia.lopez6416@example-lumina.com,+1-675-522-7484,Toronto,North America East,2025-08-09,Standard
6417,Isabella,Rodriguez,isabella.rodriguez6417@example-lumina.com,+1-874-370-6036,Sydney,Asia Pacific,2023-06-05,Gold
6418,Charlotte,Johnson,charlotte.johnson6418@example-lumina.com,+1-215-126-3512,Zurich,Europe Central,2025-09-17,Silver
6419,Benjamin,Hernandez,benjamin.hernandez6419@example-lumina.com,+1-374-685-8045,Denver,North America West,2024-07-05,Standard
6420,Sebastian,Gonzalez,sebastian.gonzalez6420@example-lumina.com,+1-252-920-8030,Vancouver,North America West,2025-06-15,Standard
6421,Oliver,Hernandez,oliver.hernandez6421@example-lumina.com,+1-729-262-8166,San Francisco,North America West,2025-05-28,Gold
6422,Mason,Brown,mason.brown6422@example-lumina.com,+1-846-690-7422,Zurich,Europe Central,2023-11-10,Gold
6423,James,Williams,james.williams6423@example-lumina.com,+1-295-126-8166,Atlanta,North America East,2023-11-04,Standard
6424,Logan,Moore,logan.moore6424@example-lumina.com,+1-280-685-7265,Boston,North America East,2024-09-07,Silver
6425,Jackson,Lopez,jackson.lopez6425@example-lumina.com,+1-391-345-4633,Berlin,Europe Central,2024-11-30,Gold
6426,Emily,Harris,emily.harris6426@example-lumina.com,+1-587-888-5267,Toronto,North America East,2023-08-24,Gold
6427,Sebastian,Smith,sebastian.smith6427@example-lumina.com,+1-853-693-2694,Philadelphia,North America East,2025-01-31,Standard
6428,Daniel,Martinez,daniel.martinez6428@example-lumina.com,+1-468-284-2520,Philadelphia,North America East,2025-10-12,Standard
6429,Levi,Miller,levi.miller6429@example-lumina.com,+1-600-203-9045,Philadelphia,North America East,2023-08-15,Standard
6430,Sebastian,Williams,sebastian.williams6430@example-lumina.com,+1-415-803-7879,Singapore,Asia Pacific,2025-03-10,Gold
6431,Elizabeth,Garcia,elizabeth.garcia6431@example-lumina.com,+1-384-405-1166,Denver,North America West,2025-03-08,Silver
6432,Emily,Brown,emily.brown6432@example-lumina.com,+1-551-455-8928,Boston,North America East,2024-11-16,Silver
6433,Ella,Brown,ella.brown6433@example-lumina.com,+1-397-720-1484,Atlanta,North America East,2024-11-06,Silver
6434,James,Ramirez,james.ramirez6434@example-lumina.com,+1-573-217-4554,Toronto,North America East,2023-10-20,Standard
6435,Emily,Thompson,emily.thompson6435@example-lumina.com,+1-329-374-5483,Sydney,Asia Pacific,2023-09-03,Standard
6436,Harper,Lee,harper.lee6436@example-lumina.com,+1-501-578-9123,Hong Kong,Asia Pacific,2024-07-14,Gold
6437,William,Garcia,william.garcia6437@example-lumina.com,+1-402-803-5605,Tokyo,Asia Pacific,2025-01-18,Silver
6438,Ethan,Martinez,ethan.martinez6438@example-lumina.com,+1-369-913-4372,Melbourne,Asia Pacific,2025-11-21,Standard
6439,Evelyn,White,evelyn.white6439@example-lumina.com,+1-478-935-6222,Atlanta,North America East,2024-06-27,Standard
6440,Ethan,Lopez,ethan.lopez6440@example-lumina.com,+1-582-747-2052,Sydney,Asia Pacific,2025-11-27,Standard
6441,Mason,Rodriguez,mason.rodriguez6441@example-lumina.com,+1-800-519-5808,Amsterdam,Europe Central,2023-07-01,Standard
6442,Elizabeth,Hernandez,elizabeth.hernandez6442@example-lumina.com,+1-639-909-4046,Berlin,Europe Central,2023-08-14,Standard
6443,Mia,Lopez,mia.lopez6443@example-lumina.com,+1-348-898-6151,New York,North America East,2024-04-22,Silver
6444,Logan,Hernandez,logan.hernandez6444@example-lumina.com,+1-418-576-6268,Denver,North America West,2023-08-07,Standard
6445,Evelyn,Miller,evelyn.miller6445@example-lumina.com,+1-739-322-2686,Zurich,Europe Central,2025-11-21,Gold
6446,Abigail,Williams,abigail.williams6446@example-lumina.com,+1-787-761-7909,Singapore,Asia Pacific,2025-09-10,Standard
6447,James,Johnson,james.johnson6447@example-lumina.com,+1-705-610-1766,Amsterdam,Europe Central,2023-10-01,Standard
6448,Olivia,Martin,olivia.martin6448@example-lumina.com,+1-534-705-7272,Denver,North America West,2023-06-22,Standard
6449,Sebastian,Sanchez,sebastian.sanchez6449@example-lumina.com,+1-789-104-8565,Berlin,Europe Central,2025-10-09,VIP
6450,Emily,Lewis,emily.lewis6450@example-lumina.com,+1-746-640-1640,London,Europe Central,2023-08-11,Standard
6451,Levi,Sanchez,levi.sanchez6451@example-lumina.com,+1-625-840-5931,Paris,Europe Central,2025-07-11,Standard
6452,Michael,Moore,michael.moore6452@example-lumina.com,+1-993-420-9090,Philadelphia,North America East,2024-04-01,Silver
6453,Henry,Thomas,henry.thomas6453@example-lumina.com,+1-856-224-7126,New York,North America East,2024-01-16,Standard
6454,Alexander,Jones,alexander.jones6454@example-lumina.com,+1-307-430-8138,Seattle,North America West,2023-08-30,Standard
6455,Oliver,Sanchez,oliver.sanchez6455@example-lumina.com,+1-577-935-9807,New York,North America East,2024-02-21,Gold
6456,Emily,Brown,emily.brown6456@example-lumina.com,+1-249-411-2229,Paris,Europe Central,2025-05-05,Silver
6457,Elizabeth,Gonzalez,elizabeth.gonzalez6457@example-lumina.com,+1-476-815-3790,Denver,North America West,2024-09-14,Standard
6458,Benjamin,Ramirez,benjamin.ramirez6458@example-lumina.com,+1-351-871-7771,Tokyo,Asia Pacific,2024-11-16,Standard
6459,Ethan,Thomas,ethan.thomas6459@example-lumina.com,+1-877-601-5596,Amsterdam,Europe Central,2024-01-18,Standard
6460,Jackson,Martinez,jackson.martinez6460@example-lumina.com,+1-928-184-6783,Seattle,North America West,2025-05-12,Standard
6461,Amelia,Johnson,amelia.johnson6461@example-lumina.com,+1-417-113-4541,Melbourne,Asia Pacific,2023-12-10,Standard
6462,Benjamin,Miller,benjamin.miller6462@example-lumina.com,+1-804-879-9644,Paris,Europe Central,2025-05-26,Standard
6463,Daniel,Ramirez,daniel.ramirez6463@example-lumina.com,+1-716-208-3130,Los Angeles,North America West,2024-06-29,VIP
6464,Mila,Martin,mila.martin6464@example-lumina.com,+1-725-307-7556,San Francisco,North America West,2024-03-11,Standard
6465,Abigail,Martinez,abigail.martinez6465@example-lumina.com,+1-791-763-2672,Vancouver,North America West,2025-11-14,Standard
6466,Sophia,Davis,sophia.davis6466@example-lumina.com,+1-216-571-4064,London,Europe Central,2024-09-30,Silver
6467,Henry,Lopez,henry.lopez6467@example-lumina.com,+1-471-221-2377,Amsterdam,Europe Central,2024-01-04,Standard
6468,Mason,Wilson,mason.wilson6468@example-lumina.com,+1-720-441-1870,Singapore,Asia Pacific,2024-06-13,Standard
6469,Sebastian,Gonzalez,sebastian.gonzalez6469@example-lumina.com,+1-949-532-4177,Berlin,Europe Central,2024-07-17,Standard
6470,William,Taylor,william.taylor6470@example-lumina.com,+1-822-605-9497,Tokyo,Asia Pacific,2025-04-28,Standard
6471,Ava,Brown,ava.brown6471@example-lumina.com,+1-424-217-1870,Atlanta,North America East,2024-02-28,Standard
6472,Harper,Brown,harper.brown6472@example-lumina.com,+1-482-331-7628,Melbourne,Asia Pacific,2023-09-12,Standard
6473,Levi,Lewis,levi.lewis6473@example-lumina.com,+1-908-374-9112,Seattle,North America West,2025-08-13,Standard
6474,Sebastian,Martinez,sebastian.martinez6474@example-lumina.com,+1-922-710-5718,New York,North America East,2023-12-07,Standard
6475,Logan,Martin,logan.martin6475@example-lumina.com,+1-688-856-6002,Seattle,North America West,2024-04-18,Silver
6476,Olivia,Garcia,olivia.garcia6476@example-lumina.com,+1-540-566-3323,Philadelphia,North America East,2024-08-12,Standard
6477,Olivia,Rodriguez,olivia.rodriguez6477@example-lumina.com,+1-278-274-1159,Amsterdam,Europe Central,2025-01-18,Standard
6478,Mila,Davis,mila.davis6478@example-lumina.com,+1-683-212-1740,Atlanta,North America East,2025-04-27,VIP
6479,Levi,Davis,levi.davis6479@example-lumina.com,+1-737-615-3741,San Francisco,North America West,2023-09-11,Standard
6480,Emily,Hernandez,emily.hernandez6480@example-lumina.com,+1-663-602-6747,Amsterdam,Europe Central,2024-02-15,Standard
6481,Alexander,Clark,alexander.clark6481@example-lumina.com,+1-561-408-6467,Tokyo,Asia Pacific,2024-03-03,Silver
6482,Emily,Lee,emily.lee6482@example-lumina.com,+1-221-251-7722,Seattle,North America West,2024-05-31,Standard
6483,Ava,Jackson,ava.jackson6483@example-lumina.com,+1-958-812-8056,Berlin,Europe Central,2025-07-02,Standard
6484,Ella,Gonzalez,ella.gonzalez6484@example-lumina.com,+1-854-210-5487,Hong Kong,Asia Pacific,2023-11-27,Standard
6485,Abigail,Lopez,abigail.lopez6485@example-lumina.com,+1-539-500-7836,Paris,Europe Central,2023-12-13,Standard
6486,Mason,Thompson,mason.thompson6486@example-lumina.com,+1-551-954-3014,Melbourne,Asia Pacific,2025-01-01,VIP
6487,Elizabeth,Lopez,elizabeth.lopez6487@example-lumina.com,+1-495-212-1136,Sydney,Asia Pacific,2024-09-20,Silver
6488,Mason,Martinez,mason.martinez6488@example-lumina.com,+1-838-671-3664,Amsterdam,Europe Central,2024-03-22,Standard
6489,Isabella,Smith,isabella.smith6489@example-lumina.com,+1-664-141-4560,Zurich,Europe Central,2023-10-05,Standard
6490,Isabella,Smith,isabella.smith6490@example-lumina.com,+1-640-460-1010,Toronto,North America East,2023-10-20,Standard
6491,Isabella,Sanchez,isabella.sanchez6491@example-lumina.com,+1-714-781-3540,Toronto,North America East,2023-10-25,VIP
6492,James,Wilson,james.wilson6492@example-lumina.com,+1-799-182-5764,San Francisco,North America West,2024-09-27,Gold
6493,Ava,Sanchez,ava.sanchez6493@example-lumina.com,+1-894-752-7328,Melbourne,Asia Pacific,2025-12-12,Standard
6494,William,Robinson,william.robinson6494@example-lumina.com,+1-509-711-6091,Denver,North America West,2024-08-20,Silver
6495,Benjamin,Sanchez,benjamin.sanchez6495@example-lumina.com,+1-792-242-4268,Berlin,Europe Central,2024-07-31,Silver
6496,Isabella,Martinez,isabella.martinez6496@example-lumina.com,+1-287-404-8555,Vancouver,North America West,2025-08-10,Gold
6497,Charlotte,Brown,charlotte.brown6497@example-lumina.com,+1-341-639-8240,Zurich,Europe Central,2025-05-02,Silver
6498,Henry,Lopez,henry.lopez6498@example-lumina.com,+1-637-577-7889,Melbourne,Asia Pacific,2023-06-29,Gold
6499,Alexander,Harris,alexander.harris6499@example-lumina.com,+1-631-190-3303,Berlin,Europe Central,2025-01-15,Standard
6500,Daniel,Martin,daniel.martin6500@example-lumina.com,+1-756-679-5806,Philadelphia,North America East,2023-10-07,Standard
