item_id,order_id,product_id,quantity,unit_price,discount_percent
50001,10001,1018,1,175.0,0.0
50002,10001,1004,2,160.0,0.0
50003,10001,1020,2,310.0,0.1
50004,10002,1015,2,890.0,0.0
50005,10002,1014,2,149.0,0.15
50006,10003,1011,1,520.0,0.0
50007,10004,1016,2,210.0,0.0
50008,10004,1008,1,240.0,0.0
50009,10005,1005,1,55.0,0.2
50010,10005,1017,1,45.0,0.15
50011,10005,1010,1,119.0,0.15
50012,10006,1019,1,260.0,0.0
50013,10007,1006,1,130.0,0.1
50014,10007,1012,1,49.0,0.1
50015,10008,1013,1,95.0,0.2
50016,10009,1004,1,160.0,0.05
50017,10010,1012,1,49.0,0.0
50018,10010,1002,1,680.0,0.0
50019,10011,1002,1,680.0,0.15
50020,10011,1015,1,890.0,0.1
50021,10011,1017,1,45.0,0.1
50022,10011,1008,1,240.0,0.0
50023,10011,1018,1,175.0,0.1
50024,10012,1002,1,680.0,0.1
50025,10012,1007,1,75.0,0.05
50026,10013,1004,1,160.0,0.05
50027,10014,1007,4,75.0,0.0
50028,10014,1019,1,260.0,0.0
50029,10014,1015,1,890.0,0.0
50030,10015,1008,1,240.0,0.1
50031,10015,1011,1,520.0,0.0
50032,10015,1009,2,320.0,0.0
50033,10016,1006,2,130.0,0.1
50034,10016,1003,1,89.0,0.2
50035,10017,1008,1,240.0,0.0
50036,10017,1007,1,75.0,0.0
50037,10017,1010,1,119.0,0.1
50038,10018,1006,1,130.0,0.1
50039,10018,1020,1,310.0,0.1
50040,10018,1019,1,260.0,0.15
50041,10019,1014,1,149.0,0.15
50042,10020,1001,1,450.0,0.0
50043,10020,1007,2,75.0,0.0
50044,10020,1019,1,260.0,0.05
50045,10021,1004,1,160.0,0.15
50046,10021,1003,3,89.0,0.1
50047,10021,1008,3,240.0,0.2
50048,10022,1020,1,310.0,0.0
50049,10023,1010,1,119.0,0.0
50050,10024,1005,1,55.0,0.1
50051,10024,1019,1,260.0,0.0
50052,10024,1010,1,119.0,0.1
50053,10025,1003,2,89.0,0.05
50054,10025,1011,2,520.0,0.0
50055,10025,1012,1,49.0,0.05
50056,10026,1019,1,260.0,0.0
50057,10027,1011,1,520.0,0.15
50058,10028,1003,1,89.0,0.3
50059,10028,1019,2,260.0,0.15
50060,10028,1015,1,890.0,0.0
50061,10029,1019,1,260.0,0.1
50062,10030,1001,1,450.0,0.0
50063,10030,1013,1,95.0,0.0
50064,10031,1007,2,75.0,0.2
50065,10031,1019,1,260.0,0.1
50066,10032,1018,1,175.0,0.15
50067,10033,1008,1,240.0,0.0
50068,10033,1007,1,75.0,0.15
50069,10033,1019,1,260.0,0.0
50070,10034,1013,2,95.0,0.2
50071,10034,1001,1,450.0,0.0
50072,10034,1015,1,890.0,0.0
50073,10035,1017,3,45.0,0.0
50074,10035,1004,1,160.0,0.05
50075,10036,1014,4,149.0,0.0
50076,10036,1010,1,119.0,0.05
50077,10036,1008,1,240.0,0.25
50078,10037,1008,1,240.0,0.0
50079,10038,1007,2,75.0,0.1
50080,10039,1017,3,45.0,0.15
50081,10040,1001,1,450.0,0.05
50082,10040,1016,2,210.0,0.0
50083,10040,1007,1,75.0,0.05
50084,10041,1002,1,680.0,0.0
50085,10041,1018,1,175.0,0.0
50086,10041,1013,1,95.0,0.0
50087,10041,1017,3,45.0,0.05
50088,10042,1001,1,450.0,0.2
50089,10042,1010,1,119.0,0.1
50090,10042,1016,1,210.0,0.1
50091,10043,1008,1,240.0,0.1
50092,10044,1020,1,310.0,0.0
50093,10045,1017,1,45.0,0.2
50094,10045,1020,2,310.0,0.0
50095,10046,1013,2,95.0,0.25
50096,10046,1002,1,680.0,0.1
50097,10047,1009,1,320.0,0.1
50098,10048,1016,2,210.0,0.05
50099,10049,1012,1,49.0,0.0
50100,10050,1010,1,119.0,0.0
50101,10051,1017,1,45.0,0.15
50102,10052,1017,1,45.0,0.1
50103,10052,1020,1,310.0,0.1
50104,10053,1020,2,310.0,0.05
50105,10053,1008,1,240.0,0.15
50106,10054,1017,3,45.0,0.2
50107,10055,1018,1,175.0,0.0
50108,10056,1013,1,95.0,0.1
50109,10056,1019,1,260.0,0.15
50110,10057,1005,1,55.0,0.15
50111,10058,1020,1,310.0,0.0
50112,10058,1016,1,210.0,0.15
50113,10058,1008,1,240.0,0.0
50114,10059,1009,1,320.0,0.0
50115,10060,1004,1,160.0,0.15
50116,10061,1009,4,320.0,0.0
50117,10062,1014,1,149.0,0.0
50118,10063,1017,2,45.0,0.1
50119,10064,1008,1,240.0,0.1
50120,10065,1015,2,890.0,0.0
50121,10066,1006,1,130.0,0.2
50122,10067,1009,1,320.0,0.25
50123,10067,1012,1,49.0,0.15
50124,10067,1019,1,260.0,0.1
50125,10068,1013,2,95.0,0.0
50126,10068,1012,1,49.0,0.0
50127,10069,1004,1,160.0,0.05
50128,10069,1003,1,89.0,0.05
50129,10069,1013,1,95.0,0.15
50130,10070,1020,1,310.0,0.0
50131,10071,1011,1,520.0,0.05
50132,10072,1003,4,89.0,0.0
50133,10072,1011,1,520.0,0.0
50134,10073,1008,1,240.0,0.1
50135,10073,1020,1,310.0,0.0
50136,10073,1019,3,260.0,0.1
50137,10074,1017,1,45.0,0.1
50138,10075,1009,1,320.0,0.15
50139,10075,1014,1,149.0,0.0
50140,10075,1012,1,49.0,0.05
50141,10076,1017,1,45.0,0.1
50142,10077,1018,1,175.0,0.1
50143,10077,1008,1,240.0,0.1
50144,10078,1018,2,175.0,0.05
50145,10078,1002,1,680.0,0.0
50146,10079,1010,1,119.0,0.05
50147,10079,1011,1,520.0,0.0
50148,10080,1012,1,49.0,0.05
50149,10081,1008,2,240.0,0.0
50150,10081,1006,2,130.0,0.15
50151,10082,1013,2,95.0,0.0
50152,10082,1016,1,210.0,0.0
50153,10082,1005,1,55.0,0.0
50154,10083,1003,1,89.0,0.15
50155,10084,1002,3,680.0,0.1
50156,10084,1012,1,49.0,0.05
50157,10084,1004,1,160.0,0.2
50158,10084,1006,1,130.0,0.2
50159,10084,1001,3,450.0,0.0
50160,10085,1005,1,55.0,0.0
50161,10086,1002,3,680.0,0.1
50162,10087,1004,1,160.0,0.0
50163,10087,1012,1,49.0,0.0
50164,10087,1006,1,130.0,0.0
50165,10087,1017,1,45.0,0.05
50166,10088,1003,1,89.0,0.15
50167,10088,1011,1,520.0,0.15
50168,10088,1017,1,45.0,0.0
50169,10089,1013,1,95.0,0.0
50170,10090,1010,2,119.0,0.1
50171,10091,1019,1,260.0,0.15
50172,10091,1018,1,175.0,0.0
50173,10091,1006,1,130.0,0.0
50174,10092,1017,1,45.0,0.05
50175,10092,1006,1,130.0,0.0
50176,10093,1007,1,75.0,0.1
50177,10094,1004,1,160.0,0.15
50178,10094,1010,1,119.0,0.0
50179,10094,1001,1,450.0,0.0
50180,10094,1008,2,240.0,0.0
50181,10095,1014,1,149.0,0.2
50182,10095,1019,1,260.0,0.0
50183,10095,1010,1,119.0,0.05
50184,10096,1001,1,450.0,0.05
50185,10097,1004,1,160.0,0.15
50186,10098,1007,4,75.0,0.0
50187,10098,1005,1,55.0,0.0
50188,10098,1017,2,45.0,0.0
50189,10099,1005,1,55.0,0.05
50190,10100,1001,3,450.0,0.0
50191,10101,1002,3,680.0,0.0
50192,10101,1013,1,95.0,0.05
50193,10101,1019,1,260.0,0.05
50194,10101,1005,1,55.0,0.0
50195,10102,1011,1,520.0,0.0
50196,10102,1002,1,680.0,0.0
50197,10103,1008,1,240.0,0.1
50198,10103,1001,2,450.0,0.0
50199,10103,1013,1,95.0,0.05
50200,10103,1019,1,260.0,0.0
50201,10104,1020,1,310.0,0.15
50202,10105,1015,1,890.0,0.0
50203,10105,1016,1,210.0,0.25
50204,10105,1005,1,55.0,0.0
50205,10105,1020,1,310.0,0.15
50206,10105,1012,1,49.0,0.0
50207,10106,1005,2,55.0,0.05
50208,10106,1012,1,49.0,0.25
50209,10106,1007,1,75.0,0.0
50210,10106,1013,1,95.0,0.0
50211,10106,1014,1,149.0,0.0
50212,10107,1015,1,890.0,0.15
50213,10108,1004,1,160.0,0.05
50214,10109,1006,1,130.0,0.15
50215,10110,1006,1,130.0,0.15
50216,10111,1003,1,89.0,0.2
50217,10111,1020,2,310.0,0.0
50218,10112,1007,2,75.0,0.05
50219,10112,1010,2,119.0,0.1
50220,10113,1004,2,160.0,0.0
50221,10114,1014,1,149.0,0.0
50222,10114,1006,2,130.0,0.0
50223,10114,1018,1,175.0,0.2
50224,10114,1016,2,210.0,0.0
50225,10115,1001,1,450.0,0.15
50226,10115,1019,3,260.0,0.1
50227,10116,1003,1,89.0,0.1
50228,10116,1012,1,49.0,0.2
50229,10116,1020,1,310.0,0.2
50230,10117,1003,1,89.0,0.2
50231,10118,1012,4,49.0,0.2
50232,10118,1009,1,320.0,0.0
50233,10118,1007,1,75.0,0.1
50234,10118,1017,1,45.0,0.0
50235,10118,1019,4,260.0,0.0
50236,10119,1013,1,95.0,0.0
50237,10119,1020,2,310.0,0.2
50238,10119,1002,2,680.0,0.05
50239,10119,1009,1,320.0,0.2
50240,10120,1015,2,890.0,0.0
50241,10121,1005,2,55.0,0.0
50242,10122,1003,1,89.0,0.0
50243,10122,1001,2,450.0,0.0
50244,10122,1019,1,260.0,0.25
50245,10123,1002,1,680.0,0.05
50246,10123,1005,1,55.0,0.0
50247,10124,1003,1,89.0,0.1
50248,10125,1019,1,260.0,0.1
50249,10125,1002,1,680.0,0.25
50250,10126,1003,1,89.0,0.0
50251,10126,1007,4,75.0,0.0
50252,10127,1003,1,89.0,0.15
50253,10128,1015,3,890.0,0.1
50254,10128,1001,1,450.0,0.15
50255,10129,1016,1,210.0,0.05
50256,10129,1012,1,49.0,0.2
50257,10130,1015,1,890.0,0.15
50258,10131,1005,1,55.0,0.0
50259,10131,1013,1,95.0,0.0
50260,10132,1006,1,130.0,0.15
50261,10133,1007,1,75.0,0.05
50262,10134,1016,1,210.0,0.05
50263,10135,1006,1,130.0,0.1
50264,10135,1011,1,520.0,0.0
50265,10135,1010,1,119.0,0.1
50266,10135,1014,1,149.0,0.1
50267,10136,1011,1,520.0,0.2
50268,10137,1011,1,520.0,0.15
50269,10138,1008,1,240.0,0.05
50270,10139,1020,1,310.0,0.05
50271,10139,1011,2,520.0,0.2
50272,10139,1003,1,89.0,0.0
50273,10140,1002,1,680.0,0.0
50274,10141,1009,1,320.0,0.0
50275,10141,1011,2,520.0,0.0
50276,10142,1010,1,119.0,0.0
50277,10142,1002,2,680.0,0.0
50278,10143,1007,1,75.0,0.0
50279,10144,1005,1,55.0,0.0
50280,10144,1015,2,890.0,0.0
50281,10144,1013,1,95.0,0.0
50282,10145,1002,1,680.0,0.15
50283,10145,1010,1,119.0,0.1
50284,10146,1004,1,160.0,0.15
50285,10147,1011,2,520.0,0.05
50286,10148,1003,1,89.0,0.0
50287,10148,1007,2,75.0,0.0
50288,10149,1008,1,240.0,0.0
50289,10150,1011,2,520.0,0.05
50290,10150,1013,1,95.0,0.05
50291,10151,1019,1,260.0,0.0
50292,10152,1006,1,130.0,0.1
50293,10152,1013,2,95.0,0.15
50294,10153,1007,2,75.0,0.0
50295,10154,1015,1,890.0,0.25
50296,10154,1001,1,450.0,0.15
50297,10155,1007,2,75.0,0.15
50298,10155,1020,1,310.0,0.1
50299,10156,1006,2,130.0,0.0
50300,10157,1020,2,310.0,0.05
50301,10157,1006,3,130.0,0.0
50302,10157,1016,1,210.0,0.0
50303,10157,1018,1,175.0,0.0
50304,10157,1010,1,119.0,0.0
50305,10158,1012,1,49.0,0.0
50306,10159,1001,1,450.0,0.0
50307,10160,1001,2,450.0,0.2
50308,10161,1019,1,260.0,0.15
50309,10161,1018,1,175.0,0.15
50310,10161,1009,1,320.0,0.0
50311,10162,1014,1,149.0,0.0
50312,10162,1006,1,130.0,0.05
50313,10162,1001,1,450.0,0.0
50314,10163,1015,1,890.0,0.0
50315,10163,1016,2,210.0,0.05
50316,10164,1013,1,95.0,0.3
50317,10165,1014,3,149.0,0.0
50318,10165,1012,1,49.0,0.0
50319,10166,1006,1,130.0,0.1
50320,10166,1002,1,680.0,0.0
50321,10166,1011,1,520.0,0.1
50322,10167,1013,2,95.0,0.3
50323,10167,1003,1,89.0,0.1
50324,10167,1014,1,149.0,0.0
50325,10168,1011,1,520.0,0.05
50326,10168,1012,1,49.0,0.05
50327,10169,1015,2,890.0,0.2
50328,10169,1005,1,55.0,0.0
50329,10170,1010,2,119.0,0.0
50330,10170,1008,1,240.0,0.05
50331,10171,1007,1,75.0,0.05
50332,10172,1013,1,95.0,0.0
50333,10172,1001,1,450.0,0.1
50334,10172,1010,1,119.0,0.1
50335,10172,1011,1,520.0,0.05
50336,10173,1013,2,95.0,0.05
50337,10173,1018,1,175.0,0.2
50338,10174,1016,2,210.0,0.0
50339,10175,1011,1,520.0,0.05
50340,10175,1008,1,240.0,0.1
50341,10176,1016,2,210.0,0.0
50342,10176,1006,1,130.0,0.0
50343,10177,1016,1,210.0,0.05
50344,10178,1008,1,240.0,0.05
50345,10179,1005,1,55.0,0.25
50346,10180,1014,2,149.0,0.05
50347,10180,1001,1,450.0,0.05
50348,10180,1017,1,45.0,0.05
50349,10181,1012,1,49.0,0.0
50350,10181,1016,2,210.0,0.0
50351,10181,1013,1,95.0,0.0
50352,10182,1016,3,210.0,0.1
50353,10182,1003,1,89.0,0.0
50354,10183,1013,1,95.0,0.1
50355,10183,1001,1,450.0,0.1
50356,10184,1008,2,240.0,0.15
50357,10185,1013,1,95.0,0.1
50358,10186,1005,1,55.0,0.2
50359,10186,1003,1,89.0,0.0
50360,10186,1016,2,210.0,0.1
50361,10187,1014,1,149.0,0.0
50362,10188,1008,1,240.0,0.0
50363,10189,1013,1,95.0,0.05
50364,10190,1010,1,119.0,0.0
50365,10190,1016,2,210.0,0.05
50366,10191,1011,1,520.0,0.05
50367,10191,1018,1,175.0,0.0
50368,10192,1011,2,520.0,0.1
50369,10193,1020,1,310.0,0.1
50370,10194,1012,1,49.0,0.0
50371,10195,1010,1,119.0,0.0
50372,10196,1013,1,95.0,0.0
50373,10197,1009,3,320.0,0.15
50374,10197,1004,4,160.0,0.0
50375,10198,1018,1,175.0,0.0
50376,10198,1019,1,260.0,0.05
50377,10198,1009,4,320.0,0.1
50378,10198,1017,1,45.0,0.05
50379,10199,1003,1,89.0,0.1
50380,10200,1020,1,310.0,0.15
50381,10201,1019,1,260.0,0.0
50382,10202,1006,1,130.0,0.05
50383,10203,1014,1,149.0,0.05
50384,10204,1008,1,240.0,0.05
50385,10205,1003,1,89.0,0.05
50386,10206,1009,1,320.0,0.1
50387,10207,1017,1,45.0,0.15
50388,10208,1013,1,95.0,0.1
50389,10208,1016,1,210.0,0.0
50390,10208,1001,1,450.0,0.0
50391,10209,1015,2,890.0,0.0
50392,10210,1006,2,130.0,0.1
50393,10210,1008,1,240.0,0.15
50394,10211,1006,1,130.0,0.05
50395,10212,1005,2,55.0,0.0
50396,10213,1008,1,240.0,0.1
50397,10213,1003,2,89.0,0.2
50398,10214,1006,1,130.0,0.0
50399,10214,1008,2,240.0,0.0
50400,10214,1001,2,450.0,0.0
50401,10214,1007,2,75.0,0.0
50402,10215,1005,2,55.0,0.0
50403,10216,1015,1,890.0,0.05
50404,10216,1006,1,130.0,0.05
50405,10217,1017,2,45.0,0.1
50406,10218,1017,1,45.0,0.05
50407,10218,1012,1,49.0,0.05
50408,10218,1013,2,95.0,0.0
50409,10218,1009,1,320.0,0.05
50410,10219,1012,1,49.0,0.05
50411,10220,1019,2,260.0,0.05
50412,10221,1008,2,240.0,0.0
50413,10222,1014,1,149.0,0.0
50414,10222,1002,1,680.0,0.0
50415,10223,1010,1,119.0,0.1
50416,10224,1013,1,95.0,0.1
50417,10225,1019,2,260.0,0.05
50418,10225,1004,1,160.0,0.1
50419,10225,1015,1,890.0,0.15
50420,10226,1015,1,890.0,0.1
50421,10227,1009,1,320.0,0.0
50422,10227,1013,1,95.0,0.0
50423,10228,1009,1,320.0,0.0
50424,10228,1007,2,75.0,0.0
50425,10229,1016,2,210.0,0.0
50426,10229,1004,1,160.0,0.05
50427,10229,1003,1,89.0,0.25
50428,10229,1015,1,890.0,0.1
50429,10230,1019,1,260.0,0.1
50430,10230,1017,2,45.0,0.0
50431,10231,1010,3,119.0,0.0
50432,10231,1016,2,210.0,0.0
50433,10231,1013,1,95.0,0.0
50434,10231,1002,2,680.0,0.1
50435,10232,1013,1,95.0,0.0
50436,10233,1002,2,680.0,0.0
50437,10233,1014,1,149.0,0.0
50438,10233,1013,3,95.0,0.0
50439,10234,1013,2,95.0,0.0
50440,10234,1014,1,149.0,0.0
50441,10235,1002,1,680.0,0.1
50442,10235,1005,1,55.0,0.15
50443,10236,1002,4,680.0,0.0
50444,10237,1016,1,210.0,0.1
50445,10237,1004,1,160.0,0.15
50446,10237,1009,1,320.0,0.0
50447,10238,1020,1,310.0,0.0
50448,10239,1012,1,49.0,0.15
50449,10239,1017,1,45.0,0.15
50450,10239,1010,1,119.0,0.3
50451,10240,1005,1,55.0,0.0
50452,10241,1003,1,89.0,0.0
50453,10242,1018,1,175.0,0.0
50454,10243,1011,2,520.0,0.15
50455,10243,1015,1,890.0,0.1
50456,10243,1005,3,55.0,0.15
50457,10244,1014,1,149.0,0.1
50458,10244,1003,1,89.0,0.05
50459,10244,1016,3,210.0,0.15
50460,10244,1011,1,520.0,0.0
50461,10245,1001,1,450.0,0.15
50462,10246,1017,1,45.0,0.1
50463,10246,1009,4,320.0,0.05
50464,10247,1019,1,260.0,0.2
50465,10247,1018,1,175.0,0.0
50466,10248,1014,2,149.0,0.15
50467,10248,1015,1,890.0,0.0
50468,10248,1008,2,240.0,0.2
50469,10249,1002,3,680.0,0.0
50470,10249,1008,1,240.0,0.0
50471,10250,1001,1,450.0,0.0
50472,10250,1017,1,45.0,0.0
50473,10250,1010,2,119.0,0.1
50474,10250,1002,2,680.0,0.0
50475,10251,1014,1,149.0,0.05
50476,10252,1003,2,89.0,0.1
50477,10252,1005,1,55.0,0.0
50478,10253,1011,2,520.0,0.15
50479,10253,1004,1,160.0,0.0
50480,10253,1017,1,45.0,0.0
50481,10254,1007,1,75.0,0.0
50482,10255,1011,1,520.0,0.15
50483,10256,1013,2,95.0,0.05
50484,10257,1016,1,210.0,0.0
50485,10257,1019,4,260.0,0.0
50486,10258,1012,1,49.0,0.0
50487,10259,1012,2,49.0,0.0
50488,10259,1011,2,520.0,0.1
50489,10259,1014,1,149.0,0.0
50490,10259,1001,1,450.0,0.05
50491,10259,1019,4,260.0,0.15
50492,10260,1018,2,175.0,0.0
50493,10261,1013,1,95.0,0.15
50494,10261,1005,4,55.0,0.25
50495,10262,1010,1,119.0,0.15
50496,10263,1003,1,89.0,0.0
50497,10263,1008,2,240.0,0.15
50498,10264,1018,1,175.0,0.0
50499,10264,1010,3,119.0,0.0
50500,10264,1020,2,310.0,0.0
50501,10264,1019,1,260.0,0.05
50502,10265,1016,1,210.0,0.15
50503,10266,1006,1,130.0,0.2
50504,10267,1005,1,55.0,0.1
50505,10267,1006,1,130.0,0.0
50506,10268,1008,1,240.0,0.1
50507,10268,1002,1,680.0,0.15
50508,10269,1013,1,95.0,0.15
50509,10269,1019,1,260.0,0.25
50510,10269,1007,1,75.0,0.15
50511,10269,1009,1,320.0,0.0
50512,10269,1005,1,55.0,0.0
50513,10270,1007,2,75.0,0.0
50514,10270,1004,1,160.0,0.0
50515,10271,1014,1,149.0,0.1
50516,10272,1007,2,75.0,0.2
50517,10273,1009,1,320.0,0.0
50518,10274,1007,1,75.0,0.0
50519,10274,1014,1,149.0,0.0
50520,10275,1015,1,890.0,0.05
50521,10276,1009,1,320.0,0.0
50522,10276,1006,2,130.0,0.1
50523,10276,1016,1,210.0,0.3
50524,10276,1008,1,240.0,0.1
50525,10277,1009,2,320.0,0.1
50526,10277,1008,2,240.0,0.2
50527,10277,1018,1,175.0,0.25
50528,10278,1001,1,450.0,0.0
50529,10278,1016,1,210.0,0.15
50530,10279,1020,1,310.0,0.0
50531,10279,1019,1,260.0,0.0
50532,10280,1008,1,240.0,0.0
50533,10280,1018,3,175.0,0.0
50534,10281,1002,1,680.0,0.05
50535,10282,1005,1,55.0,0.0
50536,10283,1009,1,320.0,0.2
50537,10284,1003,2,89.0,0.0
50538,10284,1009,1,320.0,0.05
50539,10285,1017,1,45.0,0.2
50540,10286,1018,1,175.0,0.3
50541,10286,1006,1,130.0,0.1
50542,10286,1001,1,450.0,0.15
50543,10287,1007,1,75.0,0.1
50544,10287,1005,1,55.0,0.0
50545,10287,1010,1,119.0,0.2
50546,10288,1003,2,89.0,0.0
50547,10289,1014,1,149.0,0.0
50548,10289,1004,1,160.0,0.05
50549,10290,1018,3,175.0,0.2
50550,10290,1017,2,45.0,0.2
50551,10291,1018,1,175.0,0.0
50552,10292,1018,3,175.0,0.0
50553,10293,1006,1,130.0,0.0
50554,10294,1018,1,175.0,0.1
50555,10295,1002,2,680.0,0.0
50556,10295,1014,2,149.0,0.0
50557,10295,1016,1,210.0,0.1
50558,10296,1011,1,520.0,0.05
50559,10297,1001,1,450.0,0.15
50560,10297,1020,2,310.0,0.1
50561,10297,1003,1,89.0,0.0
50562,10298,1002,1,680.0,0.2
50563,10298,1001,1,450.0,0.05
50564,10299,1018,2,175.0,0.1
50565,10300,1010,1,119.0,0.15
50566,10301,1002,1,680.0,0.0
50567,10301,1020,1,310.0,0.0
50568,10302,1013,1,95.0,0.0
50569,10302,1020,1,310.0,0.0
50570,10303,1006,2,130.0,0.05
50571,10304,1002,1,680.0,0.0
50572,10305,1017,1,45.0,0.0
50573,10305,1001,2,450.0,0.0
50574,10305,1009,3,320.0,0.05
50575,10306,1003,1,89.0,0.0
50576,10306,1013,1,95.0,0.05
50577,10307,1010,1,119.0,0.0
50578,10307,1014,2,149.0,0.05
50579,10308,1010,3,119.0,0.0
50580,10309,1013,2,95.0,0.2
50581,10309,1006,1,130.0,0.05
50582,10309,1012,1,49.0,0.1
50583,10309,1018,1,175.0,0.1
50584,10310,1010,2,119.0,0.2
50585,10310,1014,1,149.0,0.25
50586,10311,1010,3,119.0,0.15
50587,10311,1008,1,240.0,0.1
50588,10311,1007,1,75.0,0.2
50589,10311,1018,1,175.0,0.15
50590,10311,1017,2,45.0,0.15
50591,10312,1004,1,160.0,0.25
50592,10312,1018,1,175.0,0.0
50593,10313,1008,2,240.0,0.1
50594,10313,1002,1,680.0,0.15
50595,10314,1004,1,160.0,0.0
50596,10314,1015,2,890.0,0.2
50597,10314,1017,1,45.0,0.0
50598,10314,1014,2,149.0,0.0
50599,10314,1001,1,450.0,0.0
50600,10315,1016,1,210.0,0.1
50601,10315,1009,1,320.0,0.15
50602,10316,1020,2,310.0,0.0
50603,10317,1019,1,260.0,0.0
50604,10317,1010,1,119.0,0.05
50605,10317,1004,2,160.0,0.1
50606,10318,1020,1,310.0,0.0
50607,10318,1017,1,45.0,0.0
50608,10318,1005,1,55.0,0.0
50609,10318,1003,1,89.0,0.05
50610,10319,1011,1,520.0,0.05
50611,10319,1008,1,240.0,0.15
50612,10320,1001,3,450.0,0.2
50613,10321,1013,2,95.0,0.0
50614,10322,1007,1,75.0,0.0
50615,10323,1017,1,45.0,0.0
50616,10323,1018,1,175.0,0.05
50617,10323,1006,2,130.0,0.1
50618,10324,1002,1,680.0,0.0
50619,10325,1002,1,680.0,0.1
50620,10325,1017,1,45.0,0.15
50621,10326,1019,2,260.0,0.1
50622,10326,1006,2,130.0,0.1
50623,10326,1013,2,95.0,0.15
50624,10326,1014,1,149.0,0.15
50625,10326,1018,2,175.0,0.0
50626,10327,1019,1,260.0,0.1
50627,10327,1008,1,240.0,0.15
50628,10328,1008,1,240.0,0.0
50629,10329,1001,4,450.0,0.0
50630,10330,1006,1,130.0,0.2
50631,10330,1007,1,75.0,0.1
50632,10331,1017,1,45.0,0.1
50633,10331,1005,1,55.0,0.15
50634,10332,1004,1,160.0,0.1
50635,10332,1005,2,55.0,0.0
50636,10332,1014,1,149.0,0.05
50637,10333,1013,1,95.0,0.05
50638,10333,1019,2,260.0,0.0
50639,10333,1020,1,310.0,0.1
50640,10334,1011,4,520.0,0.15
50641,10334,1019,1,260.0,0.0
50642,10334,1020,1,310.0,0.1
50643,10335,1002,2,680.0,0.0
50644,10335,1001,2,450.0,0.0
50645,10336,1002,1,680.0,0.2
50646,10337,1011,3,520.0,0.05
50647,10337,1001,1,450.0,0.1
50648,10337,1002,1,680.0,0.1
50649,10338,1006,2,130.0,0.1
50650,10339,1001,1,450.0,0.0
50651,10340,1019,3,260.0,0.05
50652,10340,1003,1,89.0,0.2
50653,10340,1009,1,320.0,0.0
50654,10340,1001,1,450.0,0.0
50655,10340,1013,3,95.0,0.0
50656,10341,1018,2,175.0,0.0
50657,10342,1006,1,130.0,0.0
50658,10343,1016,1,210.0,0.2
50659,10344,1018,1,175.0,0.0
50660,10344,1010,3,119.0,0.2
50661,10344,1019,1,260.0,0.0
50662,10345,1002,1,680.0,0.0
50663,10346,1015,2,890.0,0.0
50664,10346,1016,2,210.0,0.1
50665,10346,1017,2,45.0,0.2
50666,10346,1006,1,130.0,0.15
50667,10347,1018,1,175.0,0.15
50668,10348,1008,2,240.0,0.15
50669,10348,1018,1,175.0,0.1
50670,10348,1020,1,310.0,0.0
50671,10349,1019,1,260.0,0.2
50672,10349,1018,1,175.0,0.05
50673,10349,1014,1,149.0,0.2
50674,10350,1001,1,450.0,0.0
50675,10350,1012,1,49.0,0.0
50676,10350,1020,1,310.0,0.0
50677,10351,1011,1,520.0,0.0
50678,10352,1002,2,680.0,0.0
50679,10352,1018,1,175.0,0.1
50680,10352,1019,1,260.0,0.1
50681,10353,1020,1,310.0,0.15
50682,10353,1008,1,240.0,0.0
50683,10353,1018,3,175.0,0.1
50684,10354,1010,1,119.0,0.1
50685,10354,1012,1,49.0,0.15
50686,10355,1018,1,175.0,0.0
50687,10356,1015,3,890.0,0.0
50688,10356,1009,1,320.0,0.25
50689,10356,1013,1,95.0,0.1
50690,10356,1003,1,89.0,0.0
50691,10357,1005,1,55.0,0.0
50692,10357,1011,1,520.0,0.05
50693,10357,1017,1,45.0,0.05
50694,10358,1009,2,320.0,0.1
50695,10359,1019,1,260.0,0.0
50696,10360,1005,1,55.0,0.15
50697,10360,1018,2,175.0,0.15
50698,10361,1006,1,130.0,0.1
50699,10362,1016,2,210.0,0.0
50700,10362,1006,1,130.0,0.0
50701,10363,1012,1,49.0,0.3
50702,10363,1004,1,160.0,0.1
50703,10364,1018,2,175.0,0.15
50704,10364,1011,1,520.0,0.0
50705,10364,1001,1,450.0,0.0
50706,10364,1019,1,260.0,0.2
50707,10365,1020,1,310.0,0.15
50708,10365,1016,1,210.0,0.0
50709,10365,1006,2,130.0,0.0
50710,10365,1002,1,680.0,0.05
50711,10366,1007,1,75.0,0.05
50712,10366,1004,2,160.0,0.15
50713,10366,1020,1,310.0,0.15
50714,10367,1002,3,680.0,0.0
50715,10367,1001,2,450.0,0.15
50716,10367,1009,1,320.0,0.15
50717,10368,1017,3,45.0,0.0
50718,10369,1001,1,450.0,0.15
50719,10369,1009,1,320.0,0.2
50720,10369,1012,1,49.0,0.0
50721,10370,1011,1,520.0,0.2
50722,10371,1014,2,149.0,0.0
50723,10371,1012,1,49.0,0.05
50724,10372,1014,3,149.0,0.0
50725,10372,1011,1,520.0,0.0
50726,10372,1001,1,450.0,0.1
50727,10372,1005,1,55.0,0.2
50728,10373,1003,1,89.0,0.05
50729,10373,1007,1,75.0,0.1
50730,10373,1001,1,450.0,0.15
50731,10374,1013,1,95.0,0.2
50732,10374,1020,1,310.0,0.0
50733,10375,1010,1,119.0,0.0
50734,10375,1014,1,149.0,0.0
50735,10376,1003,1,89.0,0.1
50736,10377,1003,1,89.0,0.1
50737,10378,1013,1,95.0,0.1
50738,10379,1019,3,260.0,0.0
50739,10380,1004,1,160.0,0.0
50740,10381,1015,1,890.0,0.0
50741,10382,1001,1,450.0,0.15
50742,10382,1011,2,520.0,0.0
50743,10382,1006,1,130.0,0.0
50744,10382,1018,1,175.0,0.0
50745,10383,1018,1,175.0,0.2
50746,10384,1010,1,119.0,0.0
50747,10385,1013,1,95.0,0.15
50748,10386,1004,2,160.0,0.1
50749,10386,1006,2,130.0,0.1
50750,10387,1011,1,520.0,0.2
50751,10388,1011,1,520.0,0.25
50752,10389,1004,1,160.0,0.05
50753,10389,1005,2,55.0,0.0
50754,10389,1012,1,49.0,0.1
50755,10390,1017,1,45.0,0.1
50756,10390,1019,1,260.0,0.15
50757,10391,1002,2,680.0,0.15
50758,10392,1008,1,240.0,0.0
50759,10392,1013,2,95.0,0.15
50760,10392,1003,2,89.0,0.0
50761,10392,1011,2,520.0,0.0
50762,10392,1004,2,160.0,0.05
50763,10393,1003,1,89.0,0.0
50764,10393,1010,2,119.0,0.1
50765,10394,1003,1,89.0,0.0
50766,10394,1007,1,75.0,0.0
50767,10394,1016,1,210.0,0.0
50768,10394,1020,1,310.0,0.15
50769,10394,1004,1,160.0,0.05
50770,10395,1017,3,45.0,0.0
50771,10395,1015,1,890.0,0.15
50772,10396,1018,1,175.0,0.0
50773,10397,1010,1,119.0,0.0
50774,10398,1001,1,450.0,0.0
50775,10398,1019,1,260.0,0.15
50776,10398,1011,1,520.0,0.15
50777,10398,1005,1,55.0,0.25
50778,10399,1007,1,75.0,0.05
50779,10399,1019,1,260.0,0.0
50780,10399,1012,1,49.0,0.15
50781,10400,1018,1,175.0,0.15
50782,10400,1012,1,49.0,0.15
50783,10401,1016,3,210.0,0.05
50784,10402,1006,1,130.0,0.0
50785,10403,1001,1,450.0,0.0
50786,10403,1008,1,240.0,0.0
50787,10403,1010,2,119.0,0.15
50788,10404,1010,1,119.0,0.05
50789,10405,1006,3,130.0,0.0
50790,10406,1001,1,450.0,0.0
50791,10406,1004,1,160.0,0.05
50792,10407,1013,1,95.0,0.2
50793,10408,1012,1,49.0,0.1
50794,10408,1015,2,890.0,0.0
50795,10409,1014,1,149.0,0.0
50796,10409,1015,1,890.0,0.0
50797,10410,1014,1,149.0,0.1
50798,10411,1016,1,210.0,0.1
50799,10411,1001,1,450.0,0.3
50800,10412,1015,2,890.0,0.0
50801,10412,1009,1,320.0,0.0
50802,10412,1014,1,149.0,0.0
50803,10413,1009,1,320.0,0.05
50804,10414,1004,1,160.0,0.1
50805,10414,1002,1,680.0,0.0
50806,10414,1015,1,890.0,0.1
50807,10415,1019,1,260.0,0.1
50808,10415,1009,1,320.0,0.0
50809,10415,1001,1,450.0,0.0
50810,10416,1013,3,95.0,0.0
50811,10417,1008,2,240.0,0.15
50812,10417,1020,1,310.0,0.0
50813,10418,1015,2,890.0,0.1
50814,10418,1001,3,450.0,0.0
50815,10418,1003,1,89.0,0.0
50816,10418,1009,1,320.0,0.15
50817,10418,1006,2,130.0,0.0
50818,10419,1018,3,175.0,0.15
50819,10420,1004,1,160.0,0.1
50820,10420,1003,1,89.0,0.25
50821,10420,1015,2,890.0,0.1
50822,10420,1001,2,450.0,0.2
50823,10421,1006,1,130.0,0.2
50824,10421,1004,1,160.0,0.1
50825,10422,1001,1,450.0,0.0
50826,10423,1003,2,89.0,0.0
50827,10424,1003,3,89.0,0.1
50828,10425,1014,2,149.0,0.0
50829,10425,1018,1,175.0,0.05
50830,10426,1019,1,260.0,0.05
50831,10427,1014,1,149.0,0.2
50832,10428,1011,1,520.0,0.05
50833,10428,1013,1,95.0,0.05
50834,10429,1014,1,149.0,0.0
50835,10429,1010,1,119.0,0.1
50836,10429,1013,1,95.0,0.05
50837,10430,1013,1,95.0,0.1
50838,10431,1005,4,55.0,0.05
50839,10432,1003,1,89.0,0.0
50840,10432,1020,2,310.0,0.1
50841,10433,1006,1,130.0,0.0
50842,10433,1007,1,75.0,0.05
50843,10434,1009,1,320.0,0.1
50844,10435,1009,2,320.0,0.05
50845,10436,1007,1,75.0,0.15
50846,10436,1010,1,119.0,0.15
50847,10437,1020,1,310.0,0.1
50848,10437,1018,1,175.0,0.1
50849,10438,1005,1,55.0,0.0
50850,10438,1004,1,160.0,0.2
50851,10438,1009,2,320.0,0.1
50852,10439,1020,1,310.0,0.15
50853,10439,1018,1,175.0,0.0
50854,10440,1003,1,89.0,0.05
50855,10441,1018,1,175.0,0.0
50856,10441,1013,3,95.0,0.05
50857,10441,1007,1,75.0,0.0
50858,10442,1001,1,450.0,0.1
50859,10443,1010,2,119.0,0.3
50860,10444,1014,1,149.0,0.0
50861,10444,1016,1,210.0,0.0
50862,10445,1015,1,890.0,0.0
50863,10445,1011,1,520.0,0.15
50864,10446,1001,1,450.0,0.05
50865,10446,1014,1,149.0,0.0
50866,10446,1005,1,55.0,0.0
50867,10447,1013,1,95.0,0.05
50868,10448,1006,1,130.0,0.0
50869,10449,1016,1,210.0,0.0
50870,10449,1020,1,310.0,0.0
50871,10449,1010,1,119.0,0.0
50872,10449,1013,4,95.0,0.0
50873,10450,1002,2,680.0,0.2
50874,10450,1001,1,450.0,0.0
50875,10451,1003,1,89.0,0.1
50876,10452,1009,2,320.0,0.2
50877,10452,1015,1,890.0,0.05
50878,10452,1005,1,55.0,0.0
50879,10452,1014,1,149.0,0.0
50880,10453,1012,1,49.0,0.15
50881,10454,1006,1,130.0,0.0
50882,10454,1012,1,49.0,0.05
50883,10454,1009,1,320.0,0.1
50884,10454,1017,1,45.0,0.05
50885,10454,1020,3,310.0,0.0
50886,10455,1015,1,890.0,0.0
50887,10456,1013,2,95.0,0.0
50888,10457,1007,2,75.0,0.1
50889,10458,1001,1,450.0,0.0
50890,10459,1007,1,75.0,0.05
50891,10460,1005,1,55.0,0.0
50892,10460,1009,2,320.0,0.1
50893,10461,1013,1,95.0,0.0
50894,10461,1015,2,890.0,0.15
50895,10462,1012,1,49.0,0.1
50896,10462,1009,2,320.0,0.2
50897,10462,1019,1,260.0,0.05
50898,10462,1014,1,149.0,0.05
50899,10463,1020,1,310.0,0.0
50900,10464,1019,4,260.0,0.0
50901,10464,1020,2,310.0,0.1
50902,10464,1014,2,149.0,0.0
50903,10465,1004,1,160.0,0.0
50904,10465,1009,1,320.0,0.15
50905,10465,1015,2,890.0,0.3
50906,10466,1019,2,260.0,0.15
50907,10466,1007,1,75.0,0.0
50908,10466,1006,1,130.0,0.0
50909,10466,1017,1,45.0,0.0
50910,10467,1017,1,45.0,0.05
50911,10468,1004,1,160.0,0.15
50912,10468,1001,1,450.0,0.05
50913,10469,1008,2,240.0,0.0
50914,10469,1003,2,89.0,0.15
50915,10469,1017,1,45.0,0.0
50916,10469,1002,1,680.0,0.05
50917,10470,1007,1,75.0,0.3
50918,10471,1009,3,320.0,0.25
50919,10472,1002,1,680.0,0.25
50920,10473,1013,2,95.0,0.0
50921,10474,1015,1,890.0,0.0
50922,10475,1020,1,310.0,0.05
50923,10476,1005,1,55.0,0.05
50924,10477,1017,1,45.0,0.1
50925,10477,1008,2,240.0,0.1
50926,10477,1018,1,175.0,0.3
50927,10478,1012,2,49.0,0.05
50928,10479,1001,1,450.0,0.0
50929,10479,1008,1,240.0,0.15
50930,10479,1005,4,55.0,0.05
50931,10480,1003,1,89.0,0.05
50932,10480,1005,1,55.0,0.0
50933,10481,1020,1,310.0,0.05
50934,10482,1016,1,210.0,0.0
50935,10482,1011,1,520.0,0.15
50936,10483,1005,1,55.0,0.0
50937,10484,1017,1,45.0,0.1
50938,10485,1019,1,260.0,0.05
50939,10485,1001,2,450.0,0.2
50940,10485,1002,1,680.0,0.25
50941,10486,1016,1,210.0,0.1
50942,10486,1006,1,130.0,0.15
50943,10486,1017,2,45.0,0.0
50944,10487,1009,1,320.0,0.0
50945,10488,1003,1,89.0,0.05
50946,10489,1012,3,49.0,0.1
50947,10490,1014,1,149.0,0.1
50948,10491,1019,1,260.0,0.0
50949,10492,1001,1,450.0,0.15
50950,10492,1016,4,210.0,0.0
50951,10493,1008,2,240.0,0.1
50952,10493,1005,1,55.0,0.1
50953,10494,1018,2,175.0,0.15
50954,10494,1003,1,89.0,0.0
50955,10494,1007,1,75.0,0.05
50956,10495,1010,1,119.0,0.2
50957,10496,1008,1,240.0,0.0
50958,10496,1011,2,520.0,0.2
50959,10496,1005,1,55.0,0.05
50960,10497,1018,1,175.0,0.25
50961,10497,1017,1,45.0,0.0
50962,10497,1007,2,75.0,0.15
50963,10498,1011,1,520.0,0.1
50964,10498,1020,2,310.0,0.05
50965,10499,1013,1,95.0,0.1
50966,10500,1011,1,520.0,0.0
50967,10500,1004,1,160.0,0.2
50968,10500,1002,1,680.0,0.0
50969,10500,1016,3,210.0,0.2
50970,10501,1001,1,450.0,0.0
50971,10501,1005,3,55.0,0.1
50972,10502,1020,1,310.0,0.0
50973,10503,1002,1,680.0,0.0
50974,10503,1003,1,89.0,0.0
50975,10503,1011,2,520.0,0.15
50976,10504,1015,1,890.0,0.25
50977,10505,1018,3,175.0,0.15
50978,10505,1002,1,680.0,0.05
50979,10506,1013,1,95.0,0.1
50980,10507,1019,1,260.0,0.0
50981,10507,1004,3,160.0,0.2
50982,10508,1010,1,119.0,0.2
50983,10509,1018,2,175.0,0.0
50984,10509,1012,1,49.0,0.0
50985,10509,1019,1,260.0,0.0
50986,10510,1013,1,95.0,0.2
50987,10510,1019,2,260.0,0.0
50988,10511,1008,4,240.0,0.1
50989,10512,1019,1,260.0,0.05
50990,10512,1010,4,119.0,0.1
50991,10513,1013,1,95.0,0.2
50992,10513,1011,1,520.0,0.0
50993,10514,1019,1,260.0,0.0
50994,10514,1005,1,55.0,0.0
50995,10515,1014,1,149.0,0.0
50996,10515,1002,2,680.0,0.1
50997,10516,1004,1,160.0,0.0
50998,10516,1003,1,89.0,0.15
50999,10516,1013,1,95.0,0.05
51000,10517,1018,1,175.0,0.1
51001,10517,1015,1,890.0,0.0
51002,10518,1008,1,240.0,0.1
51003,10519,1012,2,49.0,0.0
51004,10520,1006,1,130.0,0.05
51005,10520,1004,1,160.0,0.0
51006,10521,1012,1,49.0,0.0
51007,10521,1019,1,260.0,0.0
51008,10522,1011,1,520.0,0.1
51009,10522,1019,1,260.0,0.15
51010,10523,1011,1,520.0,0.15
51011,10523,1008,1,240.0,0.0
51012,10523,1016,1,210.0,0.05
51013,10524,1010,2,119.0,0.05
51014,10525,1002,1,680.0,0.0
51015,10526,1005,1,55.0,0.0
51016,10526,1002,1,680.0,0.0
51017,10527,1012,1,49.0,0.15
51018,10528,1015,1,890.0,0.2
51019,10529,1002,1,680.0,0.05
51020,10529,1005,2,55.0,0.05
51021,10530,1020,3,310.0,0.05
51022,10530,1008,1,240.0,0.05
51023,10531,1001,1,450.0,0.2
51024,10531,1006,1,130.0,0.15
51025,10531,1003,1,89.0,0.05
51026,10532,1001,1,450.0,0.1
51027,10533,1005,1,55.0,0.1
51028,10534,1012,1,49.0,0.05
51029,10534,1013,2,95.0,0.15
51030,10535,1014,1,149.0,0.0
51031,10536,1010,1,119.0,0.05
51032,10537,1004,1,160.0,0.25
51033,10538,1018,1,175.0,0.1
51034,10538,1011,1,520.0,0.2
51035,10538,1009,1,320.0,0.15
51036,10538,1005,3,55.0,0.1
51037,10539,1008,1,240.0,0.15
51038,10540,1008,1,240.0,0.15
51039,10540,1005,1,55.0,0.0
51040,10541,1008,1,240.0,0.0
51041,10541,1020,2,310.0,0.15
51042,10542,1012,4,49.0,0.0
51043,10543,1016,2,210.0,0.0
51044,10543,1011,1,520.0,0.05
51045,10544,1014,1,149.0,0.15
51046,10544,1012,1,49.0,0.0
51047,10544,1016,3,210.0,0.0
51048,10544,1009,1,320.0,0.0
51049,10545,1001,1,450.0,0.15
51050,10545,1019,1,260.0,0.2
51051,10546,1011,1,520.0,0.05
51052,10546,1012,2,49.0,0.0
51053,10547,1019,1,260.0,0.2
51054,10547,1007,3,75.0,0.15
51055,10548,1002,1,680.0,0.0
51056,10548,1015,2,890.0,0.0
51057,10549,1017,2,45.0,0.0
51058,10549,1012,1,49.0,0.0
51059,10550,1007,1,75.0,0.25
51060,10551,1016,1,210.0,0.05
51061,10552,1014,2,149.0,0.1
51062,10552,1011,1,520.0,0.0
51063,10553,1007,1,75.0,0.0
51064,10554,1015,1,890.0,0.15
51065,10554,1018,1,175.0,0.0
51066,10554,1003,4,89.0,0.0
51067,10555,1003,1,89.0,0.05
51068,10555,1010,2,119.0,0.0
51069,10556,1005,1,55.0,0.05
51070,10557,1016,1,210.0,0.05
51071,10557,1008,3,240.0,0.0
51072,10558,1015,1,890.0,0.05
51073,10559,1008,1,240.0,0.0
51074,10559,1012,1,49.0,0.0
51075,10559,1020,1,310.0,0.0
51076,10560,1016,2,210.0,0.0
51077,10561,1001,1,450.0,0.0
51078,10562,1018,1,175.0,0.25
51079,10562,1020,1,310.0,0.15
51080,10562,1006,1,130.0,0.2
51081,10563,1015,2,890.0,0.0
51082,10564,1006,2,130.0,0.1
51083,10565,1019,1,260.0,0.1
51084,10566,1013,1,95.0,0.1
51085,10567,1008,2,240.0,0.0
51086,10567,1016,1,210.0,0.0
51087,10567,1020,2,310.0,0.0
51088,10567,1003,2,89.0,0.0
51089,10568,1016,1,210.0,0.0
51090,10568,1012,1,49.0,0.05
51091,10569,1003,3,89.0,0.0
51092,10569,1012,1,49.0,0.15
51093,10569,1020,1,310.0,0.0
51094,10569,1014,1,149.0,0.1
51095,10570,1015,1,890.0,0.1
51096,10570,1018,1,175.0,0.1
51097,10571,1001,1,450.0,0.0
51098,10571,1003,1,89.0,0.2
51099,10571,1016,1,210.0,0.15
51100,10571,1004,1,160.0,0.2
51101,10571,1005,1,55.0,0.1
51102,10572,1003,1,89.0,0.1
51103,10572,1006,1,130.0,0.05
51104,10573,1001,3,450.0,0.05
51105,10573,1015,3,890.0,0.0
51106,10574,1007,1,75.0,0.1
51107,10574,1019,1,260.0,0.05
51108,10574,1010,1,119.0,0.0
51109,10575,1004,1,160.0,0.0
51110,10576,1013,4,95.0,0.1
51111,10576,1009,1,320.0,0.2
51112,10577,1018,1,175.0,0.0
51113,10578,1015,1,890.0,0.2
51114,10579,1002,1,680.0,0.25
51115,10579,1019,1,260.0,0.1
51116,10580,1005,1,55.0,0.0
51117,10580,1019,1,260.0,0.05
51118,10581,1006,1,130.0,0.05
51119,10582,1020,1,310.0,0.0
51120,10582,1010,1,119.0,0.0
51121,10582,1017,1,45.0,0.15
51122,10583,1010,1,119.0,0.15
51123,10583,1008,2,240.0,0.0
51124,10583,1020,1,310.0,0.1
51125,10584,1009,1,320.0,0.0
51126,10584,1020,1,310.0,0.0
51127,10584,1015,1,890.0,0.05
51128,10585,1017,1,45.0,0.15
51129,10585,1014,1,149.0,0.0
51130,10586,1016,2,210.0,0.0
51131,10587,1019,1,260.0,0.0
51132,10588,1001,2,450.0,0.1
51133,10588,1005,1,55.0,0.05
51134,10589,1017,1,45.0,0.0
51135,10589,1013,1,95.0,0.05
51136,10589,1007,1,75.0,0.2
51137,10590,1003,1,89.0,0.0
51138,10591,1003,1,89.0,0.2
51139,10592,1007,3,75.0,0.15
51140,10592,1014,1,149.0,0.0
51141,10592,1006,1,130.0,0.0
51142,10593,1015,1,890.0,0.05
51143,10594,1002,1,680.0,0.1
51144,10594,1018,1,175.0,0.0
51145,10594,1011,2,520.0,0.15
51146,10595,1010,1,119.0,0.0
51147,10596,1008,1,240.0,0.05
51148,10597,1011,1,520.0,0.15
51149,10598,1005,1,55.0,0.0
51150,10598,1008,1,240.0,0.0
51151,10599,1007,1,75.0,0.05
51152,10600,1001,1,450.0,0.05
51153,10601,1002,1,680.0,0.1
51154,10602,1003,3,89.0,0.05
51155,10603,1005,1,55.0,0.15
51156,10603,1010,1,119.0,0.2
51157,10603,1002,1,680.0,0.2
51158,10603,1012,1,49.0,0.15
51159,10604,1014,2,149.0,0.0
51160,10604,1004,1,160.0,0.1
51161,10604,1006,1,130.0,0.2
51162,10605,1003,1,89.0,0.1
51163,10605,1006,2,130.0,0.1
51164,10606,1009,2,320.0,0.05
51165,10607,1003,1,89.0,0.0
51166,10607,1006,3,130.0,0.0
51167,10608,1018,2,175.0,0.2
51168,10608,1014,1,149.0,0.1
51169,10608,1002,2,680.0,0.2
51170,10608,1003,1,89.0,0.05
51171,10608,1015,1,890.0,0.1
51172,10609,1004,1,160.0,0.0
51173,10609,1016,2,210.0,0.2
51174,10610,1001,1,450.0,0.0
51175,10611,1009,2,320.0,0.05
51176,10611,1019,3,260.0,0.2
51177,10612,1020,2,310.0,0.0
51178,10612,1019,1,260.0,0.1
51179,10613,1011,1,520.0,0.1
51180,10614,1007,1,75.0,0.2
51181,10615,1016,1,210.0,0.0
51182,10615,1020,2,310.0,0.0
51183,10616,1005,1,55.0,0.05
51184,10616,1020,1,310.0,0.0
51185,10617,1005,1,55.0,0.0
51186,10618,1007,1,75.0,0.0
51187,10619,1008,1,240.0,0.05
51188,10619,1006,1,130.0,0.0
51189,10620,1017,1,45.0,0.1
51190,10620,1004,2,160.0,0.1
51191,10621,1019,1,260.0,0.0
51192,10622,1001,1,450.0,0.2
51193,10622,1002,2,680.0,0.05
51194,10622,1013,1,95.0,0.05
51195,10623,1010,1,119.0,0.15
51196,10623,1013,1,95.0,0.05
51197,10624,1014,1,149.0,0.0
51198,10624,1005,1,55.0,0.1
51199,10625,1004,3,160.0,0.2
51200,10625,1010,1,119.0,0.2
51201,10625,1016,2,210.0,0.0
51202,10626,1020,1,310.0,0.0
51203,10626,1009,1,320.0,0.0
51204,10627,1014,1,149.0,0.0
51205,10628,1007,1,75.0,0.1
51206,10629,1002,1,680.0,0.0
51207,10630,1014,2,149.0,0.05
51208,10630,1006,3,130.0,0.1
51209,10631,1007,2,75.0,0.05
51210,10631,1020,1,310.0,0.1
51211,10632,1014,1,149.0,0.15
51212,10633,1006,2,130.0,0.15
51213,10633,1007,1,75.0,0.1
51214,10634,1020,1,310.0,0.0
51215,10634,1003,3,89.0,0.05
51216,10635,1004,1,160.0,0.05
51217,10635,1002,1,680.0,0.0
51218,10636,1009,1,320.0,0.05
51219,10636,1008,1,240.0,0.05
51220,10636,1003,1,89.0,0.1
51221,10637,1010,1,119.0,0.0
51222,10637,1012,1,49.0,0.3
51223,10638,1013,1,95.0,0.05
51224,10639,1019,1,260.0,0.0
51225,10639,1001,2,450.0,0.0
51226,10639,1015,1,890.0,0.2
51227,10640,1018,1,175.0,0.1
51228,10640,1001,1,450.0,0.1
51229,10641,1003,3,89.0,0.0
51230,10642,1015,1,890.0,0.1
51231,10643,1010,1,119.0,0.0
51232,10643,1019,1,260.0,0.1
51233,10643,1018,1,175.0,0.05
51234,10643,1001,1,450.0,0.25
51235,10643,1009,1,320.0,0.2
51236,10644,1010,1,119.0,0.2
51237,10645,1004,2,160.0,0.0
51238,10646,1010,1,119.0,0.1
51239,10647,1004,1,160.0,0.2
51240,10647,1018,1,175.0,0.2
51241,10647,1012,1,49.0,0.05
51242,10648,1013,1,95.0,0.2
51243,10648,1004,1,160.0,0.1
51244,10649,1018,1,175.0,0.1
51245,10650,1004,1,160.0,0.0
51246,10651,1002,1,680.0,0.1
51247,10651,1013,3,95.0,0.1
51248,10652,1005,1,55.0,0.15
51249,10653,1014,2,149.0,0.0
51250,10654,1010,1,119.0,0.0
51251,10655,1011,1,520.0,0.1
51252,10655,1012,1,49.0,0.0
51253,10656,1003,3,89.0,0.0
51254,10657,1008,1,240.0,0.05
51255,10658,1005,1,55.0,0.0
51256,10659,1018,1,175.0,0.0
51257,10659,1011,1,520.0,0.0
51258,10660,1011,1,520.0,0.0
51259,10661,1002,1,680.0,0.0
51260,10662,1015,1,890.0,0.0
51261,10663,1010,2,119.0,0.1
51262,10664,1004,1,160.0,0.05
51263,10665,1017,3,45.0,0.0
51264,10665,1006,1,130.0,0.1
51265,10665,1014,2,149.0,0.0
51266,10666,1010,2,119.0,0.05
51267,10667,1010,1,119.0,0.15
51268,10668,1017,1,45.0,0.2
51269,10668,1002,1,680.0,0.1
51270,10668,1004,1,160.0,0.0
51271,10669,1006,2,130.0,0.1
51272,10669,1019,1,260.0,0.0
51273,10670,1014,1,149.0,0.1
51274,10670,1009,1,320.0,0.0
51275,10670,1011,1,520.0,0.0
51276,10671,1008,1,240.0,0.15
51277,10671,1011,1,520.0,0.05
51278,10672,1017,2,45.0,0.0
51279,10673,1010,1,119.0,0.1
51280,10673,1017,2,45.0,0.2
51281,10673,1018,1,175.0,0.2
51282,10674,1004,1,160.0,0.1
51283,10674,1009,1,320.0,0.0
51284,10674,1007,1,75.0,0.0
51285,10674,1014,1,149.0,0.05
51286,10675,1019,2,260.0,0.0
51287,10675,1008,3,240.0,0.0
51288,10675,1016,1,210.0,0.15
51289,10676,1002,1,680.0,0.0
51290,10676,1012,1,49.0,0.0
51291,10677,1011,1,520.0,0.0
51292,10677,1017,1,45.0,0.25
51293,10678,1013,1,95.0,0.15
51294,10679,1018,1,175.0,0.1
51295,10680,1014,1,149.0,0.0
51296,10681,1011,1,520.0,0.0
51297,10682,1017,2,45.0,0.0
51298,10682,1016,1,210.0,0.0
51299,10682,1007,1,75.0,0.15
51300,10682,1013,1,95.0,0.0
51301,10683,1018,3,175.0,0.25
51302,10683,1011,2,520.0,0.05
51303,10684,1011,2,520.0,0.15
51304,10685,1004,1,160.0,0.0
51305,10686,1008,1,240.0,0.0
51306,10686,1016,1,210.0,0.1
51307,10686,1019,4,260.0,0.1
51308,10687,1003,1,89.0,0.0
51309,10688,1009,1,320.0,0.05
51310,10689,1007,1,75.0,0.0
51311,10690,1009,1,320.0,0.05
51312,10691,1001,1,450.0,0.0
51313,10691,1019,1,260.0,0.0
51314,10691,1014,2,149.0,0.2
51315,10692,1009,1,320.0,0.0
51316,10692,1017,1,45.0,0.15
51317,10693,1016,1,210.0,0.0
51318,10694,1013,1,95.0,0.2
51319,10694,1009,1,320.0,0.15
51320,10694,1002,2,680.0,0.1
51321,10695,1020,3,310.0,0.0
51322,10695,1004,1,160.0,0.05
51323,10696,1012,1,49.0,0.0
51324,10697,1020,1,310.0,0.0
51325,10697,1002,1,680.0,0.0
51326,10697,1012,1,49.0,0.15
51327,10698,1006,1,130.0,0.15
51328,10698,1009,2,320.0,0.1
51329,10699,1005,1,55.0,0.0
51330,10700,1013,2,95.0,0.0
51331,10700,1009,1,320.0,0.0
51332,10701,1001,1,450.0,0.2
51333,10702,1020,1,310.0,0.0
51334,10703,1001,1,450.0,0.05
51335,10704,1018,1,175.0,0.0
51336,10705,1008,1,240.0,0.25
51337,10706,1003,2,89.0,0.0
51338,10706,1007,1,75.0,0.0
51339,10707,1016,1,210.0,0.05
51340,10707,1003,1,89.0,0.0
51341,10708,1004,1,160.0,0.0
51342,10708,1016,2,210.0,0.15
51343,10709,1002,4,680.0,0.0
51344,10710,1003,1,89.0,0.0
51345,10711,1005,1,55.0,0.15
51346,10711,1001,2,450.0,0.05
51347,10711,1009,1,320.0,0.1
51348,10712,1012,1,49.0,0.0
51349,10712,1019,1,260.0,0.1
51350,10712,1018,1,175.0,0.25
51351,10712,1020,1,310.0,0.2
51352,10713,1010,1,119.0,0.15
51353,10713,1018,2,175.0,0.1
51354,10713,1014,1,149.0,0.0
51355,10713,1009,1,320.0,0.0
51356,10713,1016,1,210.0,0.1
51357,10714,1018,3,175.0,0.25
51358,10715,1010,1,119.0,0.05
51359,10716,1011,1,520.0,0.0
51360,10716,1008,1,240.0,0.15
51361,10716,1009,1,320.0,0.0
51362,10717,1006,1,130.0,0.2
51363,10718,1005,1,55.0,0.0
51364,10718,1001,2,450.0,0.15
51365,10719,1010,1,119.0,0.3
51366,10720,1017,1,45.0,0.15
51367,10721,1007,1,75.0,0.1
51368,10721,1015,1,890.0,0.15
51369,10722,1011,4,520.0,0.25
51370,10722,1010,3,119.0,0.2
51371,10722,1018,1,175.0,0.05
51372,10723,1019,1,260.0,0.0
51373,10723,1017,1,45.0,0.15
51374,10723,1009,3,320.0,0.0
51375,10723,1008,1,240.0,0.2
51376,10724,1011,1,520.0,0.1
51377,10724,1017,2,45.0,0.0
51378,10725,1011,2,520.0,0.0
51379,10726,1009,2,320.0,0.05
51380,10727,1001,2,450.0,0.15
51381,10728,1007,1,75.0,0.15
51382,10728,1014,1,149.0,0.2
51383,10729,1018,1,175.0,0.1
51384,10729,1005,3,55.0,0.1
51385,10729,1020,2,310.0,0.25
51386,10729,1011,1,520.0,0.0
51387,10729,1004,1,160.0,0.2
51388,10730,1009,1,320.0,0.0
51389,10731,1001,1,450.0,0.15
51390,10731,1003,1,89.0,0.3
51391,10732,1005,1,55.0,0.2
51392,10733,1011,1,520.0,0.1
51393,10734,1010,4,119.0,0.1
51394,10734,1006,1,130.0,0.1
51395,10734,1005,1,55.0,0.05
51396,10734,1015,1,890.0,0.0
51397,10734,1014,1,149.0,0.05
51398,10735,1005,1,55.0,0.0
51399,10735,1009,1,320.0,0.0
51400,10736,1005,1,55.0,0.0
51401,10736,1015,1,890.0,0.0
51402,10737,1013,4,95.0,0.25
51403,10737,1005,1,55.0,0.05
51404,10737,1019,4,260.0,0.2
51405,10737,1009,1,320.0,0.2
51406,10738,1006,1,130.0,0.05
51407,10738,1019,1,260.0,0.25
51408,10738,1002,1,680.0,0.1
51409,10739,1011,2,520.0,0.15
51410,10740,1004,1,160.0,0.15
51411,10740,1005,1,55.0,0.0
51412,10741,1006,3,130.0,0.05
51413,10741,1001,1,450.0,0.0
51414,10742,1007,1,75.0,0.0
51415,10742,1018,1,175.0,0.0
51416,10743,1010,2,119.0,0.0
51417,10743,1017,1,45.0,0.0
51418,10744,1013,1,95.0,0.05
51419,10745,1004,1,160.0,0.2
51420,10745,1017,1,45.0,0.0
51421,10746,1020,1,310.0,0.0
51422,10746,1002,3,680.0,0.0
51423,10746,1003,2,89.0,0.0
51424,10747,1015,1,890.0,0.15
51425,10747,1018,1,175.0,0.1
51426,10748,1009,1,320.0,0.0
51427,10748,1004,3,160.0,0.05
51428,10749,1015,1,890.0,0.0
51429,10750,1015,1,890.0,0.05
51430,10750,1017,2,45.0,0.1
51431,10751,1001,1,450.0,0.1
51432,10752,1007,1,75.0,0.1
51433,10753,1004,1,160.0,0.0
51434,10753,1018,1,175.0,0.05
51435,10754,1018,1,175.0,0.05
51436,10754,1001,2,450.0,0.1
51437,10754,1020,1,310.0,0.1
51438,10755,1013,3,95.0,0.0
51439,10756,1013,1,95.0,0.0
51440,10756,1018,1,175.0,0.0
51441,10757,1004,1,160.0,0.15
51442,10758,1002,1,680.0,0.1
51443,10759,1001,1,450.0,0.0
51444,10759,1007,3,75.0,0.1
51445,10760,1011,1,520.0,0.0
51446,10760,1008,1,240.0,0.0
51447,10760,1002,1,680.0,0.1
51448,10761,1008,1,240.0,0.2
51449,10761,1020,2,310.0,0.0
51450,10762,1009,1,320.0,0.3
51451,10762,1016,1,210.0,0.15
51452,10762,1014,1,149.0,0.05
51453,10763,1004,1,160.0,0.05
51454,10764,1019,1,260.0,0.0
51455,10765,1002,2,680.0,0.15
51456,10766,1010,1,119.0,0.15
51457,10767,1002,1,680.0,0.0
51458,10767,1012,1,49.0,0.0
51459,10768,1016,1,210.0,0.15
51460,10768,1018,1,175.0,0.05
51461,10768,1008,1,240.0,0.0
51462,10769,1010,1,119.0,0.1
51463,10769,1017,1,45.0,0.0
51464,10769,1011,1,520.0,0.0
51465,10770,1017,2,45.0,0.3
51466,10771,1013,1,95.0,0.0
51467,10772,1013,1,95.0,0.0
51468,10772,1016,1,210.0,0.0
51469,10773,1001,2,450.0,0.1
51470,10774,1009,2,320.0,0.0
51471,10775,1017,1,45.0,0.0
51472,10775,1015,1,890.0,0.05
51473,10776,1017,2,45.0,0.05
51474,10776,1009,2,320.0,0.15
51475,10776,1005,1,55.0,0.15
51476,10777,1004,2,160.0,0.15
51477,10777,1003,1,89.0,0.05
51478,10778,1010,1,119.0,0.2
51479,10779,1008,1,240.0,0.2
51480,10779,1002,2,680.0,0.25
51481,10780,1006,1,130.0,0.3
51482,10781,1013,1,95.0,0.1
51483,10782,1001,2,450.0,0.0
51484,10782,1007,2,75.0,0.05
51485,10783,1007,1,75.0,0.0
51486,10784,1004,1,160.0,0.0
51487,10784,1015,1,890.0,0.25
51488,10785,1013,2,95.0,0.0
51489,10786,1020,1,310.0,0.1
51490,10787,1003,2,89.0,0.0
51491,10787,1006,1,130.0,0.0
51492,10788,1018,3,175.0,0.1
51493,10788,1010,1,119.0,0.15
51494,10788,1012,1,49.0,0.0
51495,10789,1016,4,210.0,0.05
51496,10790,1004,1,160.0,0.1
51497,10791,1010,1,119.0,0.1
51498,10791,1008,1,240.0,0.0
51499,10791,1002,2,680.0,0.0
51500,10791,1009,1,320.0,0.0
51501,10792,1012,2,49.0,0.15
51502,10793,1010,1,119.0,0.15
51503,10793,1011,2,520.0,0.0
51504,10793,1002,2,680.0,0.1
51505,10793,1008,2,240.0,0.0
51506,10793,1013,2,95.0,0.0
51507,10794,1019,1,260.0,0.15
51508,10795,1005,1,55.0,0.0
51509,10795,1002,1,680.0,0.0
51510,10796,1001,1,450.0,0.1
51511,10797,1004,1,160.0,0.0
51512,10798,1013,1,95.0,0.05
51513,10799,1013,1,95.0,0.2
51514,10799,1009,1,320.0,0.0
51515,10800,1019,1,260.0,0.05
51516,10801,1007,1,75.0,0.0
51517,10802,1004,1,160.0,0.15
51518,10803,1009,2,320.0,0.0
51519,10804,1018,1,175.0,0.15
51520,10804,1004,3,160.0,0.0
51521,10805,1019,3,260.0,0.2
51522,10805,1007,2,75.0,0.1
51523,10806,1002,1,680.0,0.1
51524,10806,1006,1,130.0,0.05
51525,10806,1011,1,520.0,0.1
51526,10807,1018,1,175.0,0.05
51527,10808,1017,1,45.0,0.0
51528,10809,1011,2,520.0,0.0
51529,10809,1012,1,49.0,0.0
51530,10809,1003,2,89.0,0.0
51531,10810,1010,1,119.0,0.0
51532,10810,1015,2,890.0,0.2
51533,10810,1006,1,130.0,0.0
51534,10811,1013,1,95.0,0.2
51535,10812,1006,1,130.0,0.15
51536,10813,1003,1,89.0,0.0
51537,10814,1003,1,89.0,0.0
51538,10814,1020,1,310.0,0.15
51539,10814,1008,3,240.0,0.0
51540,10815,1014,2,149.0,0.0
51541,10816,1012,1,49.0,0.0
51542,10816,1001,1,450.0,0.0
51543,10817,1004,2,160.0,0.0
51544,10817,1007,1,75.0,0.15
51545,10817,1019,1,260.0,0.15
51546,10818,1013,1,95.0,0.1
51547,10818,1012,1,49.0,0.05
51548,10819,1014,1,149.0,0.1
51549,10819,1002,2,680.0,0.1
51550,10820,1010,1,119.0,0.0
51551,10821,1009,1,320.0,0.05
51552,10822,1013,1,95.0,0.1
51553,10822,1019,4,260.0,0.0
51554,10823,1005,1,55.0,0.0
51555,10823,1014,1,149.0,0.0
51556,10823,1018,1,175.0,0.05
51557,10824,1011,1,520.0,0.0
51558,10825,1008,2,240.0,0.05
51559,10825,1011,2,520.0,0.0
51560,10826,1002,1,680.0,0.1
51561,10826,1010,1,119.0,0.0
51562,10827,1015,1,890.0,0.15
51563,10828,1014,2,149.0,0.0
51564,10829,1004,2,160.0,0.0
51565,10829,1001,1,450.0,0.0
51566,10830,1014,1,149.0,0.1
51567,10831,1008,1,240.0,0.05
51568,10831,1007,1,75.0,0.0
51569,10832,1005,1,55.0,0.0
51570,10832,1006,2,130.0,0.0
51571,10833,1015,1,890.0,0.0
51572,10833,1017,2,45.0,0.1
51573,10833,1019,2,260.0,0.0
51574,10834,1006,1,130.0,0.1
51575,10835,1011,2,520.0,0.15
51576,10835,1020,1,310.0,0.1
51577,10836,1018,1,175.0,0.15
51578,10837,1007,1,75.0,0.0
51579,10838,1019,1,260.0,0.15
51580,10838,1020,2,310.0,0.0
51581,10839,1011,3,520.0,0.05
51582,10840,1001,1,450.0,0.1
51583,10840,1018,1,175.0,0.0
51584,10841,1020,1,310.0,0.05
51585,10841,1014,1,149.0,0.1
51586,10841,1015,2,890.0,0.05
51587,10842,1009,1,320.0,0.0
51588,10842,1008,2,240.0,0.15
51589,10842,1018,1,175.0,0.15
51590,10842,1017,1,45.0,0.15
51591,10843,1001,1,450.0,0.25
51592,10843,1013,1,95.0,0.0
51593,10844,1009,2,320.0,0.1
51594,10845,1001,1,450.0,0.0
51595,10846,1010,1,119.0,0.2
51596,10847,1003,1,89.0,0.0
51597,10847,1015,1,890.0,0.2
51598,10848,1011,1,520.0,0.1
51599,10848,1001,1,450.0,0.25
51600,10848,1019,3,260.0,0.0
51601,10849,1014,1,149.0,0.05
51602,10849,1019,2,260.0,0.0
51603,10850,1018,1,175.0,0.0
51604,10851,1011,2,520.0,0.05
51605,10852,1016,1,210.0,0.0
51606,10852,1001,1,450.0,0.1
51607,10853,1020,1,310.0,0.0
51608,10854,1018,2,175.0,0.0
51609,10855,1015,1,890.0,0.15
51610,10855,1001,1,450.0,0.0
51611,10856,1014,1,149.0,0.05
51612,10857,1013,3,95.0,0.0
51613,10857,1014,1,149.0,0.0
51614,10857,1005,1,55.0,0.05
51615,10857,1007,3,75.0,0.0
51616,10858,1016,1,210.0,0.0
51617,10858,1006,1,130.0,0.1
51618,10859,1014,1,149.0,0.25
51619,10860,1019,2,260.0,0.15
51620,10861,1018,1,175.0,0.0
51621,10861,1008,1,240.0,0.2
51622,10861,1007,1,75.0,0.0
51623,10862,1004,1,160.0,0.1
51624,10863,1007,1,75.0,0.15
51625,10864,1001,1,450.0,0.0
51626,10865,1020,1,310.0,0.2
51627,10866,1010,1,119.0,0.0
51628,10866,1019,1,260.0,0.1
51629,10866,1003,1,89.0,0.0
51630,10867,1014,2,149.0,0.0
51631,10867,1011,1,520.0,0.05
51632,10868,1005,1,55.0,0.0
51633,10869,1014,2,149.0,0.1
51634,10869,1004,3,160.0,0.15
51635,10869,1009,2,320.0,0.25
51636,10869,1013,1,95.0,0.3
51637,10869,1005,1,55.0,0.1
51638,10870,1001,1,450.0,0.0
51639,10871,1010,1,119.0,0.0
51640,10872,1020,2,310.0,0.0
51641,10872,1011,1,520.0,0.05
51642,10873,1014,1,149.0,0.1
51643,10874,1019,1,260.0,0.0
51644,10874,1003,1,89.0,0.0
51645,10874,1007,1,75.0,0.1
51646,10875,1020,1,310.0,0.0
51647,10876,1008,2,240.0,0.2
51648,10876,1011,1,520.0,0.05
51649,10876,1003,1,89.0,0.15
51650,10877,1012,1,49.0,0.15
51651,10877,1003,1,89.0,0.0
51652,10877,1016,1,210.0,0.0
51653,10878,1004,1,160.0,0.05
51654,10878,1013,1,95.0,0.0
51655,10879,1010,1,119.0,0.0
51656,10880,1018,1,175.0,0.0
51657,10881,1018,1,175.0,0.2
51658,10881,1020,1,310.0,0.1
51659,10882,1011,1,520.0,0.1
51660,10883,1007,1,75.0,0.0
51661,10883,1020,1,310.0,0.0
51662,10884,1017,2,45.0,0.1
51663,10884,1002,1,680.0,0.0
51664,10885,1002,1,680.0,0.05
51665,10885,1004,1,160.0,0.05
51666,10886,1005,2,55.0,0.0
51667,10887,1011,2,520.0,0.0
51668,10887,1006,1,130.0,0.0
51669,10888,1006,1,130.0,0.1
51670,10888,1005,1,55.0,0.0
51671,10888,1001,1,450.0,0.0
51672,10889,1005,1,55.0,0.0
51673,10889,1007,1,75.0,0.0
51674,10889,1003,1,89.0,0.0
51675,10890,1005,1,55.0,0.1
51676,10890,1014,2,149.0,0.05
51677,10890,1006,3,130.0,0.0
51678,10890,1008,1,240.0,0.15
51679,10890,1011,1,520.0,0.0
51680,10891,1013,1,95.0,0.0
51681,10892,1001,1,450.0,0.0
51682,10893,1002,1,680.0,0.1
51683,10893,1008,1,240.0,0.1
51684,10893,1001,2,450.0,0.05
51685,10893,1005,1,55.0,0.05
51686,10893,1012,1,49.0,0.0
51687,10894,1020,1,310.0,0.05
51688,10895,1011,1,520.0,0.0
51689,10895,1009,1,320.0,0.1
51690,10895,1019,1,260.0,0.2
51691,10895,1005,1,55.0,0.0
51692,10896,1012,1,49.0,0.0
51693,10897,1006,1,130.0,0.0
51694,10897,1020,1,310.0,0.0
51695,10897,1012,1,49.0,0.15
51696,10897,1005,1,55.0,0.1
51697,10897,1004,2,160.0,0.0
51698,10898,1005,1,55.0,0.0
51699,10898,1014,2,149.0,0.0
51700,10898,1013,1,95.0,0.0
51701,10899,1007,1,75.0,0.0
51702,10900,1012,1,49.0,0.15
51703,10900,1007,1,75.0,0.3
51704,10901,1003,1,89.0,0.1
51705,10901,1017,1,45.0,0.15
51706,10902,1013,2,95.0,0.1
51707,10903,1018,1,175.0,0.1
51708,10904,1016,2,210.0,0.15
51709,10904,1020,1,310.0,0.0
51710,10904,1003,1,89.0,0.05
51711,10904,1009,1,320.0,0.0
51712,10904,1008,2,240.0,0.0
51713,10905,1013,1,95.0,0.0
51714,10906,1015,1,890.0,0.0
51715,10906,1013,2,95.0,0.05
51716,10906,1006,1,130.0,0.0
51717,10907,1006,1,130.0,0.0
51718,10908,1006,1,130.0,0.0
51719,10909,1001,2,450.0,0.2
51720,10909,1016,1,210.0,0.0
51721,10909,1011,1,520.0,0.2
51722,10910,1008,1,240.0,0.05
51723,10910,1007,4,75.0,0.05
51724,10910,1005,1,55.0,0.0
51725,10911,1017,1,45.0,0.0
51726,10912,1015,1,890.0,0.05
51727,10912,1001,1,450.0,0.1
51728,10912,1007,1,75.0,0.1
51729,10912,1012,1,49.0,0.1
51730,10913,1005,1,55.0,0.1
51731,10913,1016,2,210.0,0.05
51732,10914,1019,2,260.0,0.1
51733,10915,1007,1,75.0,0.05
51734,10915,1017,2,45.0,0.15
51735,10916,1020,1,310.0,0.15
51736,10916,1003,1,89.0,0.0
51737,10917,1020,2,310.0,0.05
51738,10917,1007,1,75.0,0.0
51739,10917,1005,1,55.0,0.0
51740,10918,1018,1,175.0,0.2
51741,10919,1018,1,175.0,0.0
51742,10919,1011,1,520.0,0.0
51743,10920,1019,1,260.0,0.15
51744,10920,1017,2,45.0,0.0
51745,10920,1010,1,119.0,0.05
51746,10920,1016,1,210.0,0.05
51747,10921,1017,1,45.0,0.05
51748,10922,1002,1,680.0,0.0
51749,10923,1015,1,890.0,0.1
51750,10924,1011,1,520.0,0.1
51751,10925,1001,2,450.0,0.1
51752,10926,1002,1,680.0,0.05
51753,10926,1019,1,260.0,0.0
51754,10926,1005,1,55.0,0.2
51755,10927,1017,1,45.0,0.15
51756,10927,1013,1,95.0,0.05
51757,10928,1002,1,680.0,0.05
51758,10929,1010,2,119.0,0.1
51759,10929,1009,1,320.0,0.0
51760,10929,1003,1,89.0,0.15
51761,10930,1008,2,240.0,0.15
51762,10931,1002,2,680.0,0.0
51763,10932,1002,1,680.0,0.05
51764,10932,1006,1,130.0,0.0
51765,10933,1009,1,320.0,0.0
51766,10933,1003,1,89.0,0.0
51767,10933,1007,1,75.0,0.05
51768,10934,1009,1,320.0,0.0
51769,10935,1008,1,240.0,0.0
51770,10935,1019,1,260.0,0.15
51771,10936,1020,1,310.0,0.0
51772,10937,1017,1,45.0,0.05
51773,10938,1010,1,119.0,0.0
51774,10939,1014,1,149.0,0.1
51775,10940,1014,4,149.0,0.05
51776,10940,1009,1,320.0,0.0
51777,10941,1017,2,45.0,0.0
51778,10941,1013,1,95.0,0.0
51779,10941,1020,1,310.0,0.0
51780,10942,1013,1,95.0,0.0
51781,10942,1009,1,320.0,0.15
51782,10943,1013,1,95.0,0.1
51783,10943,1020,1,310.0,0.1
51784,10944,1003,1,89.0,0.05
51785,10944,1015,2,890.0,0.1
51786,10944,1018,2,175.0,0.0
51787,10944,1017,1,45.0,0.0
51788,10945,1019,1,260.0,0.05
51789,10946,1018,1,175.0,0.0
51790,10946,1015,2,890.0,0.2
51791,10946,1002,1,680.0,0.05
51792,10947,1007,1,75.0,0.0
51793,10948,1003,1,89.0,0.0
51794,10948,1012,1,49.0,0.0
51795,10949,1018,1,175.0,0.0
51796,10950,1001,1,450.0,0.0
51797,10950,1016,1,210.0,0.0
51798,10950,1013,1,95.0,0.1
51799,10951,1018,1,175.0,0.2
51800,10951,1020,1,310.0,0.1
51801,10952,1020,2,310.0,0.0
51802,10953,1002,1,680.0,0.0
51803,10953,1008,1,240.0,0.0
51804,10953,1011,1,520.0,0.05
51805,10953,1020,1,310.0,0.2
51806,10954,1004,2,160.0,0.15
51807,10955,1002,1,680.0,0.05
51808,10956,1017,1,45.0,0.1
51809,10956,1016,1,210.0,0.1
51810,10957,1017,1,45.0,0.0
51811,10958,1004,3,160.0,0.25
51812,10958,1005,2,55.0,0.2
51813,10959,1013,2,95.0,0.15
51814,10960,1015,1,890.0,0.1
51815,10960,1020,1,310.0,0.2
51816,10960,1018,2,175.0,0.05
51817,10961,1019,1,260.0,0.05
51818,10961,1010,1,119.0,0.0
51819,10961,1001,1,450.0,0.2
51820,10961,1008,1,240.0,0.05
51821,10961,1014,2,149.0,0.1
51822,10962,1006,1,130.0,0.15
51823,10963,1007,1,75.0,0.05
51824,10963,1002,1,680.0,0.0
51825,10963,1005,1,55.0,0.15
51826,10963,1003,1,89.0,0.0
51827,10964,1009,1,320.0,0.05
51828,10964,1018,1,175.0,0.2
51829,10965,1009,1,320.0,0.0
51830,10965,1013,1,95.0,0.0
51831,10965,1006,1,130.0,0.0
51832,10966,1010,2,119.0,0.05
51833,10967,1007,1,75.0,0.15
51834,10967,1016,1,210.0,0.15
51835,10967,1015,2,890.0,0.1
51836,10968,1001,3,450.0,0.1
51837,10968,1005,3,55.0,0.15
51838,10968,1014,1,149.0,0.1
51839,10969,1015,1,890.0,0.1
51840,10970,1011,1,520.0,0.2
51841,10971,1005,1,55.0,0.1
51842,10971,1020,1,310.0,0.2
51843,10971,1008,1,240.0,0.05
51844,10972,1001,1,450.0,0.2
51845,10973,1013,1,95.0,0.0
51846,10974,1010,2,119.0,0.2
51847,10975,1013,1,95.0,0.15
51848,10976,1013,1,95.0,0.15
51849,10976,1011,1,520.0,0.05
51850,10977,1002,1,680.0,0.2
51851,10978,1011,1,520.0,0.05
51852,10978,1020,1,310.0,0.15
51853,10979,1003,1,89.0,0.05
51854,10980,1019,1,260.0,0.1
51855,10981,1001,1,450.0,0.0
51856,10981,1010,1,119.0,0.1
51857,10981,1020,1,310.0,0.1
51858,10982,1018,1,175.0,0.0
51859,10983,1009,1,320.0,0.0
51860,10983,1008,1,240.0,0.15
51861,10983,1014,1,149.0,0.1
51862,10983,1016,1,210.0,0.0
51863,10984,1005,1,55.0,0.0
51864,10985,1019,2,260.0,0.15
51865,10985,1007,1,75.0,0.0
51866,10985,1008,1,240.0,0.0
51867,10986,1017,1,45.0,0.0
51868,10987,1005,1,55.0,0.0
51869,10987,1006,1,130.0,0.0
51870,10988,1011,1,520.0,0.1
51871,10989,1011,1,520.0,0.25
51872,10990,1001,1,450.0,0.1
51873,10991,1009,1,320.0,0.1
51874,10991,1018,1,175.0,0.1
51875,10991,1010,1,119.0,0.1
51876,10992,1020,1,310.0,0.1
51877,10993,1017,1,45.0,0.15
51878,10994,1017,1,45.0,0.0
51879,10995,1012,1,49.0,0.1
51880,10995,1006,1,130.0,0.1
51881,10996,1011,1,520.0,0.0
51882,10997,1017,1,45.0,0.0
51883,10997,1002,1,680.0,0.3
51884,10997,1014,1,149.0,0.05
51885,10998,1009,1,320.0,0.1
51886,10998,1013,1,95.0,0.1
51887,10998,1014,1,149.0,0.1
51888,10999,1005,1,55.0,0.2
51889,10999,1010,2,119.0,0.05
51890,11000,1006,2,130.0,0.05
51891,11000,1015,1,890.0,0.0
51892,11001,1010,1,119.0,0.0
51893,11001,1014,1,149.0,0.0
51894,11001,1018,2,175.0,0.0
51895,11001,1011,1,520.0,0.0
51896,11002,1012,2,49.0,0.1
51897,11003,1018,2,175.0,0.0
51898,11003,1001,1,450.0,0.0
51899,11003,1020,1,310.0,0.0
51900,11004,1015,1,890.0,0.0
51901,11004,1013,1,95.0,0.1
51902,11004,1006,2,130.0,0.0
51903,11005,1007,1,75.0,0.0
51904,11006,1009,4,320.0,0.0
51905,11006,1017,1,45.0,0.15
51906,11006,1003,1,89.0,0.0
51907,11007,1018,1,175.0,0.0
51908,11008,1012,2,49.0,0.0
51909,11009,1002,1,680.0,0.0
51910,11009,1003,3,89.0,0.0
51911,11010,1009,1,320.0,0.0
51912,11010,1018,2,175.0,0.0
51913,11010,1004,1,160.0,0.15
51914,11010,1010,2,119.0,0.0
51915,11011,1001,3,450.0,0.1
51916,11012,1006,1,130.0,0.15
51917,11012,1002,1,680.0,0.05
51918,11012,1005,1,55.0,0.2
51919,11013,1010,1,119.0,0.15
51920,11014,1009,2,320.0,0.2
51921,11015,1019,1,260.0,0.2
51922,11015,1004,1,160.0,0.0
51923,11016,1003,2,89.0,0.0
51924,11017,1004,1,160.0,0.1
51925,11018,1003,2,89.0,0.0
51926,11018,1007,1,75.0,0.1
51927,11018,1014,1,149.0,0.0
51928,11018,1016,1,210.0,0.15
51929,11019,1013,2,95.0,0.3
51930,11019,1004,1,160.0,0.1
51931,11020,1003,1,89.0,0.0
51932,11020,1011,1,520.0,0.05
51933,11021,1012,1,49.0,0.2
51934,11022,1012,1,49.0,0.15
51935,11023,1012,1,49.0,0.0
51936,11023,1014,1,149.0,0.2
51937,11024,1011,1,520.0,0.2
51938,11024,1014,2,149.0,0.0
51939,11025,1003,1,89.0,0.05
51940,11026,1013,1,95.0,0.15
51941,11027,1004,3,160.0,0.3
51942,11027,1001,1,450.0,0.1
51943,11027,1019,1,260.0,0.0
51944,11028,1016,1,210.0,0.0
51945,11029,1005,1,55.0,0.0
51946,11030,1005,1,55.0,0.3
51947,11030,1017,1,45.0,0.0
51948,11031,1004,1,160.0,0.15
51949,11031,1008,1,240.0,0.2
51950,11032,1015,2,890.0,0.0
51951,11033,1014,1,149.0,0.15
51952,11033,1010,1,119.0,0.0
51953,11033,1004,4,160.0,0.0
51954,11034,1001,1,450.0,0.2
51955,11034,1010,1,119.0,0.0
51956,11034,1004,1,160.0,0.1
51957,11035,1017,1,45.0,0.15
51958,11036,1018,1,175.0,0.0
51959,11036,1001,2,450.0,0.1
51960,11036,1008,2,240.0,0.05
51961,11036,1015,3,890.0,0.2
51962,11036,1004,2,160.0,0.05
51963,11037,1016,1,210.0,0.0
51964,11037,1012,1,49.0,0.15
51965,11037,1010,2,119.0,0.1
51966,11037,1001,1,450.0,0.1
51967,11038,1018,1,175.0,0.0
51968,11038,1014,1,149.0,0.0
51969,11039,1002,1,680.0,0.0
51970,11040,1003,1,89.0,0.1
51971,11040,1010,1,119.0,0.0
51972,11041,1006,1,130.0,0.0
51973,11041,1013,2,95.0,0.05
51974,11042,1006,1,130.0,0.15
51975,11042,1008,1,240.0,0.0
51976,11043,1011,1,520.0,0.0
51977,11044,1013,1,95.0,0.0
51978,11044,1001,1,450.0,0.0
51979,11045,1020,1,310.0,0.0
51980,11045,1010,1,119.0,0.1
51981,11045,1012,2,49.0,0.0
51982,11046,1013,2,95.0,0.1
51983,11046,1006,1,130.0,0.05
51984,11047,1001,1,450.0,0.1
51985,11047,1010,2,119.0,0.2
51986,11047,1003,1,89.0,0.0
51987,11048,1001,1,450.0,0.0
51988,11048,1013,1,95.0,0.0
51989,11049,1007,1,75.0,0.05
51990,11049,1012,1,49.0,0.1
51991,11050,1013,1,95.0,0.15
51992,11051,1012,1,49.0,0.1
51993,11052,1010,2,119.0,0.0
51994,11053,1013,1,95.0,0.0
51995,11054,1010,2,119.0,0.0
51996,11055,1020,1,310.0,0.0
51997,11056,1014,1,149.0,0.05
51998,11056,1011,2,520.0,0.05
51999,11056,1002,1,680.0,0.15
52000,11056,1012,1,49.0,0.0
52001,11057,1003,2,89.0,0.05
52002,11058,1007,1,75.0,0.0
52003,11059,1017,1,45.0,0.0
52004,11059,1010,1,119.0,0.0
52005,11059,1020,2,310.0,0.1
52006,11060,1008,1,240.0,0.1
52007,11060,1019,2,260.0,0.15
52008,11060,1018,1,175.0,0.0
52009,11061,1007,1,75.0,0.05
52010,11062,1016,1,210.0,0.0
52011,11063,1004,1,160.0,0.0
52012,11064,1013,1,95.0,0.0
52013,11064,1010,2,119.0,0.0
52014,11065,1009,1,320.0,0.0
52015,11066,1019,2,260.0,0.0
52016,11066,1010,1,119.0,0.0
52017,11066,1012,1,49.0,0.05
52018,11067,1011,1,520.0,0.1
52019,11067,1004,2,160.0,0.15
52020,11068,1008,1,240.0,0.05
52021,11068,1011,1,520.0,0.0
52022,11069,1004,1,160.0,0.1
52023,11070,1016,1,210.0,0.3
52024,11071,1019,2,260.0,0.0
52025,11071,1015,1,890.0,0.0
52026,11071,1005,1,55.0,0.05
52027,11071,1012,1,49.0,0.0
52028,11071,1004,1,160.0,0.05
52029,11072,1005,1,55.0,0.2
52030,11073,1015,1,890.0,0.0
52031,11073,1001,1,450.0,0.0
52032,11074,1005,2,55.0,0.15
52033,11075,1007,1,75.0,0.05
52034,11076,1018,1,175.0,0.05
52035,11076,1013,2,95.0,0.1
52036,11076,1016,1,210.0,0.2
52037,11076,1003,2,89.0,0.2
52038,11077,1002,1,680.0,0.0
52039,11078,1001,1,450.0,0.2
52040,11079,1002,3,680.0,0.15
52041,11079,1007,1,75.0,0.15
52042,11080,1002,1,680.0,0.0
52043,11081,1011,1,520.0,0.1
52044,11081,1007,1,75.0,0.1
52045,11082,1004,1,160.0,0.05
52046,11082,1013,1,95.0,0.05
52047,11082,1017,1,45.0,0.0
52048,11083,1019,1,260.0,0.15
52049,11084,1006,1,130.0,0.2
52050,11084,1014,1,149.0,0.2
52051,11085,1012,1,49.0,0.0
52052,11086,1008,4,240.0,0.1
52053,11087,1013,1,95.0,0.0
52054,11088,1011,1,520.0,0.0
52055,11089,1007,1,75.0,0.15
52056,11090,1013,1,95.0,0.15
52057,11090,1014,1,149.0,0.0
52058,11091,1012,1,49.0,0.0
52059,11091,1010,2,119.0,0.0
52060,11091,1014,1,149.0,0.15
52061,11092,1001,1,450.0,0.15
52062,11092,1015,1,890.0,0.05
52063,11092,1008,1,240.0,0.05
52064,11093,1011,1,520.0,0.05
52065,11094,1015,2,890.0,0.0
52066,11095,1010,1,119.0,0.2
52067,11096,1015,2,890.0,0.1
52068,11096,1016,2,210.0,0.15
52069,11096,1004,3,160.0,0.05
52070,11097,1010,3,119.0,0.3
52071,11098,1006,2,130.0,0.1
52072,11098,1005,2,55.0,0.0
52073,11099,1016,1,210.0,0.15
52074,11099,1008,1,240.0,0.15
52075,11100,1004,1,160.0,0.15
52076,11100,1002,2,680.0,0.05
52077,11101,1007,2,75.0,0.2
52078,11101,1009,1,320.0,0.2
52079,11102,1007,1,75.0,0.0
52080,11102,1012,1,49.0,0.0
52081,11103,1017,2,45.0,0.3
52082,11104,1007,1,75.0,0.3
52083,11105,1017,1,45.0,0.05
52084,11106,1016,2,210.0,0.1
52085,11106,1005,1,55.0,0.1
52086,11106,1010,1,119.0,0.05
52087,11106,1001,1,450.0,0.0
52088,11106,1002,1,680.0,0.15
52089,11107,1005,1,55.0,0.0
52090,11108,1011,2,520.0,0.0
52091,11108,1014,1,149.0,0.05
52092,11108,1007,1,75.0,0.0
52093,11108,1013,1,95.0,0.0
52094,11108,1018,1,175.0,0.0
52095,11109,1006,1,130.0,0.0
52096,11109,1017,1,45.0,0.1
52097,11109,1008,1,240.0,0.0
52098,11109,1011,1,520.0,0.05
52099,11110,1014,2,149.0,0.2
52100,11110,1017,4,45.0,0.15
52101,11110,1003,2,89.0,0.2
52102,11110,1012,2,49.0,0.0
52103,11110,1010,4,119.0,0.2
52104,11111,1008,2,240.0,0.05
52105,11111,1001,2,450.0,0.1
52106,11112,1004,1,160.0,0.0
52107,11112,1010,1,119.0,0.2
52108,11113,1016,1,210.0,0.05
52109,11114,1018,1,175.0,0.0
52110,11114,1007,1,75.0,0.2
52111,11115,1006,1,130.0,0.0
52112,11115,1015,1,890.0,0.0
52113,11115,1013,1,95.0,0.05
52114,11116,1003,4,89.0,0.0
52115,11116,1013,1,95.0,0.2
52116,11117,1011,1,520.0,0.0
52117,11117,1019,1,260.0,0.0
52118,11118,1001,1,450.0,0.0
52119,11119,1012,1,49.0,0.0
52120,11119,1003,1,89.0,0.25
52121,11119,1018,1,175.0,0.0
52122,11120,1006,1,130.0,0.05
52123,11120,1009,1,320.0,0.15
52124,11121,1008,1,240.0,0.15
52125,11121,1001,1,450.0,0.1
52126,11121,1005,1,55.0,0.1
52127,11121,1007,2,75.0,0.0
52128,11121,1019,1,260.0,0.1
52129,11122,1006,1,130.0,0.2
52130,11123,1002,1,680.0,0.25
52131,11124,1013,1,95.0,0.1
52132,11124,1014,1,149.0,0.0
52133,11124,1005,3,55.0,0.05
52134,11125,1003,1,89.0,0.1
52135,11125,1009,1,320.0,0.2
52136,11125,1010,1,119.0,0.2
52137,11126,1012,3,49.0,0.0
52138,11126,1010,1,119.0,0.0
52139,11126,1009,1,320.0,0.05
52140,11127,1017,1,45.0,0.0
52141,11127,1007,1,75.0,0.0
52142,11127,1009,3,320.0,0.05
52143,11127,1020,1,310.0,0.05
52144,11128,1013,2,95.0,0.1
52145,11129,1016,1,210.0,0.1
52146,11130,1020,1,310.0,0.05
52147,11130,1018,1,175.0,0.1
52148,11130,1007,1,75.0,0.2
52149,11131,1002,1,680.0,0.05
52150,11132,1001,1,450.0,0.0
52151,11133,1012,1,49.0,0.2
52152,11133,1001,1,450.0,0.0
52153,11134,1001,4,450.0,0.0
52154,11134,1010,1,119.0,0.1
52155,11135,1020,2,310.0,0.1
52156,11135,1009,2,320.0,0.0
52157,11135,1008,1,240.0,0.15
52158,11135,1018,2,175.0,0.0
52159,11136,1006,2,130.0,0.0
52160,11136,1013,1,95.0,0.1
52161,11136,1012,2,49.0,0.15
52162,11136,1020,1,310.0,0.1
52163,11136,1015,1,890.0,0.05
52164,11137,1003,1,89.0,0.15
52165,11138,1016,1,210.0,0.15
52166,11139,1014,1,149.0,0.1
52167,11139,1005,1,55.0,0.05
52168,11140,1011,3,520.0,0.15
52169,11140,1016,2,210.0,0.15
52170,11140,1012,2,49.0,0.0
52171,11141,1003,1,89.0,0.15
52172,11141,1014,1,149.0,0.1
52173,11142,1002,1,680.0,0.15
52174,11143,1014,3,149.0,0.15
52175,11143,1015,1,890.0,0.05
52176,11143,1008,2,240.0,0.0
52177,11143,1004,1,160.0,0.15
52178,11144,1002,1,680.0,0.15
52179,11144,1005,1,55.0,0.05
52180,11145,1009,1,320.0,0.0
52181,11146,1011,1,520.0,0.0
52182,11147,1008,2,240.0,0.05
52183,11147,1014,2,149.0,0.0
52184,11148,1015,2,890.0,0.2
52185,11148,1005,1,55.0,0.0
52186,11148,1013,1,95.0,0.05
52187,11148,1011,1,520.0,0.0
52188,11149,1019,1,260.0,0.05
52189,11150,1016,1,210.0,0.0
52190,11151,1010,1,119.0,0.1
52191,11152,1009,1,320.0,0.0
52192,11153,1017,1,45.0,0.0
52193,11153,1008,1,240.0,0.0
52194,11154,1017,1,45.0,0.0
52195,11154,1013,1,95.0,0.05
52196,11155,1003,1,89.0,0.15
52197,11156,1010,1,119.0,0.0
52198,11157,1006,1,130.0,0.1
52199,11157,1002,1,680.0,0.15
52200,11157,1018,1,175.0,0.0
52201,11158,1019,1,260.0,0.05
52202,11159,1015,1,890.0,0.0
52203,11159,1017,1,45.0,0.05
52204,11160,1004,2,160.0,0.25
52205,11161,1012,2,49.0,0.0
52206,11162,1017,1,45.0,0.0
52207,11162,1012,2,49.0,0.05
52208,11163,1016,1,210.0,0.0
52209,11164,1016,1,210.0,0.05
52210,11164,1003,1,89.0,0.0
52211,11165,1012,1,49.0,0.0
52212,11166,1012,1,49.0,0.0
52213,11166,1020,2,310.0,0.1
52214,11166,1016,1,210.0,0.15
52215,11166,1007,1,75.0,0.15
52216,11167,1004,1,160.0,0.05
52217,11168,1010,1,119.0,0.0
52218,11169,1014,1,149.0,0.0
52219,11169,1009,1,320.0,0.1
52220,11169,1016,1,210.0,0.1
52221,11170,1008,1,240.0,0.0
52222,11170,1001,1,450.0,0.05
52223,11171,1019,2,260.0,0.15
52224,11171,1006,3,130.0,0.0
52225,11171,1005,1,55.0,0.05
52226,11172,1009,1,320.0,0.15
52227,11173,1017,1,45.0,0.0
52228,11174,1019,2,260.0,0.2
52229,11175,1017,2,45.0,0.05
52230,11175,1009,1,320.0,0.1
52231,11176,1004,1,160.0,0.1
52232,11176,1018,4,175.0,0.2
52233,11177,1008,1,240.0,0.05
52234,11178,1015,1,890.0,0.0
52235,11178,1006,1,130.0,0.0
52236,11178,1014,2,149.0,0.0
52237,11179,1006,1,130.0,0.0
52238,11180,1016,1,210.0,0.15
52239,11181,1004,2,160.0,0.0
52240,11182,1019,2,260.0,0.0
52241,11182,1018,1,175.0,0.0
52242,11183,1011,2,520.0,0.0
52243,11183,1004,1,160.0,0.15
52244,11183,1015,1,890.0,0.2
52245,11184,1006,1,130.0,0.05
52246,11184,1004,1,160.0,0.1
52247,11184,1020,1,310.0,0.1
52248,11185,1004,1,160.0,0.0
52249,11186,1011,1,520.0,0.05
52250,11186,1002,1,680.0,0.05
52251,11187,1002,1,680.0,0.05
52252,11187,1018,2,175.0,0.0
52253,11187,1006,3,130.0,0.15
52254,11187,1004,1,160.0,0.0
52255,11188,1014,1,149.0,0.05
52256,11189,1006,1,130.0,0.2
52257,11189,1010,1,119.0,0.1
52258,11189,1005,2,55.0,0.15
52259,11189,1020,1,310.0,0.15
52260,11189,1017,1,45.0,0.2
52261,11190,1004,1,160.0,0.0
52262,11190,1018,2,175.0,0.1
52263,11190,1020,2,310.0,0.0
52264,11190,1010,4,119.0,0.0
52265,11191,1020,1,310.0,0.0
52266,11192,1003,3,89.0,0.0
52267,11193,1016,1,210.0,0.1
52268,11194,1010,2,119.0,0.0
52269,11195,1006,1,130.0,0.05
52270,11196,1019,1,260.0,0.05
52271,11196,1012,1,49.0,0.0
52272,11196,1008,1,240.0,0.15
52273,11197,1008,1,240.0,0.05
52274,11197,1010,1,119.0,0.0
52275,11197,1005,1,55.0,0.0
52276,11198,1017,3,45.0,0.0
52277,11198,1018,1,175.0,0.0
52278,11198,1008,3,240.0,0.1
52279,11199,1012,1,49.0,0.15
52280,11199,1010,1,119.0,0.2
52281,11199,1006,3,130.0,0.1
52282,11200,1001,1,450.0,0.15
52283,11200,1019,1,260.0,0.2
52284,11200,1012,1,49.0,0.1
52285,11201,1014,2,149.0,0.1
52286,11202,1016,1,210.0,0.0
52287,11202,1013,1,95.0,0.0
52288,11203,1018,1,175.0,0.05
52289,11204,1013,3,95.0,0.05
52290,11204,1017,1,45.0,0.1
52291,11205,1001,1,450.0,0.0
52292,11205,1014,1,149.0,0.05
52293,11206,1011,1,520.0,0.0
52294,11207,1010,1,119.0,0.2
52295,11208,1012,1,49.0,0.2
52296,11208,1014,2,149.0,0.0
52297,11208,1017,2,45.0,0.05
52298,11208,1011,2,520.0,0.0
52299,11209,1009,2,320.0,0.05
52300,11210,1015,3,890.0,0.15
52301,11210,1004,1,160.0,0.3
52302,11210,1010,1,119.0,0.0
52303,11211,1013,1,95.0,0.15
52304,11211,1010,1,119.0,0.15
52305,11212,1014,1,149.0,0.0
52306,11212,1018,1,175.0,0.0
52307,11212,1002,1,680.0,0.0
52308,11213,1017,2,45.0,0.0
52309,11213,1013,1,95.0,0.0
52310,11214,1010,1,119.0,0.1
52311,11215,1018,1,175.0,0.25
52312,11216,1002,2,680.0,0.15
52313,11216,1015,2,890.0,0.0
52314,11217,1014,2,149.0,0.0
52315,11218,1018,2,175.0,0.0
52316,11218,1016,1,210.0,0.05
52317,11219,1017,2,45.0,0.05
52318,11219,1011,1,520.0,0.0
52319,11219,1005,2,55.0,0.0
52320,11219,1012,2,49.0,0.0
52321,11220,1005,1,55.0,0.2
52322,11221,1012,1,49.0,0.0
52323,11222,1011,3,520.0,0.2
52324,11222,1014,2,149.0,0.0
52325,11222,1012,1,49.0,0.3
52326,11222,1008,1,240.0,0.2
52327,11222,1020,1,310.0,0.0
52328,11223,1003,1,89.0,0.1
52329,11223,1002,1,680.0,0.05
52330,11224,1003,1,89.0,0.2
52331,11224,1020,1,310.0,0.15
52332,11224,1018,1,175.0,0.2
52333,11225,1003,1,89.0,0.15
52334,11226,1019,1,260.0,0.1
52335,11226,1014,2,149.0,0.05
52336,11227,1011,3,520.0,0.0
52337,11228,1008,1,240.0,0.0
52338,11228,1020,1,310.0,0.05
52339,11229,1020,1,310.0,0.15
52340,11229,1018,1,175.0,0.0
52341,11230,1010,1,119.0,0.05
52342,11231,1017,1,45.0,0.05
52343,11231,1011,2,520.0,0.15
52344,11232,1006,2,130.0,0.0
52345,11233,1014,1,149.0,0.2
52346,11233,1020,1,310.0,0.0
52347,11234,1007,1,75.0,0.1
52348,11234,1001,1,450.0,0.2
52349,11235,1003,2,89.0,0.2
52350,11236,1012,2,49.0,0.0
52351,11237,1019,1,260.0,0.2
52352,11238,1009,2,320.0,0.0
52353,11239,1004,3,160.0,0.15
52354,11239,1012,2,49.0,0.15
52355,11239,1015,1,890.0,0.0
52356,11239,1008,1,240.0,0.05
52357,11240,1003,1,89.0,0.0
52358,11240,1007,1,75.0,0.05
52359,11241,1010,1,119.0,0.0
52360,11242,1014,1,149.0,0.0
52361,11242,1012,2,49.0,0.0
52362,11243,1010,4,119.0,0.0
52363,11243,1011,2,520.0,0.15
52364,11244,1020,1,310.0,0.0
52365,11244,1009,1,320.0,0.1
52366,11244,1011,1,520.0,0.0
52367,11244,1005,1,55.0,0.0
52368,11245,1003,1,89.0,0.05
52369,11245,1001,2,450.0,0.05
52370,11246,1004,1,160.0,0.15
52371,11246,1013,2,95.0,0.0
52372,11246,1018,1,175.0,0.15
52373,11247,1008,1,240.0,0.05
52374,11248,1015,1,890.0,0.0
52375,11248,1002,1,680.0,0.15
52376,11249,1005,2,55.0,0.0
52377,11249,1009,3,320.0,0.0
52378,11250,1017,2,45.0,0.15
52379,11251,1013,1,95.0,0.1
52380,11252,1012,2,49.0,0.2
52381,11253,1019,1,260.0,0.2
52382,11254,1004,2,160.0,0.0
52383,11255,1016,1,210.0,0.0
52384,11255,1017,1,45.0,0.0
52385,11256,1013,1,95.0,0.0
52386,11257,1004,1,160.0,0.15
52387,11257,1007,1,75.0,0.0
52388,11257,1018,1,175.0,0.0
52389,11258,1019,1,260.0,0.0
52390,11259,1012,1,49.0,0.0
52391,11259,1008,1,240.0,0.0
52392,11260,1019,1,260.0,0.0
52393,11260,1011,1,520.0,0.05
52394,11261,1017,1,45.0,0.0
52395,11262,1006,2,130.0,0.15
52396,11262,1012,1,49.0,0.0
52397,11263,1004,1,160.0,0.0
52398,11263,1017,1,45.0,0.1
52399,11263,1007,1,75.0,0.0
52400,11264,1017,1,45.0,0.0
52401,11264,1001,1,450.0,0.0
52402,11265,1015,3,890.0,0.0
52403,11266,1006,1,130.0,0.05
52404,11266,1014,2,149.0,0.05
52405,11267,1020,1,310.0,0.05
52406,11268,1020,1,310.0,0.05
52407,11268,1013,3,95.0,0.0
52408,11268,1015,2,890.0,0.1
52409,11269,1013,1,95.0,0.15
52410,11269,1007,1,75.0,0.1
52411,11269,1002,1,680.0,0.2
52412,11270,1020,1,310.0,0.05
52413,11271,1002,3,680.0,0.15
52414,11272,1010,1,119.0,0.0
52415,11273,1017,1,45.0,0.2
52416,11274,1001,1,450.0,0.1
52417,11275,1009,1,320.0,0.0
52418,11275,1013,1,95.0,0.05
52419,11276,1003,1,89.0,0.0
52420,11276,1004,1,160.0,0.2
52421,11277,1006,2,130.0,0.2
52422,11277,1003,3,89.0,0.15
52423,11278,1017,1,45.0,0.05
52424,11278,1009,1,320.0,0.1
52425,11279,1019,3,260.0,0.05
52426,11279,1020,1,310.0,0.0
52427,11280,1010,1,119.0,0.0
52428,11281,1008,2,240.0,0.0
52429,11281,1017,1,45.0,0.0
52430,11282,1012,1,49.0,0.1
52431,11282,1011,1,520.0,0.15
52432,11283,1016,1,210.0,0.0
52433,11283,1004,1,160.0,0.15
52434,11284,1008,2,240.0,0.0
52435,11284,1010,1,119.0,0.0
52436,11285,1011,1,520.0,0.05
52437,11286,1003,2,89.0,0.1
52438,11287,1012,1,49.0,0.1
52439,11287,1020,1,310.0,0.0
52440,11288,1016,1,210.0,0.0
52441,11289,1009,1,320.0,0.0
52442,11289,1004,1,160.0,0.05
52443,11289,1007,3,75.0,0.0
52444,11290,1019,4,260.0,0.05
52445,11291,1016,3,210.0,0.0
52446,11291,1008,1,240.0,0.0
52447,11292,1012,1,49.0,0.0
52448,11292,1013,2,95.0,0.0
52449,11292,1002,1,680.0,0.0
52450,11292,1004,1,160.0,0.1
52451,11293,1009,1,320.0,0.1
52452,11293,1019,1,260.0,0.0
52453,11294,1005,1,55.0,0.15
52454,11294,1004,2,160.0,0.05
52455,11294,1012,1,49.0,0.0
52456,11294,1008,4,240.0,0.15
52457,11295,1002,1,680.0,0.0
52458,11296,1012,2,49.0,0.15
52459,11297,1010,1,119.0,0.0
52460,11297,1006,1,130.0,0.0
52461,11298,1003,3,89.0,0.0
52462,11299,1015,2,890.0,0.15
52463,11299,1008,1,240.0,0.05
52464,11300,1011,1,520.0,0.2
52465,11301,1003,2,89.0,0.2
52466,11301,1005,1,55.0,0.05
52467,11302,1006,1,130.0,0.0
52468,11302,1003,1,89.0,0.2
52469,11302,1009,1,320.0,0.15
52470,11302,1020,1,310.0,0.15
52471,11303,1003,1,89.0,0.0
52472,11304,1007,1,75.0,0.0
52473,11304,1017,2,45.0,0.05
52474,11304,1001,1,450.0,0.0
52475,11304,1011,1,520.0,0.15
52476,11305,1003,1,89.0,0.0
52477,11305,1009,3,320.0,0.0
52478,11305,1013,1,95.0,0.0
52479,11306,1006,1,130.0,0.2
52480,11307,1015,4,890.0,0.1
52481,11307,1016,1,210.0,0.0
52482,11307,1002,1,680.0,0.15
52483,11307,1001,1,450.0,0.15
52484,11308,1006,1,130.0,0.0
52485,11308,1004,1,160.0,0.15
52486,11309,1019,1,260.0,0.2
52487,11309,1008,1,240.0,0.05
52488,11310,1015,1,890.0,0.1
52489,11310,1010,1,119.0,0.0
52490,11311,1009,2,320.0,0.0
52491,11312,1001,1,450.0,0.0
52492,11312,1015,1,890.0,0.0
52493,11313,1011,2,520.0,0.0
52494,11313,1006,1,130.0,0.1
52495,11313,1013,2,95.0,0.0
52496,11314,1005,1,55.0,0.2
52497,11314,1008,1,240.0,0.05
52498,11315,1001,1,450.0,0.0
52499,11315,1014,2,149.0,0.1
52500,11316,1012,1,49.0,0.0
52501,11316,1004,1,160.0,0.0
52502,11317,1003,1,89.0,0.0
52503,11318,1011,2,520.0,0.0
52504,11318,1015,1,890.0,0.0
52505,11318,1004,1,160.0,0.0
52506,11318,1016,1,210.0,0.0
52507,11319,1003,3,89.0,0.0
52508,11320,1009,1,320.0,0.1
52509,11321,1001,1,450.0,0.0
52510,11321,1013,3,95.0,0.1
52511,11321,1009,3,320.0,0.05
52512,11322,1016,1,210.0,0.0
52513,11322,1008,1,240.0,0.15
52514,11323,1009,2,320.0,0.0
52515,11323,1011,1,520.0,0.0
52516,11323,1004,1,160.0,0.0
52517,11324,1018,1,175.0,0.1
52518,11324,1003,2,89.0,0.0
52519,11324,1012,1,49.0,0.0
52520,11325,1005,1,55.0,0.15
52521,11326,1011,1,520.0,0.3
52522,11327,1013,1,95.0,0.05
52523,11327,1017,1,45.0,0.15
52524,11327,1012,1,49.0,0.2
52525,11327,1014,1,149.0,0.2
52526,11328,1015,2,890.0,0.2
52527,11329,1014,1,149.0,0.05
52528,11329,1005,1,55.0,0.2
52529,11330,1015,2,890.0,0.2
52530,11331,1002,1,680.0,0.25
52531,11332,1008,1,240.0,0.0
52532,11333,1013,2,95.0,0.1
52533,11334,1001,1,450.0,0.1
52534,11334,1013,1,95.0,0.05
52535,11335,1005,1,55.0,0.0
52536,11336,1019,1,260.0,0.15
52537,11337,1010,2,119.0,0.1
52538,11338,1010,1,119.0,0.0
52539,11338,1005,1,55.0,0.25
52540,11338,1012,1,49.0,0.1
52541,11339,1019,3,260.0,0.0
52542,11340,1003,3,89.0,0.2
52543,11340,1011,3,520.0,0.15
52544,11340,1018,1,175.0,0.1
52545,11340,1013,1,95.0,0.1
52546,11341,1003,1,89.0,0.0
52547,11342,1002,1,680.0,0.0
52548,11343,1001,1,450.0,0.05
52549,11343,1003,1,89.0,0.2
52550,11344,1003,2,89.0,0.0
52551,11344,1002,1,680.0,0.2
52552,11345,1019,1,260.0,0.0
52553,11346,1018,2,175.0,0.0
52554,11347,1017,1,45.0,0.0
52555,11347,1016,1,210.0,0.1
52556,11347,1005,1,55.0,0.15
52557,11347,1008,2,240.0,0.0
52558,11348,1009,1,320.0,0.15
52559,11348,1018,1,175.0,0.05
52560,11349,1016,1,210.0,0.0
52561,11349,1005,1,55.0,0.0
52562,11350,1008,1,240.0,0.25
52563,11351,1019,1,260.0,0.2
52564,11351,1011,1,520.0,0.25
52565,11351,1017,1,45.0,0.05
52566,11352,1010,1,119.0,0.0
52567,11352,1018,1,175.0,0.1
52568,11352,1015,1,890.0,0.1
52569,11352,1008,1,240.0,0.0
52570,11353,1014,1,149.0,0.05
52571,11353,1015,1,890.0,0.05
52572,11353,1016,1,210.0,0.1
52573,11354,1013,1,95.0,0.0
52574,11354,1012,1,49.0,0.05
52575,11355,1019,2,260.0,0.0
52576,11355,1002,2,680.0,0.1
52577,11356,1002,1,680.0,0.0
52578,11356,1001,1,450.0,0.05
52579,11356,1020,1,310.0,0.0
52580,11357,1005,1,55.0,0.1
52581,11357,1020,2,310.0,0.0
52582,11358,1009,2,320.0,0.05
52583,11358,1002,1,680.0,0.0
52584,11359,1013,1,95.0,0.15
52585,11359,1010,1,119.0,0.0
52586,11359,1003,2,89.0,0.1
52587,11360,1007,4,75.0,0.0
52588,11360,1011,2,520.0,0.0
52589,11360,1017,1,45.0,0.05
52590,11361,1016,1,210.0,0.1
52591,11361,1020,2,310.0,0.0
52592,11361,1003,2,89.0,0.0
52593,11361,1012,1,49.0,0.15
52594,11362,1019,1,260.0,0.0
52595,11363,1002,1,680.0,0.0
52596,11364,1002,1,680.0,0.0
52597,11364,1014,2,149.0,0.15
52598,11365,1009,2,320.0,0.15
52599,11365,1011,1,520.0,0.2
52600,11366,1008,1,240.0,0.0
52601,11366,1011,2,520.0,0.0
52602,11367,1011,1,520.0,0.1
52603,11368,1004,2,160.0,0.0
52604,11369,1007,1,75.0,0.0
52605,11369,1015,1,890.0,0.0
52606,11370,1002,1,680.0,0.2
52607,11370,1009,2,320.0,0.1
52608,11371,1006,2,130.0,0.2
52609,11371,1012,1,49.0,0.0
52610,11372,1003,2,89.0,0.1
52611,11373,1008,1,240.0,0.0
52612,11373,1010,2,119.0,0.0
52613,11374,1011,3,520.0,0.1
52614,11374,1012,1,49.0,0.05
52615,11374,1016,1,210.0,0.0
52616,11375,1014,1,149.0,0.1
52617,11375,1004,1,160.0,0.1
52618,11375,1020,1,310.0,0.1
52619,11376,1001,3,450.0,0.0
52620,11376,1015,1,890.0,0.0
52621,11376,1014,1,149.0,0.05
52622,11377,1003,1,89.0,0.0
52623,11377,1010,3,119.0,0.0
52624,11378,1013,1,95.0,0.0
52625,11378,1008,3,240.0,0.05
52626,11379,1020,1,310.0,0.05
52627,11379,1002,4,680.0,0.15
52628,11379,1012,1,49.0,0.0
52629,11379,1019,1,260.0,0.1
52630,11380,1018,1,175.0,0.1
52631,11380,1004,1,160.0,0.05
52632,11380,1010,1,119.0,0.05
52633,11381,1013,1,95.0,0.25
52634,11382,1009,1,320.0,0.0
52635,11383,1009,1,320.0,0.2
52636,11384,1018,1,175.0,0.05
52637,11385,1020,2,310.0,0.15
52638,11386,1015,1,890.0,0.0
52639,11386,1007,1,75.0,0.25
52640,11386,1005,1,55.0,0.15
52641,11386,1001,1,450.0,0.15
52642,11387,1004,1,160.0,0.0
52643,11387,1013,1,95.0,0.05
52644,11388,1005,2,55.0,0.0
52645,11388,1001,1,450.0,0.0
52646,11389,1002,4,680.0,0.0
52647,11390,1007,1,75.0,0.0
52648,11390,1019,1,260.0,0.0
52649,11390,1016,1,210.0,0.0
52650,11390,1013,1,95.0,0.05
52651,11391,1019,1,260.0,0.0
52652,11392,1013,1,95.0,0.1
52653,11393,1006,1,130.0,0.15
52654,11393,1005,1,55.0,0.0
52655,11393,1011,1,520.0,0.0
52656,11394,1015,1,890.0,0.15
52657,11395,1002,1,680.0,0.0
52658,11395,1009,1,320.0,0.05
52659,11396,1014,1,149.0,0.1
52660,11397,1018,2,175.0,0.05
52661,11397,1010,1,119.0,0.1
52662,11398,1013,1,95.0,0.15
52663,11399,1006,2,130.0,0.0
52664,11400,1009,1,320.0,0.0
52665,11400,1004,1,160.0,0.0
52666,11400,1008,1,240.0,0.05
52667,11401,1020,2,310.0,0.05
52668,11401,1005,1,55.0,0.1
52669,11401,1011,2,520.0,0.15
52670,11402,1002,1,680.0,0.0
52671,11403,1018,1,175.0,0.0
52672,11404,1004,1,160.0,0.0
52673,11405,1019,1,260.0,0.15
52674,11406,1017,1,45.0,0.0
52675,11406,1015,1,890.0,0.0
52676,11407,1005,1,55.0,0.1
52677,11408,1001,1,450.0,0.3
52678,11408,1008,1,240.0,0.0
52679,11409,1004,1,160.0,0.05
52680,11410,1003,1,89.0,0.05
52681,11410,1001,2,450.0,0.05
52682,11410,1013,3,95.0,0.15
52683,11410,1019,1,260.0,0.0
52684,11411,1018,1,175.0,0.05
52685,11412,1002,1,680.0,0.0
52686,11413,1010,1,119.0,0.1
52687,11413,1018,1,175.0,0.1
52688,11414,1011,2,520.0,0.1
52689,11414,1019,2,260.0,0.15
52690,11415,1003,2,89.0,0.2
52691,11415,1015,1,890.0,0.0
52692,11415,1004,2,160.0,0.0
52693,11415,1014,1,149.0,0.15
52694,11416,1008,1,240.0,0.1
52695,11417,1006,1,130.0,0.3
52696,11418,1001,2,450.0,0.15
52697,11419,1013,3,95.0,0.0
52698,11420,1015,1,890.0,0.05
52699,11420,1008,3,240.0,0.2
52700,11421,1005,2,55.0,0.1
52701,11421,1007,2,75.0,0.1
52702,11422,1013,1,95.0,0.0
52703,11422,1018,1,175.0,0.2
52704,11422,1015,1,890.0,0.1
52705,11423,1002,1,680.0,0.0
52706,11424,1018,1,175.0,0.0
52707,11424,1015,3,890.0,0.05
52708,11424,1001,1,450.0,0.0
52709,11425,1004,4,160.0,0.0
52710,11425,1018,1,175.0,0.15
52711,11426,1006,1,130.0,0.0
52712,11427,1011,1,520.0,0.05
52713,11428,1020,1,310.0,0.0
52714,11428,1017,1,45.0,0.0
52715,11428,1003,1,89.0,0.0
52716,11429,1013,1,95.0,0.05
52717,11429,1019,1,260.0,0.1
52718,11430,1007,1,75.0,0.05
52719,11430,1003,1,89.0,0.0
52720,11431,1014,3,149.0,0.15
52721,11431,1012,1,49.0,0.0
52722,11432,1003,1,89.0,0.2
52723,11433,1008,1,240.0,0.0
52724,11433,1001,2,450.0,0.05
52725,11434,1020,1,310.0,0.05
52726,11435,1019,1,260.0,0.15
52727,11436,1018,2,175.0,0.15
52728,11436,1005,1,55.0,0.1
52729,11436,1013,1,95.0,0.0
52730,11437,1011,1,520.0,0.05
52731,11437,1006,1,130.0,0.15
52732,11437,1014,2,149.0,0.05
52733,11437,1009,1,320.0,0.05
52734,11438,1006,1,130.0,0.15
52735,11438,1016,1,210.0,0.15
52736,11439,1008,1,240.0,0.2
52737,11439,1015,3,890.0,0.05
52738,11439,1006,1,130.0,0.0
52739,11439,1004,1,160.0,0.0
52740,11440,1020,1,310.0,0.25
52741,11441,1012,2,49.0,0.0
52742,11441,1016,1,210.0,0.1
52743,11442,1003,1,89.0,0.0
52744,11443,1017,1,45.0,0.25
52745,11444,1012,3,49.0,0.0
52746,11445,1012,3,49.0,0.0
52747,11445,1013,3,95.0,0.05
52748,11446,1008,2,240.0,0.0
52749,11446,1006,1,130.0,0.15
52750,11447,1012,1,49.0,0.0
52751,11447,1010,1,119.0,0.0
52752,11448,1016,1,210.0,0.1
52753,11449,1007,1,75.0,0.1
52754,11449,1013,1,95.0,0.05
52755,11449,1011,1,520.0,0.15
52756,11450,1020,1,310.0,0.15
52757,11450,1010,1,119.0,0.0
52758,11451,1001,4,450.0,0.0
52759,11452,1007,1,75.0,0.1
52760,11453,1007,1,75.0,0.3
52761,11454,1007,2,75.0,0.0
52762,11455,1013,1,95.0,0.05
52763,11456,1004,1,160.0,0.0
52764,11456,1011,1,520.0,0.0
52765,11457,1004,1,160.0,0.0
52766,11458,1007,1,75.0,0.1
52767,11459,1005,3,55.0,0.0
52768,11459,1018,2,175.0,0.0
52769,11460,1009,1,320.0,0.25
52770,11461,1011,1,520.0,0.1
52771,11462,1011,2,520.0,0.15
52772,11463,1018,1,175.0,0.0
52773,11463,1017,1,45.0,0.0
52774,11463,1001,1,450.0,0.1
52775,11464,1011,3,520.0,0.05
52776,11465,1012,1,49.0,0.05
52777,11466,1015,2,890.0,0.0
52778,11466,1019,1,260.0,0.15
52779,11467,1004,1,160.0,0.05
52780,11468,1002,1,680.0,0.15
52781,11468,1004,1,160.0,0.15
52782,11468,1012,1,49.0,0.05
52783,11468,1006,1,130.0,0.1
52784,11469,1019,1,260.0,0.15
52785,11469,1017,1,45.0,0.3
52786,11470,1019,1,260.0,0.2
52787,11470,1016,1,210.0,0.05
52788,11471,1008,1,240.0,0.2
52789,11471,1007,1,75.0,0.2
52790,11471,1017,1,45.0,0.05
52791,11471,1016,1,210.0,0.2
52792,11472,1009,3,320.0,0.0
52793,11472,1008,1,240.0,0.0
52794,11473,1019,1,260.0,0.0
52795,11474,1011,1,520.0,0.0
52796,11475,1001,1,450.0,0.1
52797,11475,1009,2,320.0,0.0
52798,11476,1015,3,890.0,0.0
52799,11476,1019,2,260.0,0.0
52800,11477,1016,1,210.0,0.2
52801,11478,1007,1,75.0,0.0
52802,11478,1002,1,680.0,0.05
52803,11478,1015,3,890.0,0.0
52804,11479,1001,1,450.0,0.0
52805,11479,1016,1,210.0,0.0
52806,11480,1007,1,75.0,0.1
52807,11481,1008,2,240.0,0.25
52808,11481,1003,2,89.0,0.1
52809,11482,1011,2,520.0,0.0
52810,11483,1005,1,55.0,0.05
52811,11484,1014,1,149.0,0.0
52812,11485,1016,1,210.0,0.0
52813,11485,1013,1,95.0,0.0
52814,11486,1001,1,450.0,0.0
52815,11486,1014,1,149.0,0.15
52816,11487,1001,1,450.0,0.0
52817,11487,1012,1,49.0,0.05
52818,11488,1011,1,520.0,0.15
52819,11488,1019,1,260.0,0.0
52820,11488,1020,1,310.0,0.0
52821,11489,1005,1,55.0,0.1
52822,11490,1014,1,149.0,0.0
52823,11490,1002,1,680.0,0.0
52824,11491,1015,1,890.0,0.05
52825,11492,1007,1,75.0,0.05
52826,11493,1003,1,89.0,0.0
52827,11494,1006,2,130.0,0.15
52828,11494,1019,1,260.0,0.0
52829,11495,1014,1,149.0,0.0
52830,11496,1015,1,890.0,0.15
52831,11496,1009,1,320.0,0.1
52832,11497,1018,1,175.0,0.0
52833,11497,1005,1,55.0,0.1
52834,11497,1002,1,680.0,0.15
52835,11498,1010,1,119.0,0.05
52836,11498,1009,1,320.0,0.0
52837,11499,1014,2,149.0,0.25
52838,11499,1001,1,450.0,0.1
52839,11499,1020,1,310.0,0.15
52840,11500,1009,1,320.0,0.2
52841,11500,1016,1,210.0,0.05
52842,11501,1002,1,680.0,0.2
52843,11501,1014,1,149.0,0.1
52844,11502,1002,2,680.0,0.0
52845,11503,1013,1,95.0,0.0
52846,11504,1016,3,210.0,0.1
52847,11505,1006,1,130.0,0.05
52848,11505,1009,4,320.0,0.1
52849,11505,1005,1,55.0,0.15
52850,11506,1018,1,175.0,0.05
52851,11506,1009,1,320.0,0.05
52852,11506,1020,2,310.0,0.05
52853,11506,1001,1,450.0,0.1
52854,11506,1015,1,890.0,0.0
52855,11507,1002,1,680.0,0.25
52856,11507,1010,1,119.0,0.15
52857,11507,1008,1,240.0,0.05
52858,11508,1011,1,520.0,0.2
52859,11508,1003,1,89.0,0.0
52860,11509,1012,1,49.0,0.0
52861,11509,1001,1,450.0,0.0
52862,11510,1001,4,450.0,0.0
52863,11511,1003,1,89.0,0.0
52864,11512,1012,1,49.0,0.15
52865,11512,1003,1,89.0,0.0
52866,11512,1007,1,75.0,0.05
52867,11512,1008,2,240.0,0.15
52868,11513,1013,2,95.0,0.0
52869,11513,1001,1,450.0,0.0
52870,11514,1017,1,45.0,0.0
52871,11514,1010,1,119.0,0.1
52872,11514,1013,1,95.0,0.0
52873,11515,1002,1,680.0,0.0
52874,11516,1009,1,320.0,0.0
52875,11517,1004,1,160.0,0.25
52876,11518,1009,1,320.0,0.05
52877,11518,1014,1,149.0,0.0
52878,11518,1019,2,260.0,0.0
52879,11518,1017,1,45.0,0.0
52880,11519,1007,1,75.0,0.2
52881,11519,1009,1,320.0,0.15
52882,11520,1012,1,49.0,0.15
52883,11521,1006,2,130.0,0.0
52884,11522,1020,2,310.0,0.15
52885,11522,1005,1,55.0,0.1
52886,11522,1003,1,89.0,0.1
52887,11523,1015,1,890.0,0.1
52888,11523,1004,1,160.0,0.05
52889,11524,1006,1,130.0,0.1
52890,11525,1006,2,130.0,0.15
52891,11525,1014,1,149.0,0.1
52892,11525,1015,1,890.0,0.05
52893,11526,1011,1,520.0,0.1
52894,11527,1020,2,310.0,0.0
52895,11528,1020,1,310.0,0.0
52896,11528,1014,1,149.0,0.0
52897,11529,1001,1,450.0,0.0
52898,11529,1004,3,160.0,0.0
52899,11530,1017,2,45.0,0.25
52900,11530,1001,1,450.0,0.0
52901,11531,1002,1,680.0,0.0
52902,11532,1006,1,130.0,0.1
52903,11532,1010,1,119.0,0.0
52904,11533,1001,1,450.0,0.15
52905,11534,1011,1,520.0,0.0
52906,11535,1014,1,149.0,0.15
52907,11536,1003,3,89.0,0.2
52908,11537,1011,2,520.0,0.0
52909,11537,1009,1,320.0,0.0
52910,11537,1013,1,95.0,0.1
52911,11537,1017,1,45.0,0.2
52912,11538,1006,2,130.0,0.05
52913,11538,1018,2,175.0,0.15
52914,11538,1019,1,260.0,0.15
52915,11539,1010,2,119.0,0.2
52916,11539,1005,1,55.0,0.1
52917,11540,1017,1,45.0,0.3
52918,11540,1015,1,890.0,0.0
52919,11541,1015,1,890.0,0.1
52920,11541,1003,1,89.0,0.0
52921,11541,1001,1,450.0,0.0
52922,11542,1006,2,130.0,0.1
52923,11542,1007,1,75.0,0.05
52924,11542,1005,2,55.0,0.0
52925,11543,1005,2,55.0,0.0
52926,11544,1015,1,890.0,0.15
52927,11544,1001,1,450.0,0.15
52928,11544,1010,1,119.0,0.0
52929,11545,1010,1,119.0,0.1
52930,11546,1010,1,119.0,0.2
52931,11546,1009,1,320.0,0.1
52932,11547,1003,1,89.0,0.1
52933,11547,1006,1,130.0,0.05
52934,11548,1008,1,240.0,0.0
52935,11548,1009,2,320.0,0.15
52936,11548,1011,1,520.0,0.0
52937,11549,1003,1,89.0,0.15
52938,11550,1008,1,240.0,0.2
52939,11550,1017,1,45.0,0.1
52940,11551,1018,2,175.0,0.0
52941,11552,1007,2,75.0,0.0
52942,11552,1015,1,890.0,0.0
52943,11552,1009,1,320.0,0.05
52944,11553,1012,1,49.0,0.1
52945,11553,1014,2,149.0,0.05
52946,11553,1020,1,310.0,0.1
52947,11553,1015,1,890.0,0.05
52948,11554,1013,1,95.0,0.1
52949,11554,1005,1,55.0,0.0
52950,11555,1020,3,310.0,0.1
52951,11555,1012,1,49.0,0.2
52952,11556,1017,1,45.0,0.0
52953,11556,1020,2,310.0,0.05
52954,11556,1006,1,130.0,0.0
52955,11556,1003,2,89.0,0.0
52956,11557,1012,1,49.0,0.0
52957,11558,1010,1,119.0,0.2
52958,11558,1001,1,450.0,0.0
52959,11558,1006,2,130.0,0.05
52960,11559,1006,1,130.0,0.1
52961,11560,1016,2,210.0,0.1
52962,11560,1009,2,320.0,0.0
52963,11560,1003,1,89.0,0.0
52964,11560,1005,2,55.0,0.0
52965,11561,1008,2,240.0,0.05
52966,11561,1009,1,320.0,0.0
52967,11562,1014,1,149.0,0.05
52968,11563,1006,1,130.0,0.2
52969,11564,1019,2,260.0,0.1
52970,11565,1017,1,45.0,0.1
52971,11565,1003,1,89.0,0.05
52972,11566,1003,1,89.0,0.05
52973,11566,1007,1,75.0,0.15
52974,11567,1013,4,95.0,0.25
52975,11567,1016,1,210.0,0.1
52976,11567,1002,1,680.0,0.05
52977,11568,1017,1,45.0,0.0
52978,11568,1016,2,210.0,0.0
52979,11569,1005,1,55.0,0.1
52980,11569,1012,1,49.0,0.0
52981,11570,1007,1,75.0,0.25
52982,11571,1015,2,890.0,0.1
52983,11571,1001,1,450.0,0.15
52984,11571,1007,1,75.0,0.05
52985,11572,1020,2,310.0,0.25
52986,11573,1015,1,890.0,0.05
52987,11574,1019,1,260.0,0.0
52988,11574,1016,1,210.0,0.0
52989,11574,1003,1,89.0,0.0
52990,11575,1018,1,175.0,0.1
52991,11576,1001,1,450.0,0.0
52992,11576,1019,2,260.0,0.0
52993,11577,1012,4,49.0,0.0
52994,11577,1011,1,520.0,0.0
52995,11578,1017,1,45.0,0.1
52996,11578,1006,1,130.0,0.15
52997,11578,1008,1,240.0,0.2
52998,11578,1014,2,149.0,0.0
52999,11579,1015,1,890.0,0.0
53000,11580,1004,1,160.0,0.15
53001,11581,1010,1,119.0,0.2
53002,11581,1007,1,75.0,0.1
53003,11582,1003,1,89.0,0.05
53004,11582,1020,1,310.0,0.15
53005,11582,1017,1,45.0,0.15
53006,11583,1017,1,45.0,0.15
53007,11583,1008,2,240.0,0.2
53008,11584,1001,1,450.0,0.0
53009,11584,1007,1,75.0,0.05
53010,11584,1010,2,119.0,0.0
53011,11584,1009,1,320.0,0.0
53012,11584,1011,1,520.0,0.05
53013,11585,1008,2,240.0,0.05
53014,11585,1017,1,45.0,0.0
53015,11585,1013,1,95.0,0.2
53016,11586,1017,1,45.0,0.0
53017,11587,1015,1,890.0,0.05
53018,11587,1001,1,450.0,0.0
53019,11587,1007,1,75.0,0.15
53020,11588,1009,1,320.0,0.1
53021,11588,1001,1,450.0,0.0
53022,11588,1008,2,240.0,0.25
53023,11589,1016,2,210.0,0.0
53024,11590,1006,1,130.0,0.0
53025,11591,1003,4,89.0,0.15
53026,11592,1011,1,520.0,0.0
53027,11593,1010,1,119.0,0.1
53028,11594,1004,2,160.0,0.15
53029,11595,1019,1,260.0,0.1
53030,11595,1010,2,119.0,0.0
53031,11595,1018,1,175.0,0.1
53032,11596,1018,1,175.0,0.05
53033,11596,1007,2,75.0,0.05
53034,11596,1019,2,260.0,0.05
53035,11597,1014,1,149.0,0.25
53036,11597,1011,1,520.0,0.15
53037,11597,1013,1,95.0,0.1
53038,11597,1009,2,320.0,0.15
53039,11598,1017,1,45.0,0.15
53040,11598,1009,1,320.0,0.15
53041,11599,1013,1,95.0,0.05
53042,11600,1019,1,260.0,0.1
53043,11601,1017,1,45.0,0.3
53044,11601,1018,1,175.0,0.25
53045,11601,1011,1,520.0,0.15
53046,11601,1006,1,130.0,0.05
53047,11602,1006,1,130.0,0.0
53048,11603,1006,1,130.0,0.1
53049,11603,1020,1,310.0,0.1
53050,11604,1012,1,49.0,0.0
53051,11604,1007,1,75.0,0.2
53052,11605,1001,2,450.0,0.15
53053,11605,1020,2,310.0,0.0
53054,11605,1007,1,75.0,0.0
53055,11605,1016,1,210.0,0.0
53056,11605,1019,1,260.0,0.15
53057,11606,1016,2,210.0,0.15
53058,11607,1014,1,149.0,0.1
53059,11607,1016,2,210.0,0.2
53060,11608,1009,1,320.0,0.0
53061,11608,1011,1,520.0,0.05
53062,11608,1013,1,95.0,0.15
53063,11609,1019,1,260.0,0.2
53064,11609,1012,1,49.0,0.0
53065,11610,1013,2,95.0,0.05
53066,11610,1008,3,240.0,0.0
53067,11610,1002,1,680.0,0.2
53068,11610,1007,3,75.0,0.0
53069,11610,1005,1,55.0,0.2
53070,11611,1002,1,680.0,0.0
53071,11611,1013,1,95.0,0.05
53072,11611,1008,1,240.0,0.0
53073,11612,1017,1,45.0,0.0
53074,11613,1019,1,260.0,0.0
53075,11614,1019,1,260.0,0.05
53076,11615,1007,1,75.0,0.2
53077,11616,1012,1,49.0,0.25
53078,11616,1013,1,95.0,0.1
53079,11617,1019,1,260.0,0.15
53080,11618,1013,1,95.0,0.2
53081,11618,1018,1,175.0,0.0
53082,11619,1016,1,210.0,0.0
53083,11620,1011,1,520.0,0.0
53084,11621,1017,1,45.0,0.0
53085,11622,1019,1,260.0,0.05
53086,11623,1007,1,75.0,0.0
53087,11623,1003,1,89.0,0.0
53088,11623,1012,1,49.0,0.05
53089,11624,1001,1,450.0,0.0
53090,11625,1015,1,890.0,0.0
53091,11626,1018,1,175.0,0.15
53092,11627,1005,2,55.0,0.05
53093,11628,1015,1,890.0,0.1
53094,11629,1020,1,310.0,0.0
53095,11629,1010,1,119.0,0.05
53096,11630,1002,1,680.0,0.0
53097,11631,1015,1,890.0,0.1
53098,11631,1007,1,75.0,0.05
53099,11632,1003,1,89.0,0.0
53100,11632,1014,1,149.0,0.0
53101,11633,1001,1,450.0,0.0
53102,11634,1015,1,890.0,0.05
53103,11634,1018,1,175.0,0.0
53104,11634,1007,1,75.0,0.0
53105,11634,1016,1,210.0,0.1
53106,11635,1012,1,49.0,0.1
53107,11636,1014,3,149.0,0.15
53108,11636,1020,1,310.0,0.05
53109,11637,1002,1,680.0,0.1
53110,11637,1011,1,520.0,0.05
53111,11637,1005,1,55.0,0.3
53112,11638,1019,1,260.0,0.15
53113,11639,1012,1,49.0,0.1
53114,11639,1002,1,680.0,0.05
53115,11639,1013,1,95.0,0.0
53116,11640,1004,1,160.0,0.0
53117,11641,1017,1,45.0,0.0
53118,11642,1010,1,119.0,0.0
53119,11643,1019,1,260.0,0.15
53120,11644,1002,1,680.0,0.25
53121,11644,1008,1,240.0,0.05
53122,11644,1013,1,95.0,0.2
53123,11645,1010,1,119.0,0.0
53124,11645,1004,1,160.0,0.0
53125,11645,1011,1,520.0,0.15
53126,11646,1011,2,520.0,0.0
53127,11646,1001,1,450.0,0.05
53128,11647,1001,2,450.0,0.0
53129,11647,1003,1,89.0,0.2
53130,11647,1006,1,130.0,0.05
53131,11647,1010,2,119.0,0.15
53132,11647,1012,1,49.0,0.1
53133,11648,1012,2,49.0,0.0
53134,11648,1002,1,680.0,0.1
53135,11649,1015,1,890.0,0.05
53136,11650,1010,1,119.0,0.0
53137,11651,1005,1,55.0,0.0
53138,11652,1009,1,320.0,0.2
53139,11652,1002,2,680.0,0.05
53140,11653,1013,1,95.0,0.0
53141,11653,1005,1,55.0,0.05
53142,11654,1005,2,55.0,0.3
53143,11654,1002,1,680.0,0.15
53144,11654,1008,3,240.0,0.05
53145,11655,1002,1,680.0,0.2
53146,11655,1003,1,89.0,0.0
53147,11656,1008,1,240.0,0.05
53148,11656,1007,2,75.0,0.1
53149,11656,1002,1,680.0,0.15
53150,11657,1010,2,119.0,0.0
53151,11658,1019,1,260.0,0.05
53152,11658,1013,1,95.0,0.25
53153,11658,1004,1,160.0,0.0
53154,11659,1001,1,450.0,0.0
53155,11659,1017,1,45.0,0.1
53156,11659,1004,1,160.0,0.0
53157,11660,1003,1,89.0,0.15
53158,11660,1016,1,210.0,0.0
53159,11660,1004,1,160.0,0.0
53160,11661,1011,2,520.0,0.2
53161,11662,1005,1,55.0,0.0
53162,11662,1009,1,320.0,0.0
53163,11663,1006,1,130.0,0.05
53164,11663,1011,1,520.0,0.1
53165,11663,1007,2,75.0,0.0
53166,11663,1010,1,119.0,0.15
53167,11664,1010,1,119.0,0.05
53168,11665,1013,1,95.0,0.15
53169,11665,1005,1,55.0,0.15
53170,11665,1015,1,890.0,0.05
53171,11665,1020,2,310.0,0.0
53172,11666,1002,1,680.0,0.05
53173,11666,1004,2,160.0,0.15
53174,11667,1016,1,210.0,0.15
53175,11667,1005,1,55.0,0.0
53176,11667,1007,3,75.0,0.0
53177,11668,1017,1,45.0,0.2
53178,11668,1010,1,119.0,0.0
53179,11669,1001,1,450.0,0.0
53180,11669,1011,1,520.0,0.15
53181,11669,1008,1,240.0,0.1
53182,11669,1010,2,119.0,0.2
53183,11670,1009,2,320.0,0.15
53184,11670,1003,1,89.0,0.15
53185,11670,1020,1,310.0,0.0
53186,11671,1016,1,210.0,0.1
53187,11671,1019,1,260.0,0.0
53188,11671,1018,2,175.0,0.0
53189,11672,1019,1,260.0,0.0
53190,11672,1017,1,45.0,0.0
53191,11673,1014,1,149.0,0.05
53192,11674,1016,1,210.0,0.0
53193,11675,1010,1,119.0,0.15
53194,11676,1008,1,240.0,0.0
53195,11677,1009,1,320.0,0.05
53196,11678,1016,1,210.0,0.1
53197,11678,1010,1,119.0,0.0
53198,11679,1007,1,75.0,0.05
53199,11680,1004,1,160.0,0.0
53200,11681,1004,1,160.0,0.0
53201,11682,1012,3,49.0,0.0
53202,11682,1015,1,890.0,0.1
53203,11682,1010,1,119.0,0.15
53204,11682,1009,1,320.0,0.05
53205,11683,1014,2,149.0,0.05
53206,11684,1010,1,119.0,0.05
53207,11685,1017,1,45.0,0.1
53208,11685,1020,1,310.0,0.0
53209,11686,1020,1,310.0,0.1
53210,11687,1004,4,160.0,0.05
53211,11688,1015,1,890.0,0.0
53212,11688,1016,1,210.0,0.0
53213,11689,1015,1,890.0,0.15
53214,11690,1006,1,130.0,0.15
53215,11690,1018,1,175.0,0.2
53216,11690,1005,1,55.0,0.25
53217,11691,1009,1,320.0,0.0
53218,11692,1014,1,149.0,0.15
53219,11692,1019,2,260.0,0.05
53220,11693,1008,1,240.0,0.0
53221,11694,1009,2,320.0,0.1
53222,11694,1019,1,260.0,0.1
53223,11695,1009,1,320.0,0.0
53224,11696,1001,1,450.0,0.15
53225,11696,1010,1,119.0,0.05
53226,11697,1019,2,260.0,0.15
53227,11697,1012,2,49.0,0.15
53228,11698,1010,1,119.0,0.0
53229,11699,1018,2,175.0,0.2
53230,11699,1010,1,119.0,0.1
53231,11699,1006,1,130.0,0.15
53232,11699,1014,2,149.0,0.0
53233,11700,1004,1,160.0,0.1
53234,11701,1016,1,210.0,0.2
53235,11701,1006,1,130.0,0.05
53236,11701,1003,2,89.0,0.05
53237,11701,1009,2,320.0,0.15
53238,11701,1001,2,450.0,0.15
53239,11702,1016,1,210.0,0.1
53240,11703,1008,1,240.0,0.25
53241,11703,1013,1,95.0,0.05
53242,11704,1010,1,119.0,0.0
53243,11705,1009,1,320.0,0.1
53244,11705,1012,1,49.0,0.0
53245,11705,1016,2,210.0,0.05
53246,11705,1004,1,160.0,0.1
53247,11705,1019,1,260.0,0.1
53248,11706,1006,1,130.0,0.15
53249,11706,1014,1,149.0,0.0
53250,11707,1002,1,680.0,0.05
53251,11707,1017,3,45.0,0.1
53252,11707,1011,4,520.0,0.05
53253,11708,1014,1,149.0,0.0
53254,11708,1009,1,320.0,0.15
53255,11708,1019,1,260.0,0.2
53256,11708,1016,2,210.0,0.05
53257,11708,1002,1,680.0,0.2
53258,11709,1009,2,320.0,0.1
53259,11710,1015,2,890.0,0.2
53260,11711,1016,1,210.0,0.05
53261,11712,1008,1,240.0,0.0
53262,11713,1002,2,680.0,0.0
53263,11714,1017,1,45.0,0.15
53264,11715,1009,1,320.0,0.0
53265,11716,1011,2,520.0,0.1
53266,11716,1004,1,160.0,0.0
53267,11716,1002,2,680.0,0.0
53268,11717,1014,1,149.0,0.3
53269,11717,1009,3,320.0,0.05
53270,11718,1007,1,75.0,0.1
53271,11718,1019,2,260.0,0.15
53272,11718,1016,2,210.0,0.0
53273,11718,1009,2,320.0,0.0
53274,11719,1018,1,175.0,0.2
53275,11720,1015,1,890.0,0.05
53276,11720,1016,1,210.0,0.3
53277,11721,1012,1,49.0,0.05
53278,11721,1006,1,130.0,0.2
53279,11721,1014,1,149.0,0.05
53280,11721,1002,1,680.0,0.05
53281,11722,1013,2,95.0,0.1
53282,11723,1020,1,310.0,0.1
53283,11724,1017,1,45.0,0.2
53284,11724,1015,1,890.0,0.25
53285,11725,1012,2,49.0,0.0
53286,11725,1004,1,160.0,0.25
53287,11725,1001,1,450.0,0.15
53288,11726,1007,1,75.0,0.0
53289,11726,1001,2,450.0,0.0
53290,11727,1009,1,320.0,0.0
53291,11727,1005,1,55.0,0.0
53292,11727,1016,1,210.0,0.2
53293,11728,1002,2,680.0,0.1
53294,11728,1015,1,890.0,0.05
53295,11728,1012,2,49.0,0.0
53296,11728,1014,1,149.0,0.0
53297,11728,1001,2,450.0,0.0
53298,11729,1008,1,240.0,0.1
53299,11730,1001,3,450.0,0.0
53300,11731,1002,1,680.0,0.0
53301,11731,1006,1,130.0,0.2
53302,11731,1015,1,890.0,0.05
53303,11732,1005,1,55.0,0.1
53304,11733,1002,2,680.0,0.15
53305,11733,1010,1,119.0,0.0
53306,11733,1017,3,45.0,0.2
53307,11734,1012,2,49.0,0.1
53308,11734,1015,1,890.0,0.15
53309,11734,1016,1,210.0,0.15
53310,11734,1019,1,260.0,0.0
53311,11735,1007,2,75.0,0.05
53312,11735,1017,1,45.0,0.0
53313,11736,1012,1,49.0,0.05
53314,11737,1011,1,520.0,0.0
53315,11738,1010,1,119.0,0.0
53316,11739,1010,1,119.0,0.15
53317,11739,1017,2,45.0,0.15
53318,11739,1018,1,175.0,0.1
53319,11740,1011,1,520.0,0.2
53320,11741,1007,2,75.0,0.1
53321,11741,1012,1,49.0,0.0
53322,11742,1011,1,520.0,0.05
53323,11743,1006,1,130.0,0.2
53324,11744,1019,1,260.0,0.1
53325,11744,1008,1,240.0,0.0
53326,11744,1016,1,210.0,0.0
53327,11745,1019,1,260.0,0.2
53328,11746,1001,1,450.0,0.05
53329,11746,1013,2,95.0,0.2
53330,11747,1003,3,89.0,0.15
53331,11748,1002,3,680.0,0.0
53332,11748,1020,1,310.0,0.0
53333,11748,1011,1,520.0,0.15
53334,11748,1010,2,119.0,0.0
53335,11749,1007,1,75.0,0.0
53336,11749,1020,2,310.0,0.1
53337,11749,1012,2,49.0,0.0
53338,11749,1016,2,210.0,0.1
53339,11749,1014,1,149.0,0.05
53340,11750,1011,1,520.0,0.0
53341,11751,1008,1,240.0,0.0
53342,11751,1020,1,310.0,0.15
53343,11752,1019,3,260.0,0.1
53344,11753,1002,1,680.0,0.0
53345,11753,1012,1,49.0,0.0
53346,11753,1019,1,260.0,0.0
53347,11753,1007,1,75.0,0.0
53348,11753,1003,1,89.0,0.0
53349,11754,1006,1,130.0,0.2
53350,11754,1001,1,450.0,0.1
53351,11755,1010,1,119.0,0.15
53352,11755,1015,1,890.0,0.05
53353,11756,1018,1,175.0,0.1
53354,11756,1008,1,240.0,0.0
53355,11757,1014,1,149.0,0.1
53356,11758,1006,1,130.0,0.05
53357,11758,1010,1,119.0,0.2
53358,11759,1011,1,520.0,0.05
53359,11760,1005,1,55.0,0.15
53360,11761,1019,1,260.0,0.05
53361,11762,1018,2,175.0,0.0
53362,11762,1006,2,130.0,0.0
53363,11763,1006,1,130.0,0.0
53364,11763,1002,1,680.0,0.0
53365,11764,1016,1,210.0,0.3
53366,11764,1010,3,119.0,0.05
53367,11765,1011,1,520.0,0.1
53368,11765,1015,1,890.0,0.15
53369,11766,1001,2,450.0,0.0
53370,11766,1002,2,680.0,0.0
53371,11767,1020,1,310.0,0.05
53372,11767,1009,1,320.0,0.05
53373,11768,1009,2,320.0,0.0
53374,11769,1015,1,890.0,0.2
53375,11770,1007,2,75.0,0.05
53376,11770,1006,1,130.0,0.15
53377,11771,1016,1,210.0,0.05
53378,11772,1001,1,450.0,0.3
53379,11772,1013,2,95.0,0.1
53380,11773,1005,1,55.0,0.1
53381,11774,1020,1,310.0,0.15
53382,11775,1004,2,160.0,0.0
53383,11776,1016,1,210.0,0.0
53384,11776,1012,1,49.0,0.1
53385,11777,1019,1,260.0,0.0
53386,11778,1005,1,55.0,0.0
53387,11779,1014,1,149.0,0.0
53388,11780,1012,1,49.0,0.0
53389,11780,1011,1,520.0,0.0
53390,11780,1017,1,45.0,0.05
53391,11780,1001,1,450.0,0.0
53392,11781,1011,1,520.0,0.0
53393,11782,1007,2,75.0,0.2
53394,11782,1019,1,260.0,0.2
53395,11782,1008,1,240.0,0.0
53396,11783,1002,2,680.0,0.1
53397,11784,1009,1,320.0,0.1
53398,11785,1019,1,260.0,0.0
53399,11785,1001,1,450.0,0.15
53400,11786,1011,1,520.0,0.0
53401,11786,1004,1,160.0,0.05
53402,11787,1001,1,450.0,0.0
53403,11787,1011,1,520.0,0.0
53404,11787,1016,2,210.0,0.0
53405,11788,1015,1,890.0,0.05
53406,11789,1006,1,130.0,0.15
53407,11790,1003,1,89.0,0.1
53408,11790,1015,1,890.0,0.0
53409,11791,1004,1,160.0,0.15
53410,11792,1012,1,49.0,0.05
53411,11792,1020,1,310.0,0.0
53412,11792,1003,2,89.0,0.0
53413,11792,1013,1,95.0,0.0
53414,11792,1007,1,75.0,0.0
53415,11793,1011,3,520.0,0.05
53416,11793,1019,1,260.0,0.05
53417,11793,1007,3,75.0,0.05
53418,11794,1016,1,210.0,0.1
53419,11794,1018,1,175.0,0.05
53420,11794,1011,1,520.0,0.15
53421,11795,1014,1,149.0,0.2
53422,11796,1001,1,450.0,0.0
53423,11797,1002,2,680.0,0.3
53424,11797,1020,1,310.0,0.05
53425,11798,1004,1,160.0,0.0
53426,11798,1020,1,310.0,0.05
53427,11799,1011,3,520.0,0.0
53428,11800,1012,2,49.0,0.15
53429,11801,1019,1,260.0,0.15
53430,11801,1015,1,890.0,0.05
53431,11801,1010,1,119.0,0.05
53432,11802,1007,1,75.0,0.1
53433,11802,1012,1,49.0,0.05
53434,11803,1008,2,240.0,0.1
53435,11803,1012,1,49.0,0.1
53436,11804,1020,1,310.0,0.05
53437,11805,1002,2,680.0,0.05
53438,11805,1013,1,95.0,0.0
53439,11806,1019,1,260.0,0.0
53440,11807,1016,1,210.0,0.1
53441,11807,1018,1,175.0,0.1
53442,11807,1007,1,75.0,0.15
53443,11808,1012,1,49.0,0.0
53444,11809,1015,1,890.0,0.0
53445,11810,1015,2,890.0,0.05
53446,11810,1012,1,49.0,0.0
53447,11811,1007,2,75.0,0.1
53448,11811,1003,1,89.0,0.1
53449,11812,1016,1,210.0,0.1
53450,11812,1012,2,49.0,0.05
53451,11813,1012,1,49.0,0.05
53452,11814,1004,1,160.0,0.05
53453,11815,1011,1,520.0,0.05
53454,11815,1001,1,450.0,0.15
53455,11816,1003,1,89.0,0.0
53456,11817,1012,2,49.0,0.0
53457,11817,1009,2,320.0,0.0
53458,11818,1020,1,310.0,0.0
53459,11819,1011,1,520.0,0.0
53460,11820,1016,1,210.0,0.0
53461,11821,1006,1,130.0,0.0
53462,11821,1005,1,55.0,0.1
53463,11822,1013,2,95.0,0.2
53464,11823,1002,1,680.0,0.05
53465,11823,1020,1,310.0,0.0
53466,11824,1012,1,49.0,0.0
53467,11824,1004,2,160.0,0.0
53468,11824,1013,1,95.0,0.2
53469,11824,1007,1,75.0,0.1
53470,11824,1011,1,520.0,0.05
53471,11825,1003,1,89.0,0.25
53472,11826,1012,1,49.0,0.0
53473,11827,1014,1,149.0,0.2
53474,11828,1016,1,210.0,0.0
53475,11828,1018,1,175.0,0.15
53476,11829,1004,1,160.0,0.1
53477,11829,1010,1,119.0,0.1
53478,11830,1012,1,49.0,0.0
53479,11830,1013,1,95.0,0.0
53480,11830,1007,1,75.0,0.0
53481,11831,1002,1,680.0,0.1
53482,11832,1017,3,45.0,0.05
53483,11832,1020,1,310.0,0.0
53484,11833,1020,1,310.0,0.1
53485,11833,1004,3,160.0,0.25
53486,11833,1008,2,240.0,0.0
53487,11833,1013,1,95.0,0.1
53488,11834,1004,2,160.0,0.0
53489,11834,1018,1,175.0,0.0
53490,11834,1001,1,450.0,0.0
53491,11835,1018,1,175.0,0.15
53492,11836,1013,1,95.0,0.0
53493,11837,1007,2,75.0,0.05
53494,11837,1019,1,260.0,0.2
53495,11838,1016,2,210.0,0.0
53496,11838,1020,1,310.0,0.0
53497,11839,1012,1,49.0,0.05
53498,11839,1003,2,89.0,0.0
53499,11840,1005,1,55.0,0.0
53500,11840,1012,2,49.0,0.05
53501,11840,1009,2,320.0,0.3
53502,11841,1014,1,149.0,0.1
53503,11841,1008,2,240.0,0.0
53504,11841,1018,2,175.0,0.1
53505,11841,1011,2,520.0,0.1
53506,11841,1006,3,130.0,0.1
53507,11842,1016,1,210.0,0.05
53508,11842,1002,1,680.0,0.15
53509,11843,1003,1,89.0,0.1
53510,11843,1020,1,310.0,0.1
53511,11844,1012,2,49.0,0.2
53512,11844,1001,4,450.0,0.0
53513,11845,1019,1,260.0,0.0
53514,11845,1013,1,95.0,0.05
53515,11846,1001,2,450.0,0.0
53516,11846,1011,1,520.0,0.1
53517,11847,1012,1,49.0,0.0
53518,11848,1011,1,520.0,0.2
53519,11848,1004,2,160.0,0.0
53520,11849,1011,1,520.0,0.05
53521,11849,1001,2,450.0,0.0
53522,11849,1009,1,320.0,0.0
53523,11849,1003,2,89.0,0.05
53524,11850,1006,1,130.0,0.1
53525,11850,1007,1,75.0,0.2
53526,11850,1018,2,175.0,0.15
53527,11851,1011,3,520.0,0.0
53528,11851,1005,2,55.0,0.0
53529,11852,1007,1,75.0,0.15
53530,11852,1003,1,89.0,0.3
53531,11852,1019,1,260.0,0.0
53532,11853,1011,1,520.0,0.0
53533,11853,1019,1,260.0,0.2
53534,11853,1009,1,320.0,0.15
53535,11854,1002,1,680.0,0.1
53536,11854,1020,1,310.0,0.15
53537,11855,1014,1,149.0,0.1
53538,11855,1003,1,89.0,0.1
53539,11856,1019,2,260.0,0.1
53540,11856,1016,1,210.0,0.0
53541,11857,1007,1,75.0,0.0
53542,11858,1013,1,95.0,0.0
53543,11859,1003,2,89.0,0.1
53544,11859,1017,2,45.0,0.2
53545,11860,1015,2,890.0,0.2
53546,11861,1020,1,310.0,0.1
53547,11861,1018,1,175.0,0.1
53548,11861,1003,2,89.0,0.0
53549,11862,1009,1,320.0,0.15
53550,11863,1008,1,240.0,0.2
53551,11863,1009,1,320.0,0.25
53552,11863,1004,1,160.0,0.05
53553,11864,1016,2,210.0,0.1
53554,11865,1008,1,240.0,0.0
53555,11865,1013,2,95.0,0.15
53556,11866,1019,1,260.0,0.0
53557,11867,1002,1,680.0,0.25
53558,11868,1012,1,49.0,0.1
53559,11869,1002,1,680.0,0.15
53560,11870,1017,1,45.0,0.15
53561,11870,1020,2,310.0,0.0
53562,11871,1002,2,680.0,0.05
53563,11871,1020,1,310.0,0.0
53564,11871,1015,2,890.0,0.05
53565,11872,1004,1,160.0,0.05
53566,11873,1001,1,450.0,0.0
53567,11873,1010,1,119.0,0.25
53568,11873,1018,1,175.0,0.05
53569,11873,1014,2,149.0,0.0
53570,11874,1009,2,320.0,0.1
53571,11874,1002,1,680.0,0.15
53572,11875,1017,1,45.0,0.0
53573,11875,1019,2,260.0,0.0
53574,11876,1007,1,75.0,0.1
53575,11877,1009,2,320.0,0.05
53576,11878,1012,1,49.0,0.2
53577,11879,1015,1,890.0,0.05
53578,11879,1009,1,320.0,0.0
53579,11879,1007,3,75.0,0.15
53580,11879,1005,2,55.0,0.0
53581,11880,1011,1,520.0,0.1
53582,11881,1001,1,450.0,0.0
53583,11882,1005,1,55.0,0.25
53584,11883,1008,2,240.0,0.1
53585,11883,1012,1,49.0,0.0
53586,11884,1011,1,520.0,0.05
53587,11884,1019,1,260.0,0.1
53588,11884,1010,2,119.0,0.0
53589,11884,1009,1,320.0,0.15
53590,11885,1005,1,55.0,0.05
53591,11886,1006,1,130.0,0.05
53592,11886,1007,1,75.0,0.0
53593,11886,1005,1,55.0,0.0
53594,11886,1019,1,260.0,0.2
53595,11887,1016,1,210.0,0.2
53596,11888,1012,2,49.0,0.05
53597,11888,1009,1,320.0,0.15
53598,11888,1010,1,119.0,0.05
53599,11889,1019,1,260.0,0.0
53600,11890,1018,2,175.0,0.2
53601,11891,1012,2,49.0,0.05
53602,11892,1010,1,119.0,0.0
53603,11892,1013,2,95.0,0.0
53604,11892,1001,1,450.0,0.05
53605,11892,1004,2,160.0,0.05
53606,11893,1004,1,160.0,0.0
53607,11893,1016,1,210.0,0.0
53608,11894,1020,1,310.0,0.1
53609,11895,1008,1,240.0,0.05
53610,11896,1011,1,520.0,0.15
53611,11896,1010,1,119.0,0.1
53612,11897,1016,1,210.0,0.1
53613,11897,1010,2,119.0,0.0
53614,11898,1006,2,130.0,0.2
53615,11898,1007,1,75.0,0.0
53616,11898,1019,1,260.0,0.15
53617,11898,1013,1,95.0,0.15
53618,11899,1004,1,160.0,0.05
53619,11899,1003,1,89.0,0.25
53620,11900,1005,1,55.0,0.0
53621,11900,1018,1,175.0,0.1
53622,11901,1017,2,45.0,0.1
53623,11901,1005,1,55.0,0.05
53624,11901,1015,1,890.0,0.05
53625,11902,1005,1,55.0,0.1
53626,11903,1012,1,49.0,0.0
53627,11904,1001,1,450.0,0.0
53628,11905,1019,4,260.0,0.0
53629,11906,1005,1,55.0,0.3
53630,11907,1002,1,680.0,0.0
53631,11907,1006,2,130.0,0.0
53632,11908,1001,1,450.0,0.0
53633,11908,1020,1,310.0,0.0
53634,11909,1009,1,320.0,0.0
53635,11909,1012,1,49.0,0.0
53636,11910,1011,2,520.0,0.2
53637,11911,1015,1,890.0,0.0
53638,11911,1001,2,450.0,0.0
53639,11912,1015,3,890.0,0.15
53640,11912,1011,1,520.0,0.0
53641,11912,1001,1,450.0,0.05
53642,11912,1006,1,130.0,0.05
53643,11913,1001,1,450.0,0.0
53644,11914,1008,1,240.0,0.1
53645,11915,1011,1,520.0,0.15
53646,11916,1008,2,240.0,0.0
53647,11916,1018,1,175.0,0.25
53648,11916,1009,1,320.0,0.05
53649,11917,1020,1,310.0,0.2
53650,11917,1007,3,75.0,0.15
53651,11917,1010,1,119.0,0.0
53652,11917,1004,1,160.0,0.1
53653,11918,1015,1,890.0,0.15
53654,11918,1009,1,320.0,0.0
53655,11919,1020,4,310.0,0.2
53656,11919,1017,1,45.0,0.0
53657,11920,1016,1,210.0,0.0
53658,11921,1019,1,260.0,0.05
53659,11922,1006,3,130.0,0.25
53660,11922,1016,2,210.0,0.0
53661,11923,1008,1,240.0,0.1
53662,11924,1004,1,160.0,0.0
53663,11924,1012,1,49.0,0.05
53664,11924,1008,1,240.0,0.1
53665,11925,1018,1,175.0,0.0
53666,11925,1007,1,75.0,0.15
53667,11925,1014,1,149.0,0.15
53668,11925,1002,1,680.0,0.05
53669,11926,1018,1,175.0,0.2
53670,11927,1001,1,450.0,0.0
53671,11927,1016,1,210.0,0.0
53672,11927,1002,2,680.0,0.05
53673,11928,1003,4,89.0,0.2
53674,11928,1016,1,210.0,0.05
53675,11929,1015,1,890.0,0.0
53676,11929,1014,1,149.0,0.05
53677,11930,1012,2,49.0,0.05
53678,11931,1009,1,320.0,0.1
53679,11932,1016,1,210.0,0.05
53680,11932,1006,1,130.0,0.0
53681,11933,1019,2,260.0,0.15
53682,11933,1017,1,45.0,0.0
53683,11934,1016,1,210.0,0.15
53684,11934,1003,1,89.0,0.15
53685,11935,1014,1,149.0,0.15
53686,11936,1013,1,95.0,0.15
53687,11937,1016,2,210.0,0.0
53688,11937,1014,1,149.0,0.0
53689,11937,1013,1,95.0,0.0
53690,11937,1018,1,175.0,0.0
53691,11938,1003,1,89.0,0.05
53692,11938,1016,1,210.0,0.0
53693,11938,1012,1,49.0,0.0
53694,11938,1002,4,680.0,0.0
53695,11939,1018,1,175.0,0.0
53696,11940,1008,1,240.0,0.05
53697,11940,1017,1,45.0,0.0
53698,11941,1013,1,95.0,0.1
53699,11941,1012,1,49.0,0.05
53700,11942,1004,1,160.0,0.0
53701,11942,1011,1,520.0,0.2
53702,11943,1015,3,890.0,0.2
53703,11944,1013,3,95.0,0.2
53704,11945,1018,1,175.0,0.0
53705,11945,1014,1,149.0,0.2
53706,11946,1019,2,260.0,0.2
53707,11946,1004,1,160.0,0.0
53708,11947,1006,1,130.0,0.15
53709,11947,1019,1,260.0,0.1
53710,11948,1019,1,260.0,0.05
53711,11948,1015,1,890.0,0.1
53712,11949,1016,2,210.0,0.05
53713,11950,1005,1,55.0,0.1
53714,11950,1001,1,450.0,0.2
53715,11950,1007,1,75.0,0.2
53716,11951,1013,2,95.0,0.15
53717,11951,1006,1,130.0,0.0
53718,11951,1010,1,119.0,0.05
53719,11952,1012,1,49.0,0.0
53720,11952,1002,1,680.0,0.0
53721,11952,1017,1,45.0,0.25
53722,11952,1005,1,55.0,0.0
53723,11952,1010,1,119.0,0.0
53724,11953,1002,1,680.0,0.0
53725,11953,1005,3,55.0,0.0
53726,11953,1010,1,119.0,0.0
53727,11954,1017,1,45.0,0.0
53728,11954,1002,1,680.0,0.05
53729,11954,1015,1,890.0,0.15
53730,11954,1001,1,450.0,0.0
53731,11955,1008,2,240.0,0.0
53732,11955,1005,1,55.0,0.0
53733,11956,1005,1,55.0,0.05
53734,11957,1003,3,89.0,0.0
53735,11957,1012,2,49.0,0.1
53736,11957,1002,1,680.0,0.0
53737,11958,1010,1,119.0,0.0
53738,11958,1015,2,890.0,0.1
53739,11959,1004,4,160.0,0.0
53740,11959,1005,1,55.0,0.05
53741,11960,1003,3,89.0,0.0
53742,11960,1020,1,310.0,0.15
53743,11960,1014,1,149.0,0.2
53744,11961,1009,2,320.0,0.0
53745,11962,1006,1,130.0,0.1
53746,11963,1001,1,450.0,0.0
53747,11963,1002,2,680.0,0.25
53748,11964,1002,2,680.0,0.2
53749,11964,1017,2,45.0,0.0
53750,11965,1012,1,49.0,0.0
53751,11965,1007,1,75.0,0.0
53752,11966,1014,3,149.0,0.2
53753,11966,1016,1,210.0,0.05
53754,11967,1001,2,450.0,0.1
53755,11967,1008,1,240.0,0.15
53756,11967,1010,2,119.0,0.05
53757,11967,1009,2,320.0,0.15
53758,11968,1014,1,149.0,0.0
53759,11969,1017,2,45.0,0.15
53760,11969,1012,1,49.0,0.1
53761,11969,1004,1,160.0,0.15
53762,11970,1009,1,320.0,0.05
53763,11971,1008,1,240.0,0.0
53764,11971,1016,1,210.0,0.0
53765,11972,1003,1,89.0,0.05
53766,11973,1007,1,75.0,0.0
53767,11973,1012,2,49.0,0.1
53768,11974,1010,1,119.0,0.2
53769,11975,1002,2,680.0,0.05
53770,11976,1020,1,310.0,0.2
53771,11976,1001,1,450.0,0.0
53772,11977,1008,2,240.0,0.15
53773,11977,1014,1,149.0,0.1
53774,11978,1012,1,49.0,0.1
53775,11978,1001,1,450.0,0.1
53776,11978,1017,1,45.0,0.05
53777,11979,1005,1,55.0,0.0
53778,11979,1011,1,520.0,0.2
53779,11979,1015,1,890.0,0.2
53780,11980,1009,1,320.0,0.15
53781,11980,1015,1,890.0,0.0
53782,11981,1002,1,680.0,0.2
53783,11982,1013,1,95.0,0.1
53784,11982,1017,1,45.0,0.15
53785,11983,1009,2,320.0,0.05
53786,11983,1020,2,310.0,0.05
53787,11983,1019,2,260.0,0.0
53788,11983,1001,1,450.0,0.0
53789,11984,1009,2,320.0,0.2
53790,11984,1002,1,680.0,0.05
53791,11985,1007,1,75.0,0.05
53792,11986,1001,1,450.0,0.0
53793,11987,1008,1,240.0,0.0
53794,11987,1019,1,260.0,0.0
53795,11988,1010,1,119.0,0.0
53796,11988,1001,1,450.0,0.0
53797,11989,1004,1,160.0,0.0
53798,11990,1015,1,890.0,0.05
53799,11990,1016,1,210.0,0.1
53800,11991,1013,3,95.0,0.15
53801,11991,1011,1,520.0,0.0
53802,11991,1007,1,75.0,0.2
53803,11991,1006,2,130.0,0.05
53804,11992,1020,1,310.0,0.05
53805,11993,1006,2,130.0,0.1
53806,11994,1007,1,75.0,0.05
53807,11995,1007,1,75.0,0.0
53808,11995,1006,1,130.0,0.05
53809,11995,1009,1,320.0,0.05
53810,11996,1004,1,160.0,0.05
53811,11997,1013,1,95.0,0.0
53812,11998,1014,4,149.0,0.05
53813,11999,1011,1,520.0,0.0
53814,12000,1001,1,450.0,0.0
53815,12001,1001,1,450.0,0.0
53816,12001,1017,1,45.0,0.2
53817,12001,1009,1,320.0,0.0
53818,12002,1001,1,450.0,0.15
53819,12003,1011,1,520.0,0.05
53820,12003,1017,1,45.0,0.0
53821,12003,1008,1,240.0,0.0
53822,12004,1019,1,260.0,0.05
53823,12004,1001,2,450.0,0.0
53824,12005,1009,2,320.0,0.15
53825,12005,1001,1,450.0,0.0
53826,12005,1014,1,149.0,0.0
53827,12006,1016,1,210.0,0.15
53828,12007,1013,1,95.0,0.2
53829,12007,1009,2,320.0,0.1
53830,12008,1009,2,320.0,0.0
53831,12009,1003,1,89.0,0.05
53832,12009,1008,1,240.0,0.0
53833,12010,1016,1,210.0,0.05
53834,12010,1013,1,95.0,0.2
53835,12011,1019,2,260.0,0.05
53836,12011,1005,1,55.0,0.0
53837,12012,1005,1,55.0,0.0
53838,12013,1018,2,175.0,0.05
53839,12013,1016,1,210.0,0.0
53840,12014,1011,1,520.0,0.2
53841,12015,1020,1,310.0,0.0
53842,12016,1013,1,95.0,0.0
53843,12017,1013,2,95.0,0.0
53844,12018,1015,1,890.0,0.15
53845,12019,1001,1,450.0,0.0
53846,12019,1013,1,95.0,0.0
53847,12019,1006,2,130.0,0.0
53848,12020,1009,1,320.0,0.1
53849,12020,1011,1,520.0,0.0
53850,12021,1015,1,890.0,0.0
53851,12022,1010,3,119.0,0.0
53852,12023,1019,1,260.0,0.1
53853,12024,1010,1,119.0,0.1
53854,12025,1020,1,310.0,0.2
53855,12026,1001,1,450.0,0.0
53856,12027,1016,2,210.0,0.2
53857,12027,1019,1,260.0,0.25
53858,12027,1006,2,130.0,0.1
53859,12028,1003,1,89.0,0.25
53860,12028,1005,2,55.0,0.0
53861,12029,1002,4,680.0,0.1
53862,12030,1019,1,260.0,0.0
53863,12030,1013,2,95.0,0.0
53864,12031,1005,2,55.0,0.1
53865,12031,1003,1,89.0,0.0
53866,12031,1017,1,45.0,0.05
53867,12032,1004,2,160.0,0.0
53868,12032,1020,1,310.0,0.2
53869,12033,1016,1,210.0,0.2
53870,12034,1005,1,55.0,0.1
53871,12034,1004,1,160.0,0.05
53872,12034,1006,1,130.0,0.0
53873,12034,1002,1,680.0,0.0
53874,12035,1009,1,320.0,0.0
53875,12035,1006,1,130.0,0.0
53876,12036,1008,1,240.0,0.05
53877,12036,1016,1,210.0,0.0
53878,12037,1011,1,520.0,0.0
53879,12037,1009,1,320.0,0.0
53880,12038,1008,3,240.0,0.0
53881,12038,1019,2,260.0,0.05
53882,12038,1002,2,680.0,0.0
53883,12039,1001,2,450.0,0.0
53884,12040,1011,1,520.0,0.1
53885,12040,1003,1,89.0,0.0
53886,12040,1006,1,130.0,0.0
53887,12040,1019,1,260.0,0.2
53888,12041,1010,1,119.0,0.0
53889,12042,1006,2,130.0,0.05
53890,12043,1015,1,890.0,0.05
53891,12044,1008,2,240.0,0.0
53892,12044,1016,2,210.0,0.05
53893,12045,1006,3,130.0,0.2
53894,12046,1002,2,680.0,0.15
53895,12046,1003,2,89.0,0.2
53896,12046,1016,1,210.0,0.1
53897,12047,1007,1,75.0,0.2
53898,12047,1013,3,95.0,0.1
53899,12047,1016,1,210.0,0.0
53900,12048,1002,1,680.0,0.15
53901,12049,1019,1,260.0,0.05
53902,12050,1007,1,75.0,0.1
53903,12051,1014,1,149.0,0.15
53904,12051,1003,1,89.0,0.0
53905,12052,1007,1,75.0,0.1
53906,12052,1009,1,320.0,0.05
53907,12052,1014,1,149.0,0.1
53908,12053,1017,1,45.0,0.05
53909,12053,1002,1,680.0,0.0
53910,12054,1008,1,240.0,0.1
53911,12055,1014,1,149.0,0.0
53912,12056,1018,1,175.0,0.15
53913,12057,1010,1,119.0,0.2
53914,12058,1009,1,320.0,0.15
53915,12058,1007,1,75.0,0.2
53916,12059,1008,2,240.0,0.1
53917,12060,1003,1,89.0,0.05
53918,12061,1001,1,450.0,0.0
53919,12062,1010,1,119.0,0.0
53920,12063,1006,3,130.0,0.15
53921,12063,1004,1,160.0,0.0
53922,12064,1019,1,260.0,0.0
53923,12064,1015,1,890.0,0.0
53924,12065,1002,1,680.0,0.15
53925,12066,1004,1,160.0,0.0
53926,12066,1006,1,130.0,0.2
53927,12067,1019,1,260.0,0.0
53928,12068,1017,1,45.0,0.1
53929,12068,1013,2,95.0,0.0
53930,12068,1016,1,210.0,0.0
53931,12068,1012,1,49.0,0.05
53932,12068,1011,1,520.0,0.05
53933,12069,1005,2,55.0,0.25
53934,12070,1010,1,119.0,0.0
53935,12071,1014,1,149.0,0.0
53936,12072,1019,2,260.0,0.15
53937,12072,1005,1,55.0,0.0
53938,12073,1006,1,130.0,0.15
53939,12074,1016,2,210.0,0.15
53940,12074,1017,1,45.0,0.0
53941,12074,1011,2,520.0,0.0
53942,12075,1012,1,49.0,0.0
53943,12075,1014,1,149.0,0.1
53944,12076,1008,1,240.0,0.05
53945,12077,1014,1,149.0,0.2
53946,12078,1009,2,320.0,0.2
53947,12079,1005,1,55.0,0.0
53948,12080,1013,1,95.0,0.0
53949,12080,1019,1,260.0,0.05
53950,12081,1014,2,149.0,0.0
53951,12082,1006,1,130.0,0.0
53952,12083,1004,1,160.0,0.0
53953,12084,1008,1,240.0,0.15
53954,12084,1013,1,95.0,0.0
53955,12085,1012,1,49.0,0.0
53956,12085,1013,2,95.0,0.1
53957,12086,1002,1,680.0,0.0
53958,12086,1007,2,75.0,0.0
53959,12086,1006,1,130.0,0.05
53960,12087,1011,1,520.0,0.0
53961,12087,1005,1,55.0,0.05
53962,12088,1018,1,175.0,0.3
53963,12088,1001,3,450.0,0.1
53964,12088,1014,1,149.0,0.0
53965,12088,1011,1,520.0,0.1
53966,12089,1020,2,310.0,0.0
53967,12089,1001,1,450.0,0.05
53968,12090,1017,1,45.0,0.0
53969,12090,1003,3,89.0,0.0
53970,12091,1011,1,520.0,0.0
53971,12091,1014,2,149.0,0.1
53972,12091,1015,1,890.0,0.0
53973,12091,1004,1,160.0,0.0
53974,12092,1010,2,119.0,0.1
53975,12093,1020,1,310.0,0.1
53976,12093,1017,2,45.0,0.15
53977,12093,1008,1,240.0,0.0
53978,12094,1008,1,240.0,0.05
53979,12094,1013,1,95.0,0.05
53980,12095,1013,2,95.0,0.1
53981,12095,1004,1,160.0,0.15
53982,12096,1009,2,320.0,0.0
53983,12096,1019,2,260.0,0.15
53984,12097,1003,1,89.0,0.05
53985,12097,1008,1,240.0,0.0
53986,12097,1018,1,175.0,0.2
53987,12098,1013,1,95.0,0.0
53988,12098,1015,1,890.0,0.1
53989,12099,1013,1,95.0,0.0
53990,12099,1001,1,450.0,0.0
53991,12099,1004,1,160.0,0.0
53992,12100,1002,1,680.0,0.05
53993,12100,1015,1,890.0,0.1
53994,12101,1006,2,130.0,0.05
53995,12101,1001,1,450.0,0.0
53996,12101,1014,1,149.0,0.1
53997,12101,1013,1,95.0,0.15
53998,12102,1001,1,450.0,0.0
53999,12103,1010,1,119.0,0.0
54000,12103,1007,1,75.0,0.0
54001,12104,1020,1,310.0,0.15
54002,12105,1016,1,210.0,0.0
54003,12105,1008,1,240.0,0.25
54004,12106,1004,1,160.0,0.1
54005,12107,1016,2,210.0,0.2
54006,12108,1003,2,89.0,0.05
54007,12109,1011,1,520.0,0.15
54008,12109,1009,1,320.0,0.05
54009,12110,1008,1,240.0,0.0
54010,12110,1019,1,260.0,0.0
54011,12110,1002,1,680.0,0.0
54012,12111,1001,1,450.0,0.0
54013,12112,1003,1,89.0,0.25
54014,12113,1001,1,450.0,0.1
54015,12113,1019,1,260.0,0.0
54016,12113,1010,1,119.0,0.1
54017,12114,1005,1,55.0,0.0
54018,12114,1008,1,240.0,0.0
54019,12114,1018,2,175.0,0.0
54020,12115,1017,1,45.0,0.0
54021,12115,1007,2,75.0,0.1
54022,12116,1013,1,95.0,0.0
54023,12117,1004,1,160.0,0.2
54024,12117,1008,1,240.0,0.05
54025,12118,1016,4,210.0,0.15
54026,12118,1003,2,89.0,0.1
54027,12118,1005,1,55.0,0.15
54028,12119,1015,1,890.0,0.05
54029,12119,1011,2,520.0,0.0
54030,12119,1020,2,310.0,0.0
54031,12119,1009,1,320.0,0.0
54032,12119,1002,1,680.0,0.0
54033,12120,1006,1,130.0,0.05
54034,12120,1013,1,95.0,0.0
54035,12121,1012,1,49.0,0.05
54036,12121,1004,1,160.0,0.05
54037,12121,1010,1,119.0,0.15
54038,12121,1011,1,520.0,0.2
54039,12122,1020,3,310.0,0.15
54040,12122,1019,2,260.0,0.05
54041,12123,1016,2,210.0,0.1
54042,12123,1008,1,240.0,0.0
54043,12124,1002,2,680.0,0.15
54044,12124,1014,1,149.0,0.25
54045,12125,1008,1,240.0,0.0
54046,12125,1009,2,320.0,0.0
54047,12125,1014,3,149.0,0.0
54048,12126,1008,2,240.0,0.05
54049,12127,1011,1,520.0,0.0
54050,12128,1005,1,55.0,0.0
54051,12128,1013,1,95.0,0.15
54052,12128,1007,3,75.0,0.3
54053,12129,1017,1,45.0,0.0
54054,12130,1015,1,890.0,0.0
54055,12130,1006,4,130.0,0.0
54056,12131,1006,3,130.0,0.15
54057,12132,1008,1,240.0,0.0
54058,12133,1018,1,175.0,0.0
54059,12134,1008,1,240.0,0.0
54060,12135,1007,1,75.0,0.0
54061,12136,1018,1,175.0,0.0
54062,12136,1013,2,95.0,0.0
54063,12136,1012,1,49.0,0.0
54064,12137,1006,1,130.0,0.1
54065,12137,1018,1,175.0,0.25
54066,12138,1019,1,260.0,0.05
54067,12139,1007,1,75.0,0.05
54068,12139,1013,1,95.0,0.2
54069,12140,1005,2,55.0,0.0
54070,12140,1017,1,45.0,0.2
54071,12141,1003,1,89.0,0.05
54072,12142,1010,2,119.0,0.0
54073,12143,1019,1,260.0,0.15
54074,12144,1013,1,95.0,0.15
54075,12145,1010,1,119.0,0.0
54076,12145,1014,1,149.0,0.0
54077,12145,1001,1,450.0,0.05
54078,12146,1009,1,320.0,0.05
54079,12146,1003,1,89.0,0.0
54080,12146,1001,1,450.0,0.2
54081,12146,1014,2,149.0,0.0
54082,12147,1007,2,75.0,0.1
54083,12148,1003,1,89.0,0.0
54084,12149,1008,1,240.0,0.0
54085,12150,1004,1,160.0,0.0
54086,12151,1009,1,320.0,0.05
54087,12151,1015,1,890.0,0.0
54088,12151,1011,2,520.0,0.0
54089,12152,1006,1,130.0,0.1
54090,12153,1012,1,49.0,0.05
54091,12153,1005,1,55.0,0.0
54092,12154,1002,2,680.0,0.05
54093,12155,1010,1,119.0,0.2
54094,12155,1020,3,310.0,0.25
54095,12156,1020,1,310.0,0.0
54096,12157,1001,1,450.0,0.1
54097,12158,1019,1,260.0,0.0
54098,12158,1002,3,680.0,0.05
54099,12158,1017,1,45.0,0.05
54100,12159,1004,2,160.0,0.0
54101,12159,1018,1,175.0,0.0
54102,12159,1005,1,55.0,0.0
54103,12160,1016,1,210.0,0.0
54104,12160,1004,1,160.0,0.0
54105,12161,1017,1,45.0,0.15
54106,12161,1013,2,95.0,0.0
54107,12162,1008,1,240.0,0.05
54108,12163,1004,1,160.0,0.0
54109,12164,1005,1,55.0,0.0
54110,12164,1018,1,175.0,0.05
54111,12164,1010,1,119.0,0.0
54112,12165,1014,1,149.0,0.0
54113,12166,1016,1,210.0,0.05
54114,12167,1008,1,240.0,0.2
54115,12168,1008,3,240.0,0.15
54116,12168,1001,1,450.0,0.1
54117,12168,1007,1,75.0,0.1
54118,12169,1007,1,75.0,0.1
54119,12169,1006,1,130.0,0.0
54120,12169,1018,2,175.0,0.0
54121,12169,1015,1,890.0,0.0
54122,12169,1008,1,240.0,0.05
54123,12170,1019,3,260.0,0.0
54124,12171,1017,1,45.0,0.05
54125,12171,1001,2,450.0,0.05
54126,12171,1010,1,119.0,0.2
54127,12171,1004,1,160.0,0.2
54128,12172,1017,1,45.0,0.15
54129,12172,1015,1,890.0,0.05
54130,12173,1008,1,240.0,0.15
54131,12173,1014,1,149.0,0.0
54132,12174,1004,3,160.0,0.0
54133,12175,1005,2,55.0,0.0
54134,12175,1019,1,260.0,0.1
54135,12176,1019,1,260.0,0.1
54136,12177,1018,2,175.0,0.0
54137,12177,1011,1,520.0,0.0
54138,12178,1017,1,45.0,0.0
54139,12179,1020,2,310.0,0.0
54140,12180,1002,1,680.0,0.0
54141,12181,1004,1,160.0,0.05
54142,12182,1019,1,260.0,0.0
54143,12182,1014,1,149.0,0.0
54144,12183,1009,1,320.0,0.0
54145,12183,1019,1,260.0,0.0
54146,12184,1007,1,75.0,0.1
54147,12184,1014,1,149.0,0.0
54148,12185,1008,2,240.0,0.1
54149,12185,1016,1,210.0,0.2
54150,12185,1003,1,89.0,0.0
54151,12186,1009,3,320.0,0.0
54152,12186,1002,1,680.0,0.05
54153,12187,1016,1,210.0,0.05
54154,12187,1015,4,890.0,0.05
54155,12188,1014,1,149.0,0.15
54156,12189,1015,1,890.0,0.1
54157,12189,1006,1,130.0,0.15
54158,12189,1001,1,450.0,0.0
54159,12189,1010,2,119.0,0.15
54160,12189,1007,1,75.0,0.0
54161,12190,1008,1,240.0,0.1
54162,12190,1019,4,260.0,0.0
54163,12191,1015,4,890.0,0.1
54164,12192,1013,1,95.0,0.05
54165,12192,1004,1,160.0,0.05
54166,12193,1011,1,520.0,0.0
54167,12194,1004,3,160.0,0.0
54168,12194,1014,1,149.0,0.15
54169,12195,1001,1,450.0,0.0
54170,12195,1012,3,49.0,0.1
54171,12196,1015,2,890.0,0.05
54172,12197,1005,1,55.0,0.0
54173,12197,1014,1,149.0,0.05
54174,12197,1004,1,160.0,0.2
54175,12198,1013,1,95.0,0.2
54176,12199,1019,1,260.0,0.2
54177,12199,1020,1,310.0,0.05
54178,12199,1018,1,175.0,0.05
54179,12199,1014,1,149.0,0.0
54180,12200,1016,2,210.0,0.25
54181,12201,1019,1,260.0,0.2
54182,12202,1007,2,75.0,0.0
54183,12202,1009,2,320.0,0.1
54184,12203,1014,2,149.0,0.0
54185,12204,1015,4,890.0,0.0
54186,12204,1002,1,680.0,0.1
54187,12204,1017,1,45.0,0.15
54188,12204,1004,1,160.0,0.1
54189,12205,1010,1,119.0,0.15
54190,12206,1016,1,210.0,0.0
54191,12206,1008,2,240.0,0.0
54192,12207,1017,1,45.0,0.0
54193,12207,1002,1,680.0,0.15
54194,12207,1018,1,175.0,0.3
54195,12208,1008,1,240.0,0.1
54196,12209,1006,2,130.0,0.3
54197,12209,1004,1,160.0,0.15
54198,12210,1009,2,320.0,0.15
54199,12210,1017,1,45.0,0.2
54200,12211,1019,1,260.0,0.0
54201,12212,1012,1,49.0,0.2
54202,12213,1017,1,45.0,0.25
54203,12213,1004,1,160.0,0.15
54204,12213,1007,1,75.0,0.2
54205,12214,1012,1,49.0,0.05
54206,12215,1008,4,240.0,0.2
54207,12215,1001,2,450.0,0.2
54208,12215,1016,1,210.0,0.0
54209,12216,1019,1,260.0,0.0
54210,12216,1012,1,49.0,0.1
54211,12216,1020,1,310.0,0.0
54212,12217,1012,1,49.0,0.2
54213,12217,1009,2,320.0,0.1
54214,12218,1001,1,450.0,0.05
54215,12218,1014,1,149.0,0.0
54216,12219,1006,1,130.0,0.05
54217,12220,1009,1,320.0,0.0
54218,12221,1002,2,680.0,0.0
54219,12221,1006,2,130.0,0.0
54220,12221,1005,1,55.0,0.0
54221,12222,1019,1,260.0,0.0
54222,12222,1010,1,119.0,0.0
54223,12223,1001,1,450.0,0.0
54224,12223,1007,1,75.0,0.15
54225,12224,1002,1,680.0,0.25
54226,12224,1014,1,149.0,0.05
54227,12224,1019,1,260.0,0.15
54228,12225,1012,2,49.0,0.05
54229,12225,1008,1,240.0,0.0
54230,12225,1007,1,75.0,0.0
54231,12226,1016,2,210.0,0.0
54232,12226,1020,1,310.0,0.0
54233,12226,1015,1,890.0,0.0
54234,12227,1004,3,160.0,0.0
54235,12228,1008,1,240.0,0.05
54236,12229,1006,1,130.0,0.15
54237,12229,1001,1,450.0,0.1
54238,12229,1010,2,119.0,0.0
54239,12230,1013,1,95.0,0.15
54240,12231,1002,1,680.0,0.25
54241,12232,1010,1,119.0,0.05
54242,12232,1014,1,149.0,0.1
54243,12233,1014,1,149.0,0.0
54244,12234,1011,1,520.0,0.0
54245,12234,1019,1,260.0,0.0
54246,12234,1005,1,55.0,0.0
54247,12235,1016,1,210.0,0.05
54248,12236,1004,2,160.0,0.0
54249,12236,1001,1,450.0,0.0
54250,12237,1003,1,89.0,0.0
54251,12238,1013,1,95.0,0.1
54252,12238,1015,1,890.0,0.15
54253,12239,1012,1,49.0,0.15
54254,12239,1017,1,45.0,0.05
54255,12240,1005,1,55.0,0.15
54256,12241,1019,1,260.0,0.0
54257,12241,1015,1,890.0,0.0
54258,12242,1014,1,149.0,0.05
54259,12243,1005,1,55.0,0.0
54260,12243,1013,1,95.0,0.0
54261,12243,1011,1,520.0,0.05
54262,12243,1016,1,210.0,0.0
54263,12244,1001,3,450.0,0.2
54264,12244,1014,1,149.0,0.0
54265,12244,1003,1,89.0,0.0
54266,12245,1009,2,320.0,0.2
54267,12245,1016,1,210.0,0.05
54268,12245,1005,2,55.0,0.0
54269,12246,1008,1,240.0,0.0
54270,12246,1002,1,680.0,0.2
54271,12247,1015,1,890.0,0.1
54272,12248,1020,1,310.0,0.1
54273,12248,1007,1,75.0,0.15
54274,12249,1010,1,119.0,0.1
54275,12250,1013,4,95.0,0.0
54276,12250,1020,1,310.0,0.05
54277,12250,1007,1,75.0,0.0
54278,12251,1015,1,890.0,0.1
54279,12252,1007,1,75.0,0.0
54280,12253,1008,1,240.0,0.0
54281,12253,1014,2,149.0,0.1
54282,12254,1015,1,890.0,0.0
54283,12255,1006,2,130.0,0.05
54284,12255,1019,2,260.0,0.2
54285,12256,1005,1,55.0,0.0
54286,12257,1019,1,260.0,0.15
54287,12258,1018,1,175.0,0.05
54288,12258,1010,1,119.0,0.15
54289,12258,1003,4,89.0,0.1
54290,12259,1012,2,49.0,0.05
54291,12259,1014,1,149.0,0.2
54292,12260,1012,1,49.0,0.0
54293,12260,1005,1,55.0,0.0
54294,12261,1018,2,175.0,0.0
54295,12261,1006,1,130.0,0.1
54296,12261,1008,1,240.0,0.0
54297,12262,1006,1,130.0,0.1
54298,12263,1011,1,520.0,0.0
54299,12263,1002,1,680.0,0.0
54300,12264,1011,1,520.0,0.0
54301,12264,1018,1,175.0,0.0
54302,12264,1004,2,160.0,0.1
54303,12265,1009,1,320.0,0.1
54304,12265,1020,1,310.0,0.15
54305,12265,1016,1,210.0,0.25
54306,12266,1008,1,240.0,0.05
54307,12266,1020,1,310.0,0.1
54308,12266,1019,3,260.0,0.0
54309,12267,1014,1,149.0,0.2
54310,12267,1006,1,130.0,0.0
54311,12267,1017,1,45.0,0.0
54312,12268,1006,1,130.0,0.0
54313,12269,1014,1,149.0,0.05
54314,12270,1019,1,260.0,0.0
54315,12271,1020,2,310.0,0.1
54316,12271,1012,1,49.0,0.0
54317,12272,1020,1,310.0,0.0
54318,12272,1013,1,95.0,0.0
54319,12272,1003,1,89.0,0.0
54320,12272,1014,1,149.0,0.05
54321,12273,1013,2,95.0,0.0
54322,12274,1016,1,210.0,0.1
54323,12274,1011,1,520.0,0.2
54324,12274,1012,1,49.0,0.0
54325,12275,1001,1,450.0,0.05
54326,12276,1011,1,520.0,0.0
54327,12277,1016,1,210.0,0.0
54328,12278,1014,1,149.0,0.1
54329,12278,1011,1,520.0,0.05
54330,12278,1008,1,240.0,0.0
54331,12279,1004,2,160.0,0.0
54332,12279,1013,1,95.0,0.05
54333,12280,1016,2,210.0,0.05
54334,12280,1007,1,75.0,0.2
54335,12280,1015,1,890.0,0.1
54336,12281,1019,1,260.0,0.1
54337,12282,1002,4,680.0,0.1
54338,12282,1010,1,119.0,0.0
54339,12282,1009,1,320.0,0.2
54340,12283,1013,1,95.0,0.0
54341,12284,1003,1,89.0,0.0
54342,12284,1015,1,890.0,0.15
54343,12285,1019,1,260.0,0.0
54344,12285,1018,1,175.0,0.0
54345,12286,1001,1,450.0,0.05
54346,12286,1012,1,49.0,0.05
54347,12287,1015,1,890.0,0.25
54348,12288,1015,1,890.0,0.0
54349,12288,1006,1,130.0,0.05
54350,12289,1008,1,240.0,0.05
54351,12290,1017,1,45.0,0.05
54352,12290,1012,1,49.0,0.2
54353,12290,1020,1,310.0,0.2
54354,12291,1013,1,95.0,0.05
54355,12292,1012,1,49.0,0.15
54356,12292,1019,1,260.0,0.0
54357,12292,1020,1,310.0,0.2
54358,12292,1015,2,890.0,0.1
54359,12292,1008,1,240.0,0.2
54360,12293,1018,1,175.0,0.15
54361,12294,1017,1,45.0,0.05
54362,12294,1015,1,890.0,0.05
54363,12294,1005,1,55.0,0.0
54364,12295,1003,2,89.0,0.15
54365,12295,1012,3,49.0,0.0
54366,12295,1002,1,680.0,0.05
54367,12296,1012,1,49.0,0.25
54368,12297,1012,1,49.0,0.0
54369,12298,1018,1,175.0,0.0
54370,12298,1019,2,260.0,0.0
54371,12298,1005,1,55.0,0.15
54372,12298,1020,1,310.0,0.05
54373,12299,1017,2,45.0,0.0
54374,12300,1010,2,119.0,0.1
54375,12301,1008,1,240.0,0.0
54376,12302,1018,1,175.0,0.25
54377,12302,1001,2,450.0,0.1
54378,12303,1004,1,160.0,0.0
54379,12303,1010,1,119.0,0.0
54380,12303,1001,1,450.0,0.15
54381,12304,1014,1,149.0,0.2
54382,12304,1018,1,175.0,0.1
54383,12304,1019,1,260.0,0.1
54384,12305,1011,1,520.0,0.05
54385,12306,1012,1,49.0,0.0
54386,12307,1006,2,130.0,0.2
54387,12308,1012,1,49.0,0.1
54388,12308,1002,1,680.0,0.1
54389,12309,1011,2,520.0,0.0
54390,12310,1003,1,89.0,0.05
54391,12310,1009,1,320.0,0.0
54392,12310,1019,2,260.0,0.05
54393,12310,1015,1,890.0,0.0
54394,12311,1009,1,320.0,0.0
54395,12311,1017,1,45.0,0.0
54396,12312,1006,1,130.0,0.0
54397,12312,1010,2,119.0,0.0
54398,12312,1020,1,310.0,0.0
54399,12312,1016,1,210.0,0.15
54400,12313,1007,1,75.0,0.0
54401,12314,1014,1,149.0,0.0
54402,12314,1005,1,55.0,0.1
54403,12314,1003,1,89.0,0.15
54404,12315,1016,1,210.0,0.2
54405,12315,1011,1,520.0,0.0
54406,12315,1001,2,450.0,0.1
54407,12316,1003,1,89.0,0.0
54408,12317,1004,1,160.0,0.05
54409,12317,1008,1,240.0,0.0
54410,12318,1014,2,149.0,0.0
54411,12319,1018,2,175.0,0.1
54412,12319,1015,1,890.0,0.1
54413,12319,1019,1,260.0,0.1
54414,12320,1016,4,210.0,0.1
54415,12320,1006,2,130.0,0.0
54416,12321,1011,2,520.0,0.1
54417,12321,1008,1,240.0,0.0
54418,12321,1013,1,95.0,0.05
54419,12321,1014,2,149.0,0.15
54420,12322,1013,1,95.0,0.15
54421,12323,1020,1,310.0,0.1
54422,12323,1008,2,240.0,0.1
54423,12323,1017,1,45.0,0.0
54424,12324,1004,1,160.0,0.0
54425,12324,1012,1,49.0,0.0
54426,12325,1014,2,149.0,0.0
54427,12326,1014,2,149.0,0.05
54428,12326,1006,1,130.0,0.0
54429,12326,1005,3,55.0,0.25
54430,12326,1010,1,119.0,0.15
54431,12327,1004,3,160.0,0.0
54432,12327,1008,1,240.0,0.0
54433,12327,1011,1,520.0,0.1
54434,12327,1002,2,680.0,0.1
54435,12328,1017,1,45.0,0.3
54436,12328,1003,1,89.0,0.05
54437,12329,1002,1,680.0,0.05
54438,12329,1018,1,175.0,0.1
54439,12329,1007,3,75.0,0.0
54440,12329,1014,1,149.0,0.15
54441,12330,1009,2,320.0,0.1
54442,12331,1017,2,45.0,0.05
54443,12331,1011,1,520.0,0.1
54444,12332,1018,2,175.0,0.2
54445,12332,1004,1,160.0,0.15
54446,12333,1011,1,520.0,0.1
54447,12333,1009,1,320.0,0.1
54448,12333,1002,3,680.0,0.2
54449,12333,1004,1,160.0,0.2
54450,12334,1012,1,49.0,0.0
54451,12334,1009,2,320.0,0.15
54452,12334,1015,1,890.0,0.15
54453,12335,1017,3,45.0,0.1
54454,12335,1008,1,240.0,0.0
54455,12335,1016,2,210.0,0.1
54456,12335,1012,1,49.0,0.05
54457,12335,1020,1,310.0,0.15
54458,12336,1004,2,160.0,0.0
54459,12336,1015,2,890.0,0.05
54460,12337,1012,1,49.0,0.0
54461,12338,1003,2,89.0,0.1
54462,12339,1014,2,149.0,0.0
54463,12339,1006,1,130.0,0.0
54464,12339,1019,4,260.0,0.05
54465,12340,1004,1,160.0,0.05
54466,12340,1019,1,260.0,0.0
54467,12341,1001,2,450.0,0.05
54468,12341,1020,1,310.0,0.05
54469,12342,1008,1,240.0,0.05
54470,12342,1012,1,49.0,0.0
54471,12342,1019,1,260.0,0.05
54472,12343,1004,1,160.0,0.0
54473,12343,1002,1,680.0,0.0
54474,12344,1010,1,119.0,0.0
54475,12345,1005,1,55.0,0.2
54476,12346,1004,1,160.0,0.0
54477,12347,1004,1,160.0,0.15
54478,12347,1016,1,210.0,0.0
54479,12347,1020,1,310.0,0.0
54480,12348,1013,1,95.0,0.15
54481,12348,1011,1,520.0,0.0
54482,12349,1004,1,160.0,0.15
54483,12350,1013,1,95.0,0.1
54484,12350,1004,1,160.0,0.05
54485,12351,1001,3,450.0,0.05
54486,12351,1008,1,240.0,0.25
54487,12352,1011,2,520.0,0.15
54488,12352,1010,1,119.0,0.15
54489,12353,1009,1,320.0,0.05
54490,12354,1016,1,210.0,0.0
54491,12355,1002,1,680.0,0.2
54492,12356,1017,1,45.0,0.0
54493,12357,1011,1,520.0,0.0
54494,12358,1007,4,75.0,0.2
54495,12358,1016,1,210.0,0.0
54496,12359,1001,1,450.0,0.1
54497,12359,1016,1,210.0,0.0
54498,12360,1002,1,680.0,0.15
54499,12360,1004,1,160.0,0.0
54500,12361,1016,1,210.0,0.15
54501,12361,1008,1,240.0,0.1
54502,12362,1004,1,160.0,0.0
54503,12362,1014,2,149.0,0.0
54504,12363,1001,2,450.0,0.0
54505,12364,1018,1,175.0,0.0
54506,12364,1019,1,260.0,0.1
54507,12365,1016,1,210.0,0.0
54508,12365,1019,1,260.0,0.15
54509,12366,1020,1,310.0,0.05
54510,12366,1006,1,130.0,0.0
54511,12367,1017,1,45.0,0.1
54512,12367,1001,1,450.0,0.1
54513,12368,1004,1,160.0,0.1
54514,12369,1003,1,89.0,0.05
54515,12370,1014,1,149.0,0.1
54516,12370,1004,3,160.0,0.0
54517,12370,1020,1,310.0,0.15
54518,12370,1006,1,130.0,0.15
54519,12371,1009,2,320.0,0.0
54520,12371,1006,2,130.0,0.15
54521,12372,1002,3,680.0,0.1
54522,12373,1001,2,450.0,0.0
54523,12374,1020,1,310.0,0.1
54524,12374,1008,1,240.0,0.0
54525,12375,1003,1,89.0,0.0
54526,12376,1002,1,680.0,0.0
54527,12376,1004,1,160.0,0.15
54528,12377,1010,1,119.0,0.15
54529,12377,1004,1,160.0,0.2
54530,12377,1006,2,130.0,0.1
54531,12377,1007,2,75.0,0.1
54532,12378,1019,1,260.0,0.0
54533,12378,1010,1,119.0,0.05
54534,12378,1007,2,75.0,0.25
54535,12378,1004,1,160.0,0.1
54536,12379,1012,1,49.0,0.0
54537,12380,1008,1,240.0,0.05
54538,12380,1018,1,175.0,0.1
54539,12381,1007,1,75.0,0.05
54540,12382,1001,1,450.0,0.05
54541,12383,1011,2,520.0,0.15
54542,12383,1017,1,45.0,0.0
54543,12383,1019,1,260.0,0.0
54544,12383,1005,1,55.0,0.1
54545,12384,1005,1,55.0,0.1
54546,12385,1017,1,45.0,0.3
54547,12385,1016,1,210.0,0.0
54548,12385,1012,1,49.0,0.15
54549,12385,1008,3,240.0,0.0
54550,12386,1019,2,260.0,0.0
54551,12387,1008,1,240.0,0.0
54552,12388,1008,1,240.0,0.0
54553,12388,1016,1,210.0,0.15
54554,12389,1018,1,175.0,0.2
54555,12390,1002,1,680.0,0.0
54556,12390,1016,1,210.0,0.0
54557,12391,1016,1,210.0,0.2
54558,12391,1008,2,240.0,0.0
54559,12392,1020,2,310.0,0.0
54560,12392,1001,3,450.0,0.0
54561,12393,1009,1,320.0,0.0
54562,12393,1020,1,310.0,0.3
54563,12394,1006,1,130.0,0.0
54564,12395,1012,1,49.0,0.15
54565,12395,1011,1,520.0,0.15
54566,12395,1014,1,149.0,0.15
54567,12395,1016,1,210.0,0.1
54568,12395,1009,1,320.0,0.2
54569,12396,1002,1,680.0,0.1
54570,12397,1009,1,320.0,0.0
54571,12397,1014,3,149.0,0.0
54572,12397,1012,2,49.0,0.0
54573,12398,1013,2,95.0,0.0
54574,12398,1017,3,45.0,0.15
54575,12399,1018,1,175.0,0.0
54576,12399,1019,1,260.0,0.0
54577,12399,1005,1,55.0,0.0
54578,12399,1010,1,119.0,0.0
54579,12399,1013,1,95.0,0.3
54580,12400,1012,1,49.0,0.1
54581,12401,1011,3,520.0,0.05
54582,12402,1014,1,149.0,0.0
54583,12403,1008,1,240.0,0.0
54584,12403,1006,1,130.0,0.0
54585,12404,1018,1,175.0,0.0
54586,12405,1005,2,55.0,0.15
54587,12405,1009,1,320.0,0.05
54588,12405,1019,2,260.0,0.0
54589,12406,1010,2,119.0,0.0
54590,12406,1017,1,45.0,0.0
54591,12406,1020,2,310.0,0.0
54592,12406,1001,2,450.0,0.0
54593,12407,1017,1,45.0,0.1
54594,12407,1016,1,210.0,0.0
54595,12408,1019,1,260.0,0.0
54596,12408,1016,1,210.0,0.2
54597,12408,1007,1,75.0,0.1
54598,12409,1019,1,260.0,0.15
54599,12409,1015,1,890.0,0.1
54600,12409,1010,1,119.0,0.0
54601,12410,1009,1,320.0,0.0
54602,12411,1016,2,210.0,0.0
54603,12411,1001,2,450.0,0.0
54604,12411,1017,1,45.0,0.05
54605,12412,1015,3,890.0,0.2
54606,12412,1002,1,680.0,0.05
54607,12412,1005,1,55.0,0.15
54608,12413,1011,1,520.0,0.3
54609,12413,1005,1,55.0,0.0
54610,12414,1016,3,210.0,0.15
54611,12414,1013,1,95.0,0.0
54612,12415,1011,4,520.0,0.1
54613,12415,1001,3,450.0,0.05
54614,12416,1005,1,55.0,0.1
54615,12417,1009,1,320.0,0.1
54616,12417,1006,1,130.0,0.05
54617,12418,1006,1,130.0,0.0
54618,12418,1015,1,890.0,0.1
54619,12418,1014,2,149.0,0.25
54620,12419,1016,1,210.0,0.0
54621,12420,1015,1,890.0,0.05
54622,12420,1017,1,45.0,0.0
54623,12420,1009,4,320.0,0.1
54624,12421,1016,2,210.0,0.0
54625,12422,1020,1,310.0,0.0
54626,12423,1001,1,450.0,0.0
54627,12423,1017,2,45.0,0.0
54628,12424,1001,1,450.0,0.05
54629,12425,1006,1,130.0,0.0
54630,12426,1018,4,175.0,0.15
54631,12426,1015,1,890.0,0.15
54632,12427,1007,2,75.0,0.1
54633,12428,1014,1,149.0,0.15
54634,12428,1020,1,310.0,0.0
54635,12428,1009,1,320.0,0.05
54636,12428,1005,1,55.0,0.1
54637,12429,1013,1,95.0,0.05
54638,12429,1008,1,240.0,0.1
54639,12430,1006,2,130.0,0.05
54640,12430,1015,1,890.0,0.0
54641,12430,1016,1,210.0,0.0
54642,12431,1005,3,55.0,0.15
54643,12431,1013,2,95.0,0.05
54644,12432,1017,1,45.0,0.05
54645,12432,1014,1,149.0,0.15
54646,12432,1015,1,890.0,0.1
54647,12433,1020,1,310.0,0.15
54648,12433,1013,1,95.0,0.15
54649,12434,1010,1,119.0,0.0
54650,12435,1020,2,310.0,0.0
54651,12436,1015,1,890.0,0.0
54652,12437,1019,1,260.0,0.0
54653,12438,1012,1,49.0,0.0
54654,12438,1013,2,95.0,0.15
54655,12439,1007,1,75.0,0.25
54656,12440,1001,1,450.0,0.05
54657,12440,1004,1,160.0,0.15
54658,12440,1010,1,119.0,0.2
54659,12441,1001,1,450.0,0.0
54660,12442,1002,3,680.0,0.0
54661,12442,1006,1,130.0,0.15
54662,12442,1011,2,520.0,0.15
54663,12442,1003,1,89.0,0.15
54664,12443,1011,1,520.0,0.15
54665,12443,1002,1,680.0,0.0
54666,12443,1003,1,89.0,0.15
54667,12443,1020,2,310.0,0.15
54668,12444,1020,2,310.0,0.15
54669,12444,1007,1,75.0,0.2
54670,12445,1011,1,520.0,0.1
54671,12446,1009,1,320.0,0.0
54672,12447,1017,2,45.0,0.05
54673,12447,1014,2,149.0,0.0
54674,12448,1016,2,210.0,0.0
54675,12448,1004,1,160.0,0.15
54676,12449,1019,2,260.0,0.0
54677,12449,1016,1,210.0,0.05
54678,12449,1011,1,520.0,0.2
54679,12449,1012,1,49.0,0.0
54680,12450,1020,2,310.0,0.15
54681,12450,1009,1,320.0,0.1
54682,12451,1017,1,45.0,0.2
54683,12451,1004,2,160.0,0.05
54684,12452,1018,1,175.0,0.0
54685,12453,1015,1,890.0,0.0
54686,12453,1013,1,95.0,0.0
54687,12454,1014,1,149.0,0.1
54688,12454,1001,1,450.0,0.15
54689,12454,1003,1,89.0,0.0
54690,12455,1010,3,119.0,0.05
54691,12456,1002,1,680.0,0.0
54692,12456,1014,1,149.0,0.15
54693,12457,1004,1,160.0,0.0
54694,12458,1006,1,130.0,0.0
54695,12458,1012,1,49.0,0.15
54696,12459,1002,1,680.0,0.1
54697,12460,1018,1,175.0,0.0
54698,12460,1020,2,310.0,0.0
54699,12461,1001,2,450.0,0.1
54700,12462,1006,1,130.0,0.05
54701,12462,1002,1,680.0,0.05
54702,12462,1013,1,95.0,0.05
54703,12463,1013,2,95.0,0.0
54704,12464,1013,1,95.0,0.3
54705,12464,1007,1,75.0,0.05
54706,12465,1018,2,175.0,0.1
54707,12465,1016,1,210.0,0.2
54708,12465,1004,2,160.0,0.15
54709,12466,1017,4,45.0,0.15
54710,12466,1010,1,119.0,0.05
54711,12467,1002,1,680.0,0.1
54712,12468,1016,1,210.0,0.0
54713,12468,1002,2,680.0,0.0
54714,12469,1020,1,310.0,0.2
54715,12469,1002,1,680.0,0.15
54716,12470,1019,1,260.0,0.05
54717,12470,1001,1,450.0,0.0
54718,12471,1002,2,680.0,0.0
54719,12471,1004,1,160.0,0.2
54720,12471,1018,1,175.0,0.0
54721,12471,1011,1,520.0,0.05
54722,12472,1015,1,890.0,0.0
54723,12472,1006,1,130.0,0.0
54724,12472,1012,1,49.0,0.0
54725,12473,1015,1,890.0,0.1
54726,12474,1004,4,160.0,0.1
54727,12474,1007,1,75.0,0.2
54728,12475,1010,1,119.0,0.15
54729,12475,1004,3,160.0,0.0
54730,12476,1014,1,149.0,0.2
54731,12477,1005,1,55.0,0.0
54732,12478,1014,2,149.0,0.05
54733,12479,1020,1,310.0,0.0
54734,12479,1010,1,119.0,0.3
54735,12480,1007,1,75.0,0.25
54736,12480,1014,1,149.0,0.1
54737,12481,1014,1,149.0,0.0
54738,12482,1013,1,95.0,0.1
54739,12482,1008,2,240.0,0.15
54740,12482,1004,1,160.0,0.1
54741,12482,1015,1,890.0,0.0
54742,12483,1017,1,45.0,0.1
54743,12483,1020,1,310.0,0.0
54744,12483,1008,1,240.0,0.15
54745,12484,1010,1,119.0,0.1
54746,12485,1016,1,210.0,0.05
54747,12485,1005,1,55.0,0.0
54748,12486,1016,1,210.0,0.1
54749,12487,1019,1,260.0,0.1
54750,12488,1006,1,130.0,0.0
54751,12488,1017,1,45.0,0.2
54752,12489,1006,1,130.0,0.2
54753,12489,1016,1,210.0,0.1
54754,12489,1002,1,680.0,0.0
54755,12490,1020,1,310.0,0.0
54756,12490,1005,1,55.0,0.05
54757,12491,1018,1,175.0,0.0
54758,12492,1009,4,320.0,0.1
54759,12492,1020,1,310.0,0.15
54760,12492,1017,3,45.0,0.2
54761,12493,1015,1,890.0,0.0
54762,12493,1005,1,55.0,0.1
54763,12494,1011,2,520.0,0.1
54764,12495,1017,1,45.0,0.0
54765,12495,1016,1,210.0,0.05
54766,12496,1005,1,55.0,0.2
54767,12497,1011,1,520.0,0.25
54768,12498,1010,3,119.0,0.0
54769,12498,1006,1,130.0,0.0
54770,12499,1009,1,320.0,0.1
54771,12500,1013,1,95.0,0.0
54772,12501,1011,1,520.0,0.0
54773,12501,1020,1,310.0,0.1
54774,12502,1002,1,680.0,0.3
54775,12502,1015,1,890.0,0.1
54776,12503,1009,1,320.0,0.2
54777,12503,1004,1,160.0,0.05
54778,12503,1008,1,240.0,0.0
54779,12503,1017,1,45.0,0.0
54780,12503,1006,1,130.0,0.1
54781,12504,1009,1,320.0,0.15
54782,12504,1014,1,149.0,0.05
54783,12505,1016,1,210.0,0.1
54784,12506,1019,1,260.0,0.05
54785,12506,1006,1,130.0,0.0
54786,12507,1014,1,149.0,0.0
54787,12507,1010,2,119.0,0.0
54788,12507,1013,1,95.0,0.0
54789,12508,1013,1,95.0,0.05
54790,12509,1008,1,240.0,0.0
54791,12509,1002,1,680.0,0.0
54792,12509,1019,1,260.0,0.1
54793,12509,1004,1,160.0,0.1
54794,12510,1011,1,520.0,0.0
54795,12510,1006,1,130.0,0.1
54796,12510,1005,1,55.0,0.1
54797,12510,1020,1,310.0,0.05
54798,12511,1013,1,95.0,0.05
54799,12511,1019,1,260.0,0.1
54800,12511,1004,1,160.0,0.2
54801,12512,1005,1,55.0,0.15
54802,12513,1009,2,320.0,0.05
54803,12513,1008,1,240.0,0.05
54804,12513,1010,1,119.0,0.05
54805,12513,1018,2,175.0,0.25
54806,12514,1014,1,149.0,0.1
54807,12515,1017,2,45.0,0.0
54808,12515,1006,2,130.0,0.0
54809,12515,1008,1,240.0,0.2
54810,12515,1002,1,680.0,0.25
54811,12516,1010,1,119.0,0.15
54812,12517,1016,2,210.0,0.0
54813,12517,1010,4,119.0,0.1
54814,12518,1020,1,310.0,0.1
54815,12518,1016,1,210.0,0.0
54816,12519,1003,1,89.0,0.1
54817,12520,1008,1,240.0,0.0
54818,12520,1003,1,89.0,0.1
54819,12521,1002,1,680.0,0.0
54820,12521,1006,1,130.0,0.05
54821,12521,1010,1,119.0,0.0
54822,12521,1017,2,45.0,0.15
54823,12522,1012,4,49.0,0.0
54824,12522,1004,1,160.0,0.0
54825,12522,1005,1,55.0,0.1
54826,12523,1008,1,240.0,0.05
54827,12524,1020,1,310.0,0.1
54828,12524,1001,2,450.0,0.0
54829,12524,1016,1,210.0,0.1
54830,12525,1017,1,45.0,0.0
54831,12526,1002,1,680.0,0.0
54832,12527,1013,1,95.0,0.2
54833,12527,1007,1,75.0,0.2
54834,12527,1006,2,130.0,0.0
54835,12527,1015,1,890.0,0.05
54836,12528,1011,1,520.0,0.05
54837,12528,1006,1,130.0,0.05
54838,12529,1010,1,119.0,0.1
54839,12529,1012,2,49.0,0.0
54840,12529,1009,1,320.0,0.0
54841,12530,1013,1,95.0,0.0
54842,12530,1005,1,55.0,0.2
54843,12531,1010,1,119.0,0.15
54844,12532,1008,3,240.0,0.0
54845,12532,1007,1,75.0,0.0
54846,12533,1016,2,210.0,0.1
54847,12533,1011,1,520.0,0.0
54848,12534,1017,2,45.0,0.05
54849,12534,1015,1,890.0,0.2
54850,12534,1002,1,680.0,0.2
54851,12535,1001,1,450.0,0.0
54852,12536,1018,1,175.0,0.1
54853,12537,1013,2,95.0,0.0
54854,12538,1012,1,49.0,0.0
54855,12539,1015,1,890.0,0.05
54856,12540,1004,1,160.0,0.0
54857,12540,1019,1,260.0,0.25
54858,12540,1013,2,95.0,0.1
54859,12541,1008,1,240.0,0.1
54860,12541,1014,1,149.0,0.1
54861,12541,1017,2,45.0,0.0
54862,12542,1018,1,175.0,0.0
54863,12543,1012,1,49.0,0.25
54864,12544,1001,1,450.0,0.0
54865,12544,1003,1,89.0,0.0
54866,12545,1011,1,520.0,0.0
54867,12545,1015,1,890.0,0.15
54868,12546,1005,1,55.0,0.0
54869,12546,1019,2,260.0,0.0
54870,12546,1016,1,210.0,0.0
54871,12547,1020,2,310.0,0.2
54872,12548,1001,2,450.0,0.15
54873,12548,1014,3,149.0,0.0
54874,12549,1002,1,680.0,0.2
54875,12550,1015,1,890.0,0.1
54876,12551,1014,1,149.0,0.0
54877,12552,1020,1,310.0,0.1
54878,12552,1013,1,95.0,0.05
54879,12553,1016,1,210.0,0.0
54880,12554,1007,1,75.0,0.1
54881,12555,1015,1,890.0,0.15
54882,12555,1009,1,320.0,0.15
54883,12555,1017,1,45.0,0.0
54884,12555,1006,1,130.0,0.0
54885,12555,1008,4,240.0,0.0
54886,12556,1005,1,55.0,0.0
54887,12557,1009,2,320.0,0.0
54888,12557,1001,1,450.0,0.1
54889,12557,1018,1,175.0,0.05
54890,12557,1006,2,130.0,0.05
54891,12558,1002,1,680.0,0.0
54892,12558,1019,2,260.0,0.0
54893,12558,1009,1,320.0,0.15
54894,12559,1004,1,160.0,0.15
54895,12559,1003,1,89.0,0.05
54896,12559,1012,1,49.0,0.0
54897,12560,1010,1,119.0,0.0
54898,12561,1020,1,310.0,0.0
54899,12561,1009,1,320.0,0.1
54900,12561,1005,1,55.0,0.0
54901,12562,1003,1,89.0,0.1
54902,12563,1005,3,55.0,0.0
54903,12563,1009,2,320.0,0.0
54904,12563,1006,3,130.0,0.0
54905,12564,1001,1,450.0,0.1
54906,12565,1001,1,450.0,0.0
54907,12566,1012,1,49.0,0.1
54908,12567,1015,1,890.0,0.25
54909,12567,1014,1,149.0,0.1
54910,12568,1019,1,260.0,0.0
54911,12569,1005,1,55.0,0.0
54912,12569,1020,1,310.0,0.0
54913,12569,1015,2,890.0,0.0
54914,12569,1016,1,210.0,0.0
54915,12570,1012,2,49.0,0.0
54916,12570,1020,2,310.0,0.0
54917,12571,1015,1,890.0,0.0
54918,12572,1009,1,320.0,0.0
54919,12573,1014,1,149.0,0.0
54920,12574,1009,2,320.0,0.0
54921,12575,1010,1,119.0,0.1
54922,12575,1002,1,680.0,0.05
54923,12576,1015,2,890.0,0.2
54924,12576,1001,1,450.0,0.1
54925,12577,1002,1,680.0,0.0
54926,12578,1003,2,89.0,0.0
54927,12578,1014,1,149.0,0.1
54928,12578,1015,1,890.0,0.0
54929,12578,1012,1,49.0,0.05
54930,12579,1015,2,890.0,0.0
54931,12579,1016,1,210.0,0.0
54932,12579,1011,1,520.0,0.0
54933,12579,1013,4,95.0,0.2
54934,12580,1011,1,520.0,0.2
54935,12580,1008,1,240.0,0.3
54936,12580,1017,2,45.0,0.15
54937,12581,1011,1,520.0,0.05
54938,12582,1010,1,119.0,0.0
54939,12583,1018,1,175.0,0.15
54940,12584,1009,1,320.0,0.25
54941,12584,1011,1,520.0,0.1
54942,12585,1019,1,260.0,0.15
54943,12586,1004,1,160.0,0.1
54944,12586,1002,1,680.0,0.05
54945,12587,1002,1,680.0,0.05
54946,12588,1018,1,175.0,0.15
54947,12588,1019,1,260.0,0.2
54948,12589,1001,1,450.0,0.0
54949,12590,1014,1,149.0,0.0
54950,12591,1009,1,320.0,0.15
54951,12592,1016,4,210.0,0.2
54952,12593,1003,1,89.0,0.0
54953,12593,1017,1,45.0,0.0
54954,12594,1013,1,95.0,0.15
54955,12595,1017,2,45.0,0.05
54956,12596,1001,1,450.0,0.2
54957,12596,1010,1,119.0,0.0
54958,12596,1006,1,130.0,0.0
54959,12597,1001,2,450.0,0.0
54960,12598,1019,1,260.0,0.1
54961,12599,1006,1,130.0,0.05
54962,12599,1011,1,520.0,0.0
54963,12600,1006,2,130.0,0.0
54964,12600,1001,1,450.0,0.2
54965,12600,1018,1,175.0,0.1
54966,12600,1003,1,89.0,0.15
54967,12601,1016,1,210.0,0.1
54968,12602,1007,1,75.0,0.2
54969,12603,1013,1,95.0,0.05
54970,12604,1004,1,160.0,0.0
54971,12605,1008,1,240.0,0.0
54972,12606,1001,1,450.0,0.0
54973,12607,1008,1,240.0,0.0
54974,12608,1012,1,49.0,0.0
54975,12608,1016,1,210.0,0.0
54976,12608,1009,1,320.0,0.0
54977,12608,1007,1,75.0,0.0
54978,12609,1012,1,49.0,0.1
54979,12609,1020,1,310.0,0.0
54980,12610,1004,2,160.0,0.15
54981,12611,1012,1,49.0,0.1
54982,12612,1004,1,160.0,0.15
54983,12612,1016,1,210.0,0.2
54984,12612,1012,1,49.0,0.0
54985,12613,1009,2,320.0,0.1
54986,12613,1013,1,95.0,0.1
54987,12613,1004,2,160.0,0.1
54988,12614,1018,2,175.0,0.2
54989,12615,1001,1,450.0,0.25
54990,12616,1011,1,520.0,0.05
54991,12617,1018,3,175.0,0.0
54992,12618,1016,1,210.0,0.0
54993,12619,1019,1,260.0,0.05
54994,12619,1009,1,320.0,0.05
54995,12620,1017,1,45.0,0.15
54996,12621,1015,1,890.0,0.0
54997,12622,1011,2,520.0,0.0
54998,12623,1006,1,130.0,0.15
54999,12623,1020,1,310.0,0.15
55000,12624,1015,1,890.0,0.05
55001,12625,1020,1,310.0,0.15
55002,12626,1018,1,175.0,0.0
55003,12627,1018,1,175.0,0.1
55004,12627,1009,1,320.0,0.3
55005,12627,1012,3,49.0,0.0
55006,12628,1019,1,260.0,0.0
55007,12628,1006,1,130.0,0.05
55008,12628,1017,2,45.0,0.0
55009,12629,1005,1,55.0,0.2
55010,12629,1001,1,450.0,0.15
55011,12630,1004,2,160.0,0.0
55012,12630,1019,2,260.0,0.0
55013,12631,1014,1,149.0,0.1
55014,12632,1017,1,45.0,0.05
55015,12632,1010,1,119.0,0.0
55016,12633,1011,2,520.0,0.2
55017,12633,1001,1,450.0,0.0
55018,12634,1009,2,320.0,0.0
55019,12634,1001,1,450.0,0.05
55020,12634,1014,1,149.0,0.1
55021,12634,1004,1,160.0,0.15
55022,12635,1014,1,149.0,0.0
55023,12636,1008,1,240.0,0.0
55024,12636,1006,3,130.0,0.2
55025,12637,1002,1,680.0,0.15
55026,12637,1011,1,520.0,0.25
55027,12638,1012,2,49.0,0.05
55028,12639,1006,1,130.0,0.0
55029,12639,1008,1,240.0,0.1
55030,12640,1017,1,45.0,0.0
55031,12640,1009,1,320.0,0.15
55032,12640,1007,2,75.0,0.15
55033,12640,1010,1,119.0,0.0
55034,12641,1006,1,130.0,0.1
55035,12641,1001,2,450.0,0.15
55036,12641,1015,1,890.0,0.0
55037,12641,1007,1,75.0,0.25
55038,12642,1007,1,75.0,0.0
55039,12642,1003,1,89.0,0.0
55040,12642,1004,1,160.0,0.05
55041,12642,1013,1,95.0,0.1
55042,12643,1010,1,119.0,0.05
55043,12644,1014,1,149.0,0.1
55044,12645,1020,2,310.0,0.1
55045,12645,1002,1,680.0,0.2
55046,12646,1015,1,890.0,0.05
55047,12647,1014,2,149.0,0.0
55048,12648,1008,1,240.0,0.0
55049,12648,1009,1,320.0,0.0
55050,12648,1004,1,160.0,0.0
55051,12649,1008,2,240.0,0.05
55052,12650,1012,2,49.0,0.1
55053,12650,1020,1,310.0,0.1
55054,12651,1016,1,210.0,0.0
55055,12652,1015,1,890.0,0.05
55056,12652,1013,1,95.0,0.0
55057,12652,1001,1,450.0,0.2
55058,12653,1003,1,89.0,0.0
55059,12654,1008,1,240.0,0.1
55060,12654,1018,1,175.0,0.15
55061,12655,1017,1,45.0,0.0
55062,12655,1004,1,160.0,0.0
55063,12655,1009,2,320.0,0.1
55064,12656,1006,1,130.0,0.1
55065,12657,1006,1,130.0,0.0
55066,12658,1014,1,149.0,0.0
55067,12659,1018,1,175.0,0.05
55068,12659,1020,1,310.0,0.15
55069,12659,1014,2,149.0,0.05
55070,12660,1008,1,240.0,0.2
55071,12660,1014,1,149.0,0.05
55072,12661,1014,3,149.0,0.0
55073,12661,1013,1,95.0,0.15
55074,12662,1008,1,240.0,0.05
55075,12663,1011,1,520.0,0.05
55076,12664,1010,1,119.0,0.1
55077,12665,1009,1,320.0,0.0
55078,12666,1016,2,210.0,0.0
55079,12667,1004,1,160.0,0.0
55080,12667,1001,1,450.0,0.0
55081,12667,1008,1,240.0,0.15
55082,12667,1015,4,890.0,0.15
55083,12668,1014,3,149.0,0.1
55084,12668,1018,1,175.0,0.0
55085,12669,1001,1,450.0,0.0
55086,12669,1016,1,210.0,0.0
55087,12669,1017,1,45.0,0.0
55088,12669,1007,1,75.0,0.05
55089,12670,1013,1,95.0,0.0
55090,12670,1012,1,49.0,0.05
55091,12670,1015,1,890.0,0.1
55092,12671,1013,4,95.0,0.0
55093,12671,1002,1,680.0,0.05
55094,12671,1011,3,520.0,0.0
55095,12672,1015,1,890.0,0.05
55096,12672,1013,1,95.0,0.0
55097,12672,1019,1,260.0,0.0
55098,12672,1001,1,450.0,0.0
55099,12672,1006,1,130.0,0.1
55100,12673,1012,1,49.0,0.0
55101,12673,1009,1,320.0,0.0
55102,12674,1017,1,45.0,0.15
55103,12675,1002,1,680.0,0.15
55104,12676,1002,1,680.0,0.1
55105,12676,1010,1,119.0,0.3
55106,12677,1013,1,95.0,0.0
55107,12678,1007,1,75.0,0.15
55108,12679,1016,1,210.0,0.2
55109,12679,1006,2,130.0,0.05
55110,12679,1011,3,520.0,0.0
55111,12679,1013,1,95.0,0.2
55112,12680,1012,3,49.0,0.0
55113,12680,1004,1,160.0,0.05
55114,12681,1007,1,75.0,0.1
55115,12681,1005,1,55.0,0.05
55116,12681,1019,1,260.0,0.05
55117,12682,1020,1,310.0,0.0
55118,12683,1007,1,75.0,0.1
55119,12683,1018,1,175.0,0.0
55120,12683,1017,1,45.0,0.1
55121,12683,1005,1,55.0,0.0
55122,12684,1001,2,450.0,0.1
55123,12684,1017,1,45.0,0.2
55124,12685,1002,1,680.0,0.1
55125,12686,1009,1,320.0,0.0
55126,12687,1003,1,89.0,0.15
55127,12687,1008,1,240.0,0.0
55128,12688,1014,1,149.0,0.1
55129,12689,1016,1,210.0,0.05
55130,12689,1015,1,890.0,0.0
55131,12690,1013,2,95.0,0.0
55132,12690,1015,4,890.0,0.15
55133,12690,1016,1,210.0,0.05
55134,12690,1010,1,119.0,0.15
55135,12690,1020,1,310.0,0.2
55136,12691,1013,1,95.0,0.0
55137,12691,1007,1,75.0,0.15
55138,12691,1018,1,175.0,0.0
55139,12692,1013,1,95.0,0.1
55140,12693,1009,3,320.0,0.15
55141,12694,1015,1,890.0,0.0
55142,12695,1020,1,310.0,0.0
55143,12695,1014,1,149.0,0.0
55144,12696,1001,2,450.0,0.1
55145,12696,1009,1,320.0,0.1
55146,12696,1004,1,160.0,0.0
55147,12697,1019,2,260.0,0.0
55148,12697,1007,2,75.0,0.05
55149,12698,1009,1,320.0,0.0
55150,12699,1012,1,49.0,0.0
55151,12699,1002,1,680.0,0.0
55152,12699,1014,1,149.0,0.2
55153,12700,1005,1,55.0,0.05
55154,12701,1003,1,89.0,0.1
55155,12702,1014,1,149.0,0.05
55156,12702,1015,1,890.0,0.0
55157,12703,1004,2,160.0,0.2
55158,12703,1010,1,119.0,0.1
55159,12703,1007,1,75.0,0.0
55160,12704,1014,1,149.0,0.2
55161,12704,1001,1,450.0,0.05
55162,12705,1003,2,89.0,0.0
55163,12705,1008,1,240.0,0.0
55164,12705,1009,2,320.0,0.0
55165,12706,1012,1,49.0,0.0
55166,12707,1020,1,310.0,0.1
55167,12708,1015,1,890.0,0.0
55168,12709,1009,1,320.0,0.3
55169,12709,1001,2,450.0,0.15
55170,12710,1008,2,240.0,0.0
55171,12710,1001,1,450.0,0.0
55172,12711,1006,1,130.0,0.2
55173,12711,1013,1,95.0,0.15
55174,12712,1010,1,119.0,0.0
55175,12712,1016,2,210.0,0.1
55176,12712,1012,1,49.0,0.3
55177,12713,1001,1,450.0,0.05
55178,12714,1006,2,130.0,0.0
55179,12715,1019,1,260.0,0.15
55180,12715,1017,1,45.0,0.0
55181,12715,1010,1,119.0,0.0
55182,12716,1001,2,450.0,0.0
55183,12716,1007,3,75.0,0.1
55184,12717,1019,1,260.0,0.0
55185,12718,1019,2,260.0,0.2
55186,12719,1018,4,175.0,0.0
55187,12719,1009,1,320.0,0.0
55188,12719,1016,1,210.0,0.0
55189,12720,1004,1,160.0,0.0
55190,12721,1002,2,680.0,0.15
55191,12722,1011,1,520.0,0.0
55192,12723,1007,1,75.0,0.0
55193,12723,1001,2,450.0,0.0
55194,12723,1019,1,260.0,0.0
55195,12723,1003,1,89.0,0.0
55196,12724,1009,1,320.0,0.0
55197,12724,1007,1,75.0,0.0
55198,12724,1002,1,680.0,0.0
55199,12725,1009,1,320.0,0.05
55200,12725,1020,2,310.0,0.0
55201,12725,1016,1,210.0,0.1
55202,12726,1004,1,160.0,0.0
55203,12727,1018,1,175.0,0.1
55204,12727,1002,1,680.0,0.15
55205,12728,1018,1,175.0,0.05
55206,12728,1012,1,49.0,0.2
55207,12729,1011,2,520.0,0.15
55208,12729,1019,3,260.0,0.1
55209,12729,1009,1,320.0,0.0
55210,12730,1018,1,175.0,0.0
55211,12730,1013,1,95.0,0.0
55212,12731,1020,2,310.0,0.0
55213,12732,1015,1,890.0,0.0
55214,12733,1003,1,89.0,0.0
55215,12733,1014,1,149.0,0.2
55216,12733,1007,1,75.0,0.3
55217,12734,1006,4,130.0,0.25
55218,12735,1009,1,320.0,0.05
55219,12735,1018,1,175.0,0.1
55220,12735,1001,1,450.0,0.0
55221,12736,1011,1,520.0,0.15
55222,12737,1014,1,149.0,0.15
55223,12738,1018,1,175.0,0.3
55224,12738,1014,2,149.0,0.0
55225,12738,1017,1,45.0,0.0
55226,12738,1019,2,260.0,0.15
55227,12739,1006,1,130.0,0.0
55228,12740,1008,1,240.0,0.05
55229,12740,1019,2,260.0,0.0
55230,12741,1001,2,450.0,0.0
55231,12742,1004,1,160.0,0.15
55232,12743,1016,1,210.0,0.15
55233,12743,1020,1,310.0,0.15
55234,12744,1008,2,240.0,0.1
55235,12744,1020,1,310.0,0.05
55236,12745,1017,1,45.0,0.05
55237,12745,1003,1,89.0,0.0
55238,12746,1012,1,49.0,0.0
55239,12746,1003,3,89.0,0.0
55240,12747,1017,1,45.0,0.1
55241,12747,1016,2,210.0,0.2
55242,12748,1015,1,890.0,0.15
55243,12748,1013,1,95.0,0.0
55244,12749,1007,1,75.0,0.1
55245,12750,1016,2,210.0,0.0
55246,12751,1018,2,175.0,0.05
55247,12752,1009,2,320.0,0.05
55248,12752,1020,1,310.0,0.0
55249,12753,1011,3,520.0,0.0
55250,12754,1008,1,240.0,0.0
55251,12754,1012,1,49.0,0.0
55252,12755,1001,1,450.0,0.2
55253,12756,1014,1,149.0,0.1
55254,12756,1010,1,119.0,0.1
55255,12757,1008,1,240.0,0.0
55256,12757,1007,1,75.0,0.2
55257,12758,1018,1,175.0,0.0
55258,12758,1020,1,310.0,0.0
55259,12758,1004,1,160.0,0.0
55260,12759,1009,1,320.0,0.1
55261,12760,1011,1,520.0,0.2
55262,12760,1017,1,45.0,0.0
55263,12760,1009,1,320.0,0.0
55264,12760,1010,2,119.0,0.25
55265,12761,1007,1,75.0,0.0
55266,12761,1001,3,450.0,0.0
55267,12761,1004,1,160.0,0.05
55268,12761,1015,1,890.0,0.1
55269,12761,1010,2,119.0,0.0
55270,12762,1009,1,320.0,0.05
55271,12762,1004,1,160.0,0.05
55272,12762,1013,1,95.0,0.0
55273,12763,1017,1,45.0,0.05
55274,12763,1001,1,450.0,0.3
55275,12763,1006,1,130.0,0.0
55276,12763,1008,1,240.0,0.1
55277,12764,1008,1,240.0,0.0
55278,12765,1016,1,210.0,0.15
55279,12765,1006,1,130.0,0.05
55280,12765,1005,1,55.0,0.2
55281,12766,1007,3,75.0,0.05
55282,12766,1019,1,260.0,0.0
55283,12766,1015,1,890.0,0.25
55284,12766,1013,1,95.0,0.1
55285,12767,1013,1,95.0,0.15
55286,12767,1007,1,75.0,0.1
55287,12768,1002,2,680.0,0.05
55288,12768,1005,3,55.0,0.0
55289,12769,1008,1,240.0,0.05
55290,12769,1009,2,320.0,0.0
55291,12769,1013,1,95.0,0.05
55292,12770,1001,1,450.0,0.0
55293,12771,1020,1,310.0,0.1
55294,12771,1010,1,119.0,0.0
55295,12771,1003,1,89.0,0.15
55296,12771,1014,1,149.0,0.1
55297,12771,1015,1,890.0,0.0
55298,12772,1004,1,160.0,0.15
55299,12772,1016,1,210.0,0.15
55300,12772,1006,1,130.0,0.0
55301,12772,1017,2,45.0,0.1
55302,12773,1018,2,175.0,0.3
55303,12774,1001,1,450.0,0.0
55304,12774,1012,1,49.0,0.05
55305,12775,1020,1,310.0,0.2
55306,12775,1005,2,55.0,0.05
55307,12776,1020,1,310.0,0.0
55308,12777,1013,1,95.0,0.0
55309,12777,1005,1,55.0,0.1
55310,12777,1009,2,320.0,0.1
55311,12778,1002,2,680.0,0.05
55312,12778,1013,1,95.0,0.1
55313,12779,1016,2,210.0,0.0
55314,12779,1020,1,310.0,0.0
55315,12779,1006,1,130.0,0.1
55316,12780,1018,1,175.0,0.2
55317,12781,1005,1,55.0,0.0
55318,12781,1002,2,680.0,0.0
55319,12781,1020,2,310.0,0.0
55320,12782,1016,1,210.0,0.05
55321,12782,1013,1,95.0,0.1
55322,12782,1012,1,49.0,0.2
55323,12782,1015,2,890.0,0.05
55324,12783,1017,1,45.0,0.2
55325,12783,1016,1,210.0,0.0
55326,12783,1020,1,310.0,0.0
55327,12783,1006,1,130.0,0.0
55328,12783,1013,1,95.0,0.1
55329,12784,1009,1,320.0,0.25
55330,12785,1010,1,119.0,0.1
55331,12785,1012,1,49.0,0.15
55332,12786,1017,1,45.0,0.0
55333,12786,1004,1,160.0,0.2
55334,12786,1013,1,95.0,0.1
55335,12787,1008,1,240.0,0.1
55336,12787,1005,1,55.0,0.15
55337,12788,1014,1,149.0,0.0
55338,12789,1017,1,45.0,0.0
55339,12790,1013,1,95.0,0.0
55340,12790,1010,1,119.0,0.0
55341,12790,1011,1,520.0,0.1
55342,12791,1001,1,450.0,0.0
55343,12791,1011,4,520.0,0.0
55344,12792,1018,2,175.0,0.0
55345,12793,1012,2,49.0,0.0
55346,12793,1019,1,260.0,0.1
55347,12794,1004,1,160.0,0.2
55348,12794,1017,1,45.0,0.15
55349,12794,1008,2,240.0,0.3
55350,12795,1017,1,45.0,0.0
55351,12795,1002,1,680.0,0.2
55352,12795,1006,2,130.0,0.3
55353,12796,1010,1,119.0,0.0
55354,12797,1015,1,890.0,0.2
55355,12798,1001,2,450.0,0.0
55356,12798,1016,1,210.0,0.1
55357,12798,1013,1,95.0,0.1
55358,12798,1008,3,240.0,0.15
55359,12799,1003,1,89.0,0.1
55360,12800,1011,1,520.0,0.15
55361,12800,1005,1,55.0,0.1
55362,12800,1004,3,160.0,0.0
55363,12801,1013,1,95.0,0.0
55364,12801,1017,1,45.0,0.1
55365,12802,1008,1,240.0,0.0
55366,12802,1011,1,520.0,0.0
55367,12802,1010,1,119.0,0.15
55368,12803,1012,1,49.0,0.15
55369,12803,1014,4,149.0,0.0
55370,12804,1019,1,260.0,0.15
55371,12804,1018,1,175.0,0.2
55372,12805,1002,2,680.0,0.05
55373,12805,1020,1,310.0,0.15
55374,12806,1005,1,55.0,0.0
55375,12806,1013,1,95.0,0.0
55376,12807,1011,1,520.0,0.05
55377,12808,1020,1,310.0,0.0
55378,12808,1002,3,680.0,0.1
55379,12809,1010,1,119.0,0.0
55380,12810,1014,2,149.0,0.0
55381,12810,1019,2,260.0,0.05
55382,12810,1016,1,210.0,0.1
55383,12811,1005,1,55.0,0.1
55384,12811,1018,1,175.0,0.0
55385,12811,1013,1,95.0,0.15
55386,12812,1011,1,520.0,0.0
55387,12812,1010,1,119.0,0.0
55388,12813,1004,1,160.0,0.05
55389,12814,1008,1,240.0,0.1
55390,12815,1006,1,130.0,0.2
55391,12816,1020,1,310.0,0.0
55392,12816,1015,1,890.0,0.15
55393,12816,1019,1,260.0,0.0
55394,12817,1008,1,240.0,0.0
55395,12818,1006,1,130.0,0.0
55396,12819,1011,2,520.0,0.05
55397,12820,1006,1,130.0,0.1
55398,12820,1010,1,119.0,0.05
55399,12821,1003,1,89.0,0.2
55400,12822,1001,1,450.0,0.1
55401,12822,1013,2,95.0,0.2
55402,12823,1001,1,450.0,0.1
55403,12824,1014,2,149.0,0.1
55404,12825,1012,2,49.0,0.1
55405,12826,1015,1,890.0,0.1
55406,12826,1017,2,45.0,0.0
55407,12827,1009,1,320.0,0.0
55408,12827,1011,1,520.0,0.0
55409,12828,1006,1,130.0,0.05
55410,12829,1003,1,89.0,0.0
55411,12829,1018,2,175.0,0.05
55412,12829,1014,1,149.0,0.05
55413,12830,1018,1,175.0,0.0
55414,12831,1005,2,55.0,0.1
55415,12831,1015,1,890.0,0.05
55416,12832,1004,2,160.0,0.2
55417,12832,1020,1,310.0,0.05
55418,12832,1002,1,680.0,0.25
55419,12833,1008,1,240.0,0.0
55420,12833,1007,2,75.0,0.15
55421,12834,1009,2,320.0,0.15
55422,12835,1010,1,119.0,0.2
55423,12835,1002,1,680.0,0.0
55424,12835,1007,1,75.0,0.1
55425,12835,1016,1,210.0,0.15
55426,12835,1003,1,89.0,0.0
55427,12836,1006,4,130.0,0.0
55428,12836,1020,2,310.0,0.0
55429,12837,1015,1,890.0,0.1
55430,12838,1001,1,450.0,0.0
55431,12839,1010,1,119.0,0.0
55432,12840,1017,1,45.0,0.15
55433,12841,1006,1,130.0,0.25
55434,12841,1001,1,450.0,0.2
55435,12841,1010,1,119.0,0.0
55436,12841,1007,1,75.0,0.1
55437,12842,1012,1,49.0,0.15
55438,12842,1001,1,450.0,0.1
55439,12842,1007,1,75.0,0.05
55440,12843,1009,1,320.0,0.0
55441,12843,1004,3,160.0,0.0
55442,12844,1016,1,210.0,0.0
55443,12844,1002,1,680.0,0.0
55444,12844,1005,1,55.0,0.0
55445,12844,1003,2,89.0,0.05
55446,12845,1012,1,49.0,0.0
55447,12846,1009,3,320.0,0.2
55448,12847,1006,1,130.0,0.0
55449,12848,1005,2,55.0,0.0
55450,12848,1011,1,520.0,0.0
55451,12849,1009,1,320.0,0.15
55452,12849,1002,1,680.0,0.2
55453,12849,1001,1,450.0,0.15
55454,12849,1017,1,45.0,0.15
55455,12849,1004,2,160.0,0.0
55456,12850,1019,2,260.0,0.0
55457,12851,1002,1,680.0,0.0
55458,12851,1005,1,55.0,0.0
55459,12852,1009,2,320.0,0.0
55460,12852,1018,1,175.0,0.05
55461,12852,1003,1,89.0,0.05
55462,12853,1014,1,149.0,0.05
55463,12854,1001,1,450.0,0.1
55464,12854,1016,1,210.0,0.25
55465,12855,1011,1,520.0,0.0
55466,12855,1004,2,160.0,0.0
55467,12856,1003,1,89.0,0.1
55468,12856,1001,1,450.0,0.15
55469,12856,1018,1,175.0,0.1
55470,12857,1014,1,149.0,0.0
55471,12858,1013,1,95.0,0.1
55472,12859,1001,1,450.0,0.0
55473,12860,1020,1,310.0,0.0
55474,12861,1010,1,119.0,0.05
55475,12861,1020,2,310.0,0.1
55476,12861,1003,1,89.0,0.0
55477,12862,1003,1,89.0,0.15
55478,12863,1017,1,45.0,0.0
55479,12864,1003,3,89.0,0.15
55480,12865,1016,1,210.0,0.2
55481,12866,1005,2,55.0,0.05
55482,12867,1007,3,75.0,0.0
55483,12868,1013,2,95.0,0.15
55484,12868,1016,1,210.0,0.0
55485,12868,1012,1,49.0,0.0
55486,12869,1016,1,210.0,0.0
55487,12869,1001,1,450.0,0.1
55488,12869,1017,1,45.0,0.0
55489,12869,1004,1,160.0,0.0
55490,12870,1009,1,320.0,0.1
55491,12870,1004,1,160.0,0.05
55492,12870,1013,1,95.0,0.1
55493,12871,1015,1,890.0,0.0
55494,12871,1020,1,310.0,0.15
55495,12872,1006,1,130.0,0.0
55496,12873,1003,1,89.0,0.0
55497,12874,1020,2,310.0,0.1
55498,12874,1019,1,260.0,0.0
55499,12874,1007,1,75.0,0.1
55500,12875,1014,2,149.0,0.0
55501,12875,1003,1,89.0,0.15
55502,12876,1002,1,680.0,0.0
55503,12876,1020,2,310.0,0.0
55504,12876,1017,1,45.0,0.0
55505,12877,1019,1,260.0,0.0
55506,12878,1011,1,520.0,0.15
55507,12878,1006,1,130.0,0.0
55508,12878,1007,3,75.0,0.15
55509,12878,1010,1,119.0,0.1
55510,12879,1001,1,450.0,0.2
55511,12880,1005,2,55.0,0.05
55512,12880,1012,1,49.0,0.1
55513,12881,1011,1,520.0,0.2
55514,12881,1001,1,450.0,0.0
55515,12882,1013,1,95.0,0.1
55516,12882,1001,4,450.0,0.0
55517,12882,1017,1,45.0,0.15
55518,12882,1004,4,160.0,0.0
55519,12882,1009,1,320.0,0.2
55520,12883,1001,1,450.0,0.05
55521,12884,1009,1,320.0,0.0
55522,12884,1011,4,520.0,0.15
55523,12884,1003,1,89.0,0.15
55524,12884,1006,1,130.0,0.0
55525,12885,1010,1,119.0,0.15
55526,12885,1005,1,55.0,0.1
55527,12885,1012,1,49.0,0.15
55528,12886,1014,1,149.0,0.2
55529,12887,1011,1,520.0,0.05
55530,12887,1016,1,210.0,0.05
55531,12887,1013,1,95.0,0.25
55532,12887,1002,1,680.0,0.0
55533,12887,1008,1,240.0,0.15
55534,12888,1003,1,89.0,0.0
55535,12889,1014,1,149.0,0.0
55536,12889,1010,1,119.0,0.05
55537,12890,1003,1,89.0,0.0
55538,12890,1009,1,320.0,0.0
55539,12890,1013,1,95.0,0.0
55540,12891,1015,1,890.0,0.15
55541,12891,1017,1,45.0,0.0
55542,12891,1008,1,240.0,0.0
55543,12892,1004,2,160.0,0.05
55544,12893,1006,2,130.0,0.15
55545,12893,1014,1,149.0,0.05
55546,12894,1006,1,130.0,0.15
55547,12895,1019,1,260.0,0.05
55548,12895,1017,1,45.0,0.0
55549,12895,1008,1,240.0,0.1
55550,12896,1011,1,520.0,0.0
55551,12897,1011,2,520.0,0.0
55552,12897,1005,1,55.0,0.1
55553,12898,1005,2,55.0,0.05
55554,12899,1006,2,130.0,0.0
55555,12900,1010,1,119.0,0.05
55556,12900,1014,2,149.0,0.05
55557,12900,1017,3,45.0,0.05
55558,12901,1009,1,320.0,0.05
55559,12901,1006,1,130.0,0.0
55560,12901,1016,1,210.0,0.05
55561,12902,1004,1,160.0,0.05
55562,12902,1013,1,95.0,0.05
55563,12902,1006,1,130.0,0.15
55564,12903,1007,1,75.0,0.1
55565,12903,1003,1,89.0,0.0
55566,12904,1013,1,95.0,0.1
55567,12904,1018,1,175.0,0.05
55568,12905,1006,1,130.0,0.25
55569,12905,1010,1,119.0,0.0
55570,12906,1015,1,890.0,0.15
55571,12907,1005,1,55.0,0.05
55572,12907,1011,1,520.0,0.25
55573,12908,1007,1,75.0,0.0
55574,12908,1010,1,119.0,0.0
55575,12908,1003,4,89.0,0.0
55576,12909,1001,1,450.0,0.0
55577,12909,1015,1,890.0,0.05
55578,12909,1020,1,310.0,0.1
55579,12910,1018,1,175.0,0.05
55580,12911,1008,1,240.0,0.0
55581,12911,1020,3,310.0,0.1
55582,12911,1006,1,130.0,0.15
55583,12911,1003,1,89.0,0.0
55584,12912,1008,1,240.0,0.05
55585,12912,1004,1,160.0,0.1
55586,12913,1009,2,320.0,0.0
55587,12914,1020,1,310.0,0.3
55588,12914,1017,1,45.0,0.1
55589,12914,1019,1,260.0,0.1
55590,12915,1004,1,160.0,0.15
55591,12915,1001,1,450.0,0.0
55592,12916,1009,3,320.0,0.05
55593,12917,1018,1,175.0,0.0
55594,12917,1006,1,130.0,0.0
55595,12918,1005,1,55.0,0.05
55596,12919,1001,2,450.0,0.25
55597,12920,1014,1,149.0,0.3
55598,12920,1003,1,89.0,0.1
55599,12921,1001,1,450.0,0.25
55600,12922,1007,1,75.0,0.1
55601,12923,1016,1,210.0,0.2
55602,12923,1009,1,320.0,0.3
55603,12923,1007,1,75.0,0.0
55604,12923,1006,1,130.0,0.1
55605,12924,1004,2,160.0,0.2
55606,12924,1013,1,95.0,0.05
55607,12925,1014,1,149.0,0.05
55608,12926,1007,1,75.0,0.1
55609,12926,1013,1,95.0,0.2
55610,12927,1011,1,520.0,0.05
55611,12927,1007,1,75.0,0.0
55612,12927,1014,1,149.0,0.3
55613,12928,1010,1,119.0,0.2
55614,12928,1018,1,175.0,0.1
55615,12929,1016,1,210.0,0.05
55616,12929,1002,1,680.0,0.2
55617,12929,1009,1,320.0,0.0
55618,12929,1014,1,149.0,0.0
55619,12929,1018,1,175.0,0.1
55620,12930,1019,1,260.0,0.0
55621,12931,1013,1,95.0,0.0
55622,12931,1016,2,210.0,0.3
55623,12932,1002,1,680.0,0.0
55624,12932,1009,1,320.0,0.1
55625,12933,1018,2,175.0,0.0
55626,12934,1001,1,450.0,0.05
55627,12935,1014,1,149.0,0.0
55628,12935,1019,1,260.0,0.0
55629,12935,1010,1,119.0,0.0
55630,12936,1004,2,160.0,0.0
55631,12937,1013,1,95.0,0.0
55632,12937,1003,1,89.0,0.0
55633,12938,1005,1,55.0,0.0
55634,12938,1007,1,75.0,0.1
55635,12939,1008,1,240.0,0.05
55636,12940,1004,2,160.0,0.0
55637,12940,1016,1,210.0,0.2
55638,12941,1011,3,520.0,0.05
55639,12941,1005,1,55.0,0.0
55640,12942,1003,2,89.0,0.1
55641,12943,1001,1,450.0,0.05
55642,12944,1008,1,240.0,0.05
55643,12944,1006,2,130.0,0.2
55644,12945,1013,2,95.0,0.0
55645,12946,1007,1,75.0,0.3
55646,12947,1020,2,310.0,0.15
55647,12948,1008,1,240.0,0.0
55648,12949,1010,3,119.0,0.0
55649,12950,1012,1,49.0,0.0
55650,12950,1015,1,890.0,0.1
55651,12950,1017,1,45.0,0.15
55652,12950,1003,1,89.0,0.05
55653,12951,1005,1,55.0,0.0
55654,12951,1018,1,175.0,0.2
55655,12952,1020,4,310.0,0.0
55656,12952,1003,2,89.0,0.05
55657,12952,1015,1,890.0,0.0
55658,12953,1008,1,240.0,0.2
55659,12953,1002,1,680.0,0.0
55660,12954,1010,2,119.0,0.0
55661,12955,1012,2,49.0,0.25
55662,12955,1011,1,520.0,0.1
55663,12955,1005,1,55.0,0.15
55664,12955,1018,1,175.0,0.05
55665,12956,1006,1,130.0,0.0
55666,12956,1012,1,49.0,0.0
55667,12956,1013,2,95.0,0.05
55668,12956,1014,2,149.0,0.05
55669,12957,1019,1,260.0,0.0
55670,12958,1002,1,680.0,0.0
55671,12958,1012,1,49.0,0.0
55672,12959,1020,1,310.0,0.0
55673,12959,1016,1,210.0,0.1
55674,12959,1010,1,119.0,0.15
55675,12959,1018,1,175.0,0.0
55676,12959,1014,1,149.0,0.05
55677,12960,1016,3,210.0,0.1
55678,12960,1004,1,160.0,0.05
55679,12960,1011,1,520.0,0.05
55680,12960,1012,1,49.0,0.15
55681,12961,1007,1,75.0,0.0
55682,12961,1015,1,890.0,0.05
55683,12962,1003,1,89.0,0.05
55684,12962,1016,1,210.0,0.0
55685,12963,1009,1,320.0,0.0
55686,12964,1010,2,119.0,0.15
55687,12964,1020,1,310.0,0.1
55688,12964,1018,1,175.0,0.0
55689,12964,1013,1,95.0,0.05
55690,12965,1014,1,149.0,0.1
55691,12966,1008,1,240.0,0.15
55692,12966,1004,2,160.0,0.0
55693,12967,1011,1,520.0,0.05
55694,12967,1009,1,320.0,0.15
55695,12967,1012,1,49.0,0.1
55696,12968,1012,1,49.0,0.0
55697,12968,1011,1,520.0,0.0
55698,12968,1007,2,75.0,0.0
55699,12969,1006,1,130.0,0.1
55700,12970,1011,2,520.0,0.2
55701,12971,1018,1,175.0,0.0
55702,12971,1012,1,49.0,0.0
55703,12972,1013,1,95.0,0.0
55704,12972,1002,1,680.0,0.15
55705,12972,1015,1,890.0,0.15
55706,12972,1006,1,130.0,0.05
55707,12973,1002,1,680.0,0.0
55708,12974,1020,1,310.0,0.0
55709,12975,1019,1,260.0,0.1
55710,12976,1012,1,49.0,0.0
55711,12977,1006,1,130.0,0.05
55712,12977,1002,1,680.0,0.0
55713,12977,1018,3,175.0,0.05
55714,12978,1015,1,890.0,0.05
55715,12978,1011,1,520.0,0.0
55716,12979,1003,3,89.0,0.1
55717,12980,1020,2,310.0,0.1
55718,12980,1011,1,520.0,0.05
55719,12981,1013,4,95.0,0.1
55720,12982,1017,1,45.0,0.0
55721,12982,1002,1,680.0,0.0
55722,12982,1004,3,160.0,0.0
55723,12982,1018,1,175.0,0.0
55724,12983,1002,1,680.0,0.0
55725,12983,1009,1,320.0,0.05
55726,12984,1009,1,320.0,0.0
55727,12985,1012,1,49.0,0.0
55728,12986,1004,2,160.0,0.0
55729,12987,1013,1,95.0,0.0
55730,12988,1003,1,89.0,0.0
55731,12989,1009,1,320.0,0.0
55732,12989,1013,2,95.0,0.0
55733,12989,1020,1,310.0,0.0
55734,12989,1011,1,520.0,0.0
55735,12989,1019,2,260.0,0.05
55736,12990,1004,2,160.0,0.1
55737,12990,1003,1,89.0,0.0
55738,12991,1020,1,310.0,0.0
55739,12992,1008,1,240.0,0.0
55740,12992,1018,2,175.0,0.25
55741,12992,1009,1,320.0,0.05
55742,12992,1003,1,89.0,0.05
55743,12993,1001,1,450.0,0.1
55744,12994,1007,1,75.0,0.05
55745,12994,1016,1,210.0,0.05
55746,12995,1013,1,95.0,0.15
55747,12995,1017,1,45.0,0.0
55748,12996,1016,1,210.0,0.1
55749,12996,1012,1,49.0,0.0
55750,12996,1001,1,450.0,0.0
55751,12997,1009,1,320.0,0.05
55752,12997,1005,1,55.0,0.0
55753,12997,1004,2,160.0,0.0
55754,12998,1011,1,520.0,0.05
55755,12998,1009,2,320.0,0.1
55756,12998,1006,1,130.0,0.15
55757,12999,1017,1,45.0,0.1
55758,12999,1001,1,450.0,0.0
55759,13000,1009,2,320.0,0.0
55760,13001,1016,1,210.0,0.0
55761,13002,1011,4,520.0,0.0
55762,13003,1006,1,130.0,0.0
55763,13003,1019,1,260.0,0.05
55764,13003,1015,2,890.0,0.3
55765,13004,1010,2,119.0,0.05
55766,13005,1001,3,450.0,0.15
55767,13006,1010,2,119.0,0.0
55768,13007,1005,1,55.0,0.0
55769,13007,1001,1,450.0,0.0
55770,13007,1015,1,890.0,0.0
55771,13007,1020,2,310.0,0.1
55772,13008,1003,3,89.0,0.0
55773,13009,1020,3,310.0,0.0
55774,13010,1013,1,95.0,0.0
55775,13010,1002,1,680.0,0.2
55776,13011,1008,1,240.0,0.0
55777,13011,1015,1,890.0,0.25
55778,13011,1001,1,450.0,0.0
55779,13012,1009,1,320.0,0.0
55780,13012,1020,2,310.0,0.1
55781,13013,1015,1,890.0,0.0
55782,13014,1011,1,520.0,0.0
55783,13014,1001,1,450.0,0.0
55784,13015,1011,4,520.0,0.0
55785,13015,1014,1,149.0,0.0
55786,13015,1007,1,75.0,0.1
55787,13015,1010,1,119.0,0.3
55788,13016,1003,1,89.0,0.2
55789,13017,1006,1,130.0,0.0
55790,13017,1011,1,520.0,0.0
55791,13017,1010,1,119.0,0.0
55792,13017,1004,2,160.0,0.0
55793,13018,1006,3,130.0,0.0
55794,13018,1017,1,45.0,0.0
55795,13019,1006,1,130.0,0.0
55796,13020,1014,1,149.0,0.0
55797,13021,1010,2,119.0,0.0
55798,13022,1009,1,320.0,0.0
55799,13023,1015,2,890.0,0.1
55800,13024,1020,1,310.0,0.3
55801,13025,1007,1,75.0,0.05
55802,13026,1018,1,175.0,0.0
55803,13027,1005,1,55.0,0.2
55804,13027,1012,1,49.0,0.0
55805,13028,1010,1,119.0,0.1
55806,13029,1014,1,149.0,0.0
55807,13030,1007,1,75.0,0.1
55808,13031,1018,2,175.0,0.05
55809,13031,1012,1,49.0,0.05
55810,13031,1004,3,160.0,0.15
55811,13031,1015,1,890.0,0.0
55812,13032,1014,1,149.0,0.0
55813,13032,1007,1,75.0,0.0
55814,13033,1011,1,520.0,0.2
55815,13033,1020,2,310.0,0.05
55816,13033,1012,1,49.0,0.1
55817,13033,1007,1,75.0,0.1
55818,13034,1015,1,890.0,0.0
55819,13034,1005,1,55.0,0.0
55820,13035,1003,1,89.0,0.0
55821,13035,1010,1,119.0,0.15
55822,13035,1004,3,160.0,0.0
55823,13035,1009,1,320.0,0.15
55824,13036,1002,1,680.0,0.15
55825,13036,1010,1,119.0,0.1
55826,13037,1015,1,890.0,0.2
55827,13038,1015,1,890.0,0.05
55828,13038,1019,1,260.0,0.0
55829,13038,1016,1,210.0,0.0
55830,13039,1003,1,89.0,0.0
55831,13039,1016,1,210.0,0.0
55832,13040,1019,1,260.0,0.0
55833,13041,1015,4,890.0,0.0
55834,13041,1006,1,130.0,0.1
55835,13041,1002,1,680.0,0.0
55836,13041,1012,1,49.0,0.2
55837,13042,1018,1,175.0,0.0
55838,13043,1014,1,149.0,0.0
55839,13043,1011,1,520.0,0.1
55840,13043,1003,2,89.0,0.1
55841,13044,1013,2,95.0,0.0
55842,13044,1009,1,320.0,0.15
55843,13044,1019,1,260.0,0.3
55844,13045,1007,1,75.0,0.05
55845,13045,1020,1,310.0,0.05
55846,13046,1013,1,95.0,0.1
55847,13047,1013,4,95.0,0.05
55848,13047,1015,1,890.0,0.0
55849,13048,1008,2,240.0,0.0
55850,13049,1012,1,49.0,0.05
55851,13049,1015,1,890.0,0.1
55852,13049,1011,2,520.0,0.1
55853,13050,1017,1,45.0,0.2
55854,13050,1013,1,95.0,0.0
55855,13051,1005,1,55.0,0.0
55856,13051,1002,1,680.0,0.0
55857,13051,1008,1,240.0,0.05
55858,13051,1003,1,89.0,0.0
55859,13052,1013,3,95.0,0.0
55860,13053,1010,1,119.0,0.1
55861,13053,1019,1,260.0,0.0
55862,13053,1013,1,95.0,0.1
55863,13054,1004,1,160.0,0.0
55864,13054,1012,1,49.0,0.1
55865,13055,1004,2,160.0,0.15
55866,13056,1006,1,130.0,0.05
55867,13056,1004,1,160.0,0.1
55868,13057,1001,1,450.0,0.1
55869,13057,1007,1,75.0,0.0
55870,13058,1005,2,55.0,0.2
55871,13059,1004,1,160.0,0.0
55872,13059,1005,2,55.0,0.05
55873,13059,1014,2,149.0,0.1
55874,13059,1007,1,75.0,0.15
55875,13059,1015,2,890.0,0.0
55876,13060,1006,1,130.0,0.05
55877,13061,1012,1,49.0,0.1
55878,13061,1018,1,175.0,0.05
55879,13062,1011,1,520.0,0.15
55880,13062,1002,1,680.0,0.0
55881,13063,1019,1,260.0,0.1
55882,13064,1014,2,149.0,0.15
55883,13065,1011,1,520.0,0.0
55884,13065,1003,1,89.0,0.2
55885,13065,1004,2,160.0,0.05
55886,13065,1012,1,49.0,0.0
55887,13066,1002,1,680.0,0.15
55888,13066,1018,1,175.0,0.05
55889,13067,1006,1,130.0,0.15
55890,13067,1017,1,45.0,0.0
55891,13068,1006,1,130.0,0.0
55892,13068,1020,2,310.0,0.15
55893,13069,1013,2,95.0,0.05
55894,13069,1005,1,55.0,0.15
55895,13070,1016,1,210.0,0.0
55896,13070,1003,1,89.0,0.15
55897,13071,1018,1,175.0,0.1
55898,13071,1011,2,520.0,0.0
55899,13072,1003,1,89.0,0.0
55900,13072,1014,1,149.0,0.05
55901,13073,1011,1,520.0,0.0
55902,13073,1003,1,89.0,0.0
55903,13074,1003,1,89.0,0.0
55904,13075,1012,1,49.0,0.15
55905,13075,1017,4,45.0,0.0
55906,13076,1017,2,45.0,0.1
55907,13077,1019,1,260.0,0.0
55908,13078,1011,4,520.0,0.0
55909,13079,1001,1,450.0,0.0
55910,13079,1015,2,890.0,0.05
55911,13079,1013,2,95.0,0.05
55912,13080,1018,1,175.0,0.2
55913,13081,1012,3,49.0,0.05
55914,13081,1018,1,175.0,0.1
55915,13082,1004,1,160.0,0.1
55916,13082,1012,2,49.0,0.1
55917,13083,1004,1,160.0,0.15
55918,13083,1001,1,450.0,0.0
55919,13084,1013,1,95.0,0.0
55920,13084,1019,1,260.0,0.0
55921,13084,1004,1,160.0,0.1
55922,13084,1011,1,520.0,0.0
55923,13084,1016,1,210.0,0.2
55924,13085,1018,1,175.0,0.1
55925,13086,1003,1,89.0,0.0
55926,13086,1004,1,160.0,0.0
55927,13087,1006,1,130.0,0.05
55928,13088,1016,1,210.0,0.15
55929,13088,1014,1,149.0,0.15
55930,13089,1010,1,119.0,0.15
55931,13090,1018,2,175.0,0.0
55932,13090,1004,1,160.0,0.1
55933,13090,1014,1,149.0,0.0
55934,13091,1006,1,130.0,0.0
55935,13092,1008,1,240.0,0.05
55936,13092,1004,1,160.0,0.0
55937,13093,1016,1,210.0,0.15
55938,13093,1019,1,260.0,0.05
55939,13094,1017,1,45.0,0.0
55940,13095,1015,1,890.0,0.0
55941,13096,1015,2,890.0,0.1
55942,13097,1019,1,260.0,0.15
55943,13098,1009,1,320.0,0.1
55944,13099,1005,2,55.0,0.0
55945,13100,1009,1,320.0,0.0
55946,13100,1012,1,49.0,0.0
55947,13100,1020,1,310.0,0.1
55948,13100,1018,1,175.0,0.0
55949,13101,1012,1,49.0,0.1
55950,13102,1010,1,119.0,0.0
55951,13103,1011,2,520.0,0.2
55952,13104,1018,1,175.0,0.0
55953,13104,1010,1,119.0,0.0
55954,13105,1008,1,240.0,0.05
55955,13106,1009,1,320.0,0.0
55956,13106,1005,2,55.0,0.15
55957,13106,1006,1,130.0,0.2
55958,13106,1020,1,310.0,0.0
55959,13106,1004,1,160.0,0.0
55960,13107,1010,2,119.0,0.1
55961,13108,1001,1,450.0,0.15
55962,13109,1018,3,175.0,0.2
55963,13109,1006,1,130.0,0.0
55964,13110,1012,1,49.0,0.05
55965,13110,1017,1,45.0,0.05
55966,13111,1004,1,160.0,0.2
55967,13112,1007,1,75.0,0.1
55968,13113,1010,1,119.0,0.0
55969,13114,1019,1,260.0,0.0
55970,13115,1020,1,310.0,0.05
55971,13115,1003,1,89.0,0.0
55972,13115,1015,1,890.0,0.1
55973,13116,1016,1,210.0,0.1
55974,13117,1006,1,130.0,0.1
55975,13118,1010,2,119.0,0.1
55976,13119,1019,1,260.0,0.05
55977,13119,1012,2,49.0,0.0
55978,13120,1001,2,450.0,0.05
55979,13121,1005,1,55.0,0.05
55980,13122,1014,2,149.0,0.0
55981,13123,1008,1,240.0,0.0
55982,13123,1018,2,175.0,0.0
55983,13123,1009,1,320.0,0.0
55984,13123,1015,2,890.0,0.15
55985,13123,1003,1,89.0,0.0
55986,13124,1016,1,210.0,0.1
55987,13124,1005,3,55.0,0.15
55988,13124,1011,1,520.0,0.15
55989,13124,1004,1,160.0,0.0
55990,13124,1003,1,89.0,0.05
55991,13125,1006,1,130.0,0.3
55992,13125,1012,1,49.0,0.0
55993,13126,1008,1,240.0,0.0
55994,13126,1003,1,89.0,0.1
55995,13127,1010,1,119.0,0.2
55996,13128,1013,1,95.0,0.0
55997,13129,1015,1,890.0,0.15
55998,13129,1019,4,260.0,0.0
55999,13130,1014,1,149.0,0.3
56000,13131,1008,1,240.0,0.1
56001,13132,1017,1,45.0,0.2
56002,13133,1003,1,89.0,0.05
56003,13134,1014,1,149.0,0.15
56004,13134,1018,1,175.0,0.1
56005,13135,1011,1,520.0,0.1
56006,13136,1012,1,49.0,0.2
56007,13137,1017,1,45.0,0.0
56008,13138,1015,1,890.0,0.1
56009,13139,1017,1,45.0,0.1
56010,13140,1004,2,160.0,0.2
56011,13141,1019,1,260.0,0.0
56012,13141,1020,1,310.0,0.1
56013,13142,1013,1,95.0,0.15
56014,13142,1007,2,75.0,0.05
56015,13142,1011,1,520.0,0.0
56016,13143,1002,1,680.0,0.05
56017,13144,1017,2,45.0,0.0
56018,13145,1008,1,240.0,0.0
56019,13145,1016,1,210.0,0.15
56020,13145,1001,1,450.0,0.1
56021,13146,1004,1,160.0,0.05
56022,13146,1014,1,149.0,0.0
56023,13146,1005,1,55.0,0.25
56024,13146,1015,1,890.0,0.2
56025,13146,1012,2,49.0,0.05
56026,13147,1007,1,75.0,0.1
56027,13148,1013,1,95.0,0.15
56028,13148,1004,2,160.0,0.1
56029,13149,1005,2,55.0,0.0
56030,13150,1020,1,310.0,0.15
56031,13150,1002,1,680.0,0.25
56032,13150,1011,1,520.0,0.2
56033,13151,1019,2,260.0,0.2
56034,13151,1004,1,160.0,0.1
56035,13151,1001,1,450.0,0.0
56036,13152,1009,2,320.0,0.2
56037,13152,1005,3,55.0,0.1
56038,13153,1016,1,210.0,0.15
56039,13154,1011,1,520.0,0.0
56040,13155,1009,1,320.0,0.2
56041,13155,1017,1,45.0,0.25
56042,13155,1002,1,680.0,0.2
56043,13155,1011,1,520.0,0.25
56044,13156,1006,1,130.0,0.0
56045,13156,1008,1,240.0,0.15
56046,13156,1004,2,160.0,0.15
56047,13156,1015,1,890.0,0.0
56048,13157,1004,2,160.0,0.05
56049,13158,1006,1,130.0,0.15
56050,13159,1010,2,119.0,0.05
56051,13159,1003,4,89.0,0.0
56052,13159,1002,4,680.0,0.0
56053,13159,1009,1,320.0,0.15
56054,13160,1012,1,49.0,0.15
56055,13160,1015,1,890.0,0.0
56056,13160,1019,1,260.0,0.0
56057,13160,1004,1,160.0,0.1
56058,13161,1005,2,55.0,0.0
56059,13161,1006,1,130.0,0.05
56060,13161,1015,1,890.0,0.0
56061,13162,1010,2,119.0,0.0
56062,13162,1011,1,520.0,0.1
56063,13162,1009,2,320.0,0.0
56064,13162,1002,1,680.0,0.15
56065,13162,1007,2,75.0,0.1
56066,13163,1007,1,75.0,0.0
56067,13163,1005,1,55.0,0.1
56068,13163,1008,1,240.0,0.0
56069,13163,1010,2,119.0,0.1
56070,13163,1011,1,520.0,0.05
56071,13164,1005,3,55.0,0.25
56072,13164,1001,2,450.0,0.1
56073,13165,1020,1,310.0,0.05
56074,13166,1004,1,160.0,0.1
56075,13166,1003,1,89.0,0.15
56076,13166,1012,1,49.0,0.05
56077,13167,1015,2,890.0,0.15
56078,13168,1020,1,310.0,0.1
56079,13169,1012,1,49.0,0.1
56080,13170,1010,1,119.0,0.0
56081,13170,1008,1,240.0,0.05
56082,13170,1001,1,450.0,0.0
56083,13171,1017,1,45.0,0.0
56084,13171,1006,1,130.0,0.05
56085,13172,1003,1,89.0,0.05
56086,13173,1013,1,95.0,0.1
56087,13174,1007,2,75.0,0.0
56088,13174,1017,1,45.0,0.15
56089,13175,1002,1,680.0,0.0
56090,13175,1012,1,49.0,0.1
56091,13175,1018,1,175.0,0.0
56092,13175,1010,2,119.0,0.2
56093,13176,1015,3,890.0,0.1
56094,13176,1019,1,260.0,0.15
56095,13176,1018,1,175.0,0.1
56096,13177,1001,1,450.0,0.1
56097,13178,1011,2,520.0,0.0
56098,13179,1020,1,310.0,0.05
56099,13180,1007,2,75.0,0.2
56100,13180,1008,1,240.0,0.0
56101,13180,1011,1,520.0,0.1
56102,13181,1006,1,130.0,0.0
56103,13181,1012,2,49.0,0.05
56104,13182,1007,1,75.0,0.0
56105,13182,1012,2,49.0,0.1
56106,13183,1010,1,119.0,0.0
56107,13184,1020,1,310.0,0.2
56108,13185,1009,1,320.0,0.0
56109,13185,1018,2,175.0,0.0
56110,13185,1006,1,130.0,0.0
56111,13186,1005,1,55.0,0.1
56112,13187,1005,1,55.0,0.0
56113,13187,1016,1,210.0,0.1
56114,13188,1012,1,49.0,0.0
56115,13188,1002,1,680.0,0.05
56116,13188,1013,4,95.0,0.0
56117,13189,1010,1,119.0,0.1
56118,13189,1003,1,89.0,0.15
56119,13189,1014,1,149.0,0.0
56120,13190,1005,1,55.0,0.0
56121,13191,1008,3,240.0,0.0
56122,13191,1017,1,45.0,0.1
56123,13192,1015,1,890.0,0.05
56124,13193,1004,2,160.0,0.0
56125,13193,1010,1,119.0,0.0
56126,13193,1014,2,149.0,0.1
56127,13193,1012,1,49.0,0.05
56128,13194,1012,1,49.0,0.15
56129,13194,1015,1,890.0,0.0
56130,13195,1013,1,95.0,0.0
56131,13196,1012,1,49.0,0.2
56132,13196,1005,1,55.0,0.1
56133,13197,1009,1,320.0,0.2
56134,13198,1009,1,320.0,0.0
56135,13199,1001,2,450.0,0.1
56136,13200,1007,1,75.0,0.0
56137,13201,1019,1,260.0,0.1
56138,13201,1004,1,160.0,0.15
56139,13202,1010,1,119.0,0.0
56140,13203,1013,1,95.0,0.15
56141,13203,1014,1,149.0,0.05
56142,13204,1019,1,260.0,0.15
56143,13204,1008,2,240.0,0.05
56144,13204,1004,3,160.0,0.15
56145,13204,1020,2,310.0,0.0
56146,13205,1017,2,45.0,0.0
56147,13206,1007,1,75.0,0.0
56148,13207,1018,1,175.0,0.15
56149,13208,1007,1,75.0,0.0
56150,13209,1010,1,119.0,0.0
56151,13210,1017,2,45.0,0.1
56152,13211,1005,2,55.0,0.2
56153,13212,1012,2,49.0,0.0
56154,13212,1002,1,680.0,0.15
56155,13212,1007,1,75.0,0.0
56156,13213,1014,1,149.0,0.05
56157,13213,1008,1,240.0,0.1
56158,13214,1017,1,45.0,0.15
56159,13214,1008,1,240.0,0.05
56160,13215,1013,1,95.0,0.15
56161,13216,1008,1,240.0,0.0
56162,13216,1020,2,310.0,0.0
56163,13217,1002,1,680.0,0.05
56164,13217,1007,1,75.0,0.2
56165,13217,1003,1,89.0,0.0
56166,13218,1020,1,310.0,0.0
56167,13218,1015,1,890.0,0.1
56168,13219,1019,1,260.0,0.0
56169,13219,1016,1,210.0,0.0
56170,13220,1013,1,95.0,0.15
56171,13221,1018,2,175.0,0.25
56172,13222,1013,1,95.0,0.05
56173,13222,1020,3,310.0,0.3
56174,13223,1013,3,95.0,0.0
56175,13224,1004,1,160.0,0.0
56176,13225,1008,1,240.0,0.0
56177,13225,1007,1,75.0,0.05
56178,13225,1011,1,520.0,0.0
56179,13225,1006,2,130.0,0.0
56180,13225,1010,1,119.0,0.0
56181,13226,1010,1,119.0,0.15
56182,13226,1011,1,520.0,0.0
56183,13227,1005,3,55.0,0.2
56184,13227,1004,1,160.0,0.0
56185,13228,1004,1,160.0,0.0
56186,13228,1012,2,49.0,0.1
56187,13228,1007,2,75.0,0.15
56188,13228,1017,1,45.0,0.25
56189,13228,1018,1,175.0,0.2
56190,13229,1002,1,680.0,0.05
56191,13229,1010,2,119.0,0.0
56192,13230,1006,2,130.0,0.15
56193,13230,1008,1,240.0,0.0
56194,13231,1015,1,890.0,0.05
56195,13231,1004,2,160.0,0.0
56196,13231,1017,1,45.0,0.05
56197,13232,1002,2,680.0,0.05
56198,13233,1003,2,89.0,0.3
56199,13233,1016,1,210.0,0.05
56200,13234,1002,1,680.0,0.15
56201,13235,1011,1,520.0,0.05
56202,13235,1003,1,89.0,0.0
56203,13236,1014,1,149.0,0.05
56204,13236,1006,2,130.0,0.05
56205,13236,1007,1,75.0,0.25
56206,13237,1020,1,310.0,0.15
56207,13237,1003,1,89.0,0.2
56208,13237,1016,4,210.0,0.1
56209,13238,1009,1,320.0,0.1
56210,13238,1010,2,119.0,0.2
56211,13238,1011,1,520.0,0.25
56212,13239,1007,1,75.0,0.15
56213,13239,1006,1,130.0,0.05
56214,13240,1007,1,75.0,0.2
56215,13240,1016,1,210.0,0.0
56216,13241,1013,1,95.0,0.1
56217,13241,1011,1,520.0,0.25
56218,13242,1005,1,55.0,0.25
56219,13243,1010,2,119.0,0.1
56220,13244,1011,1,520.0,0.0
56221,13244,1012,1,49.0,0.1
56222,13244,1015,1,890.0,0.0
56223,13245,1018,1,175.0,0.05
56224,13246,1009,1,320.0,0.15
56225,13247,1008,1,240.0,0.05
56226,13247,1013,1,95.0,0.05
56227,13248,1008,1,240.0,0.0
56228,13248,1017,2,45.0,0.0
56229,13248,1007,1,75.0,0.05
56230,13249,1004,3,160.0,0.0
56231,13250,1013,1,95.0,0.0
56232,13250,1012,2,49.0,0.05
56233,13250,1006,2,130.0,0.05
56234,13250,1005,1,55.0,0.0
56235,13251,1020,1,310.0,0.05
56236,13252,1007,2,75.0,0.2
56237,13253,1013,1,95.0,0.3
56238,13254,1002,1,680.0,0.05
56239,13254,1015,4,890.0,0.15
56240,13255,1013,1,95.0,0.1
56241,13255,1012,2,49.0,0.0
56242,13256,1019,1,260.0,0.05
56243,13257,1007,1,75.0,0.0
56244,13258,1001,1,450.0,0.1
56245,13259,1012,2,49.0,0.15
56246,13259,1017,1,45.0,0.1
56247,13260,1009,2,320.0,0.0
56248,13260,1011,1,520.0,0.0
56249,13260,1001,1,450.0,0.05
56250,13261,1010,3,119.0,0.0
56251,13262,1002,1,680.0,0.05
56252,13263,1005,1,55.0,0.0
56253,13264,1008,1,240.0,0.0
56254,13264,1002,2,680.0,0.05
56255,13264,1001,2,450.0,0.0
56256,13264,1005,1,55.0,0.1
56257,13265,1008,1,240.0,0.1
56258,13265,1018,1,175.0,0.0
56259,13266,1014,1,149.0,0.2
56260,13267,1001,1,450.0,0.05
56261,13268,1012,1,49.0,0.0
56262,13268,1019,1,260.0,0.1
56263,13269,1007,1,75.0,0.0
56264,13270,1019,1,260.0,0.05
56265,13271,1002,1,680.0,0.0
56266,13272,1014,1,149.0,0.15
56267,13273,1003,1,89.0,0.15
56268,13273,1005,1,55.0,0.0
56269,13273,1017,1,45.0,0.0
56270,13273,1016,1,210.0,0.05
56271,13274,1011,1,520.0,0.0
56272,13275,1008,1,240.0,0.0
56273,13275,1001,1,450.0,0.0
56274,13275,1006,1,130.0,0.0
56275,13275,1010,3,119.0,0.05
56276,13276,1018,1,175.0,0.3
56277,13277,1009,3,320.0,0.1
56278,13277,1020,1,310.0,0.2
56279,13278,1006,2,130.0,0.1
56280,13279,1016,1,210.0,0.0
56281,13280,1012,2,49.0,0.0
56282,13281,1020,1,310.0,0.05
56283,13281,1001,1,450.0,0.2
56284,13281,1017,1,45.0,0.15
56285,13281,1012,1,49.0,0.25
56286,13281,1018,1,175.0,0.2
56287,13282,1019,1,260.0,0.0
56288,13282,1002,1,680.0,0.15
56289,13282,1007,1,75.0,0.2
56290,13283,1015,1,890.0,0.15
56291,13284,1008,1,240.0,0.0
56292,13285,1005,1,55.0,0.2
56293,13285,1008,3,240.0,0.0
56294,13285,1016,1,210.0,0.1
56295,13286,1009,1,320.0,0.0
56296,13287,1007,2,75.0,0.15
56297,13288,1013,3,95.0,0.2
56298,13289,1002,2,680.0,0.1
56299,13289,1020,1,310.0,0.2
56300,13289,1019,2,260.0,0.1
56301,13289,1012,1,49.0,0.15
56302,13290,1018,4,175.0,0.15
56303,13291,1016,1,210.0,0.15
56304,13291,1015,2,890.0,0.05
56305,13292,1004,1,160.0,0.0
56306,13292,1012,1,49.0,0.0
56307,13292,1020,1,310.0,0.0
56308,13292,1010,1,119.0,0.1
56309,13292,1009,1,320.0,0.0
56310,13293,1010,1,119.0,0.0
56311,13293,1011,2,520.0,0.05
56312,13294,1004,1,160.0,0.0
56313,13294,1017,1,45.0,0.0
56314,13295,1007,1,75.0,0.05
56315,13295,1020,1,310.0,0.0
56316,13296,1001,1,450.0,0.0
56317,13296,1006,1,130.0,0.2
56318,13296,1016,1,210.0,0.0
56319,13296,1017,1,45.0,0.0
56320,13297,1014,1,149.0,0.1
56321,13298,1004,1,160.0,0.15
56322,13298,1007,1,75.0,0.1
56323,13299,1015,1,890.0,0.05
56324,13300,1015,1,890.0,0.1
56325,13301,1009,1,320.0,0.0
56326,13301,1005,1,55.0,0.0
56327,13302,1005,1,55.0,0.05
56328,13303,1003,2,89.0,0.1
56329,13303,1015,1,890.0,0.1
56330,13303,1002,1,680.0,0.0
56331,13304,1012,1,49.0,0.0
56332,13305,1012,1,49.0,0.25
56333,13305,1016,1,210.0,0.15
56334,13305,1008,1,240.0,0.0
56335,13305,1007,1,75.0,0.1
56336,13305,1019,1,260.0,0.0
56337,13306,1004,1,160.0,0.2
56338,13306,1010,1,119.0,0.0
56339,13306,1012,2,49.0,0.1
56340,13306,1020,2,310.0,0.05
56341,13307,1003,2,89.0,0.1
56342,13308,1018,1,175.0,0.0
56343,13309,1020,2,310.0,0.15
56344,13309,1002,1,680.0,0.05
56345,13309,1015,1,890.0,0.0
56346,13310,1005,1,55.0,0.0
56347,13310,1015,1,890.0,0.15
56348,13311,1013,2,95.0,0.0
56349,13312,1005,1,55.0,0.15
56350,13313,1012,2,49.0,0.15
56351,13314,1012,2,49.0,0.1
56352,13315,1020,1,310.0,0.05
56353,13315,1018,1,175.0,0.2
56354,13316,1013,1,95.0,0.05
56355,13317,1010,1,119.0,0.2
56356,13318,1006,1,130.0,0.0
56357,13318,1014,2,149.0,0.0
56358,13318,1002,1,680.0,0.0
56359,13319,1020,2,310.0,0.0
56360,13319,1011,2,520.0,0.1
56361,13320,1011,1,520.0,0.05
56362,13320,1006,1,130.0,0.0
56363,13320,1009,1,320.0,0.15
56364,13321,1007,1,75.0,0.05
56365,13321,1018,1,175.0,0.0
56366,13321,1005,2,55.0,0.2
56367,13322,1016,1,210.0,0.2
56368,13323,1014,1,149.0,0.15
56369,13323,1018,1,175.0,0.0
56370,13323,1005,2,55.0,0.0
56371,13323,1009,1,320.0,0.15
56372,13324,1004,1,160.0,0.0
56373,13325,1014,1,149.0,0.0
56374,13325,1017,1,45.0,0.0
56375,13325,1008,1,240.0,0.0
56376,13326,1005,1,55.0,0.0
56377,13326,1004,2,160.0,0.0
56378,13327,1018,2,175.0,0.0
56379,13328,1020,1,310.0,0.05
56380,13328,1004,1,160.0,0.0
56381,13329,1009,1,320.0,0.1
56382,13330,1011,1,520.0,0.1
56383,13331,1011,1,520.0,0.05
56384,13332,1001,2,450.0,0.0
56385,13332,1006,1,130.0,0.2
56386,13333,1003,1,89.0,0.1
56387,13333,1012,1,49.0,0.2
56388,13334,1004,1,160.0,0.0
56389,13334,1019,3,260.0,0.0
56390,13334,1010,1,119.0,0.0
56391,13334,1015,1,890.0,0.0
56392,13334,1009,1,320.0,0.05
56393,13335,1007,1,75.0,0.1
56394,13336,1014,1,149.0,0.15
56395,13337,1003,1,89.0,0.15
56396,13338,1003,2,89.0,0.0
56397,13338,1010,1,119.0,0.05
56398,13338,1009,1,320.0,0.15
56399,13339,1003,1,89.0,0.15
56400,13340,1018,2,175.0,0.0
56401,13341,1011,1,520.0,0.0
56402,13341,1017,1,45.0,0.0
56403,13342,1018,1,175.0,0.05
56404,13343,1002,1,680.0,0.0
56405,13344,1010,1,119.0,0.0
56406,13345,1008,1,240.0,0.0
56407,13345,1009,1,320.0,0.1
56408,13346,1006,1,130.0,0.05
56409,13347,1006,1,130.0,0.1
56410,13347,1010,1,119.0,0.0
56411,13348,1009,1,320.0,0.0
56412,13348,1005,1,55.0,0.15
56413,13349,1006,1,130.0,0.0
56414,13349,1015,1,890.0,0.0
56415,13349,1014,1,149.0,0.0
56416,13350,1009,2,320.0,0.15
56417,13351,1020,2,310.0,0.05
56418,13352,1013,1,95.0,0.2
56419,13353,1012,1,49.0,0.0
56420,13354,1001,1,450.0,0.2
56421,13355,1009,2,320.0,0.0
56422,13356,1020,1,310.0,0.0
56423,13357,1014,1,149.0,0.05
56424,13358,1007,1,75.0,0.05
56425,13359,1013,1,95.0,0.0
56426,13360,1010,1,119.0,0.2
56427,13361,1017,2,45.0,0.0
56428,13362,1011,2,520.0,0.1
56429,13362,1006,2,130.0,0.1
56430,13363,1018,4,175.0,0.0
56431,13363,1008,1,240.0,0.1
56432,13364,1014,1,149.0,0.0
56433,13365,1001,1,450.0,0.0
56434,13366,1006,1,130.0,0.1
56435,13366,1015,3,890.0,0.0
56436,13366,1005,1,55.0,0.0
56437,13366,1003,1,89.0,0.0
56438,13367,1010,1,119.0,0.1
56439,13367,1013,1,95.0,0.0
56440,13368,1005,1,55.0,0.15
56441,13369,1014,1,149.0,0.05
56442,13370,1004,2,160.0,0.0
56443,13371,1002,3,680.0,0.0
56444,13371,1007,1,75.0,0.05
56445,13371,1018,2,175.0,0.15
56446,13371,1010,3,119.0,0.05
56447,13371,1011,1,520.0,0.05
56448,13372,1012,1,49.0,0.1
56449,13373,1017,1,45.0,0.0
56450,13373,1011,2,520.0,0.2
56451,13373,1002,1,680.0,0.15
56452,13373,1014,3,149.0,0.15
56453,13374,1007,1,75.0,0.1
56454,13375,1011,1,520.0,0.0
56455,13375,1004,1,160.0,0.3
56456,13376,1008,1,240.0,0.0
56457,13376,1012,1,49.0,0.1
56458,13376,1018,1,175.0,0.1
56459,13377,1014,1,149.0,0.1
56460,13377,1011,2,520.0,0.05
56461,13377,1004,1,160.0,0.0
56462,13378,1010,1,119.0,0.1
56463,13378,1018,1,175.0,0.0
56464,13379,1017,1,45.0,0.15
56465,13379,1003,1,89.0,0.0
56466,13379,1019,1,260.0,0.1
56467,13380,1003,1,89.0,0.05
56468,13381,1001,2,450.0,0.0
56469,13381,1015,3,890.0,0.0
56470,13382,1019,1,260.0,0.1
56471,13383,1009,2,320.0,0.0
56472,13384,1014,2,149.0,0.0
56473,13385,1014,1,149.0,0.0
56474,13385,1008,1,240.0,0.2
56475,13385,1005,1,55.0,0.15
56476,13385,1019,1,260.0,0.0
56477,13386,1011,1,520.0,0.0
56478,13386,1009,3,320.0,0.15
56479,13386,1004,1,160.0,0.0
56480,13387,1004,1,160.0,0.05
56481,13388,1004,1,160.0,0.1
56482,13388,1007,2,75.0,0.0
56483,13388,1006,1,130.0,0.0
56484,13389,1011,1,520.0,0.0
56485,13389,1004,2,160.0,0.1
56486,13389,1019,1,260.0,0.0
56487,13390,1019,1,260.0,0.1
56488,13390,1013,1,95.0,0.0
56489,13390,1017,1,45.0,0.0
56490,13391,1013,1,95.0,0.0
56491,13391,1016,1,210.0,0.1
56492,13391,1020,1,310.0,0.1
56493,13392,1015,1,890.0,0.05
56494,13392,1003,2,89.0,0.0
56495,13392,1018,1,175.0,0.05
56496,13393,1011,1,520.0,0.0
56497,13394,1019,1,260.0,0.1
56498,13394,1015,1,890.0,0.05
56499,13394,1014,1,149.0,0.0
56500,13394,1017,1,45.0,0.1
56501,13395,1013,1,95.0,0.15
56502,13395,1003,1,89.0,0.1
56503,13395,1016,1,210.0,0.15
56504,13396,1005,3,55.0,0.0
56505,13396,1001,1,450.0,0.0
56506,13397,1019,1,260.0,0.0
56507,13397,1013,1,95.0,0.2
56508,13398,1015,1,890.0,0.0
56509,13398,1006,1,130.0,0.2
56510,13399,1001,3,450.0,0.15
56511,13400,1006,1,130.0,0.1
56512,13400,1007,1,75.0,0.0
56513,13401,1008,1,240.0,0.05
56514,13401,1015,2,890.0,0.0
56515,13401,1005,2,55.0,0.0
56516,13401,1004,1,160.0,0.05
56517,13402,1012,1,49.0,0.1
56518,13402,1015,1,890.0,0.0
56519,13403,1011,1,520.0,0.05
56520,13403,1013,1,95.0,0.15
56521,13404,1016,1,210.0,0.0
56522,13405,1012,1,49.0,0.0
56523,13406,1011,1,520.0,0.05
56524,13407,1020,2,310.0,0.1
56525,13408,1014,1,149.0,0.1
56526,13409,1005,1,55.0,0.05
56527,13410,1004,1,160.0,0.0
56528,13411,1007,1,75.0,0.0
56529,13411,1001,1,450.0,0.05
56530,13412,1019,2,260.0,0.0
56531,13412,1001,1,450.0,0.0
56532,13412,1004,1,160.0,0.15
56533,13413,1020,1,310.0,0.2
56534,13413,1002,1,680.0,0.1
56535,13414,1019,2,260.0,0.15
56536,13414,1004,1,160.0,0.0
56537,13414,1017,2,45.0,0.0
56538,13415,1007,1,75.0,0.05
56539,13416,1020,1,310.0,0.15
56540,13417,1011,1,520.0,0.05
56541,13418,1018,1,175.0,0.2
56542,13418,1020,1,310.0,0.25
56543,13419,1019,1,260.0,0.0
56544,13420,1001,1,450.0,0.1
56545,13420,1004,1,160.0,0.1
56546,13420,1008,1,240.0,0.1
56547,13421,1010,1,119.0,0.0
56548,13421,1001,1,450.0,0.05
56549,13421,1020,2,310.0,0.1
56550,13421,1013,2,95.0,0.0
56551,13422,1019,1,260.0,0.0
56552,13423,1008,3,240.0,0.0
56553,13424,1020,1,310.0,0.05
56554,13425,1016,1,210.0,0.0
56555,13425,1019,2,260.0,0.1
56556,13425,1001,1,450.0,0.25
56557,13426,1001,1,450.0,0.0
56558,13427,1006,1,130.0,0.05
56559,13427,1011,1,520.0,0.25
56560,13428,1019,3,260.0,0.0
56561,13429,1012,1,49.0,0.15
56562,13430,1006,1,130.0,0.0
56563,13430,1016,2,210.0,0.2
56564,13431,1018,1,175.0,0.05
56565,13431,1007,1,75.0,0.0
56566,13431,1001,1,450.0,0.05
56567,13432,1009,1,320.0,0.05
56568,13433,1016,1,210.0,0.1
56569,13433,1012,1,49.0,0.05
56570,13433,1014,2,149.0,0.0
56571,13434,1005,1,55.0,0.0
56572,13434,1014,1,149.0,0.0
56573,13435,1015,1,890.0,0.0
56574,13436,1012,1,49.0,0.1
56575,13437,1015,1,890.0,0.05
56576,13438,1016,1,210.0,0.05
56577,13438,1020,1,310.0,0.0
56578,13439,1018,1,175.0,0.15
56579,13440,1002,2,680.0,0.1
56580,13440,1014,1,149.0,0.15
56581,13440,1018,1,175.0,0.2
56582,13440,1017,3,45.0,0.0
56583,13441,1005,2,55.0,0.05
56584,13442,1004,1,160.0,0.0
56585,13442,1012,2,49.0,0.1
56586,13442,1008,1,240.0,0.1
56587,13443,1014,1,149.0,0.05
56588,13443,1017,2,45.0,0.0
56589,13444,1012,1,49.0,0.0
56590,13444,1019,1,260.0,0.2
56591,13445,1010,1,119.0,0.0
56592,13446,1011,1,520.0,0.0
56593,13446,1012,1,49.0,0.0
56594,13446,1015,1,890.0,0.0
56595,13447,1008,1,240.0,0.15
56596,13447,1014,4,149.0,0.1
56597,13448,1017,2,45.0,0.05
56598,13449,1011,1,520.0,0.0
56599,13449,1014,1,149.0,0.05
56600,13450,1017,1,45.0,0.2
56601,13450,1009,1,320.0,0.05
56602,13450,1012,1,49.0,0.15
56603,13451,1014,1,149.0,0.0
56604,13451,1005,2,55.0,0.2
56605,13451,1020,1,310.0,0.05
56606,13451,1010,4,119.0,0.0
56607,13451,1013,1,95.0,0.2
56608,13452,1005,1,55.0,0.0
56609,13452,1002,1,680.0,0.0
56610,13453,1005,1,55.0,0.25
56611,13453,1020,1,310.0,0.1
56612,13454,1002,1,680.0,0.0
56613,13454,1011,1,520.0,0.0
56614,13455,1015,1,890.0,0.05
56615,13455,1016,2,210.0,0.0
56616,13455,1019,1,260.0,0.05
56617,13456,1014,1,149.0,0.0
56618,13457,1007,4,75.0,0.1
56619,13457,1005,1,55.0,0.05
56620,13457,1020,1,310.0,0.05
56621,13458,1018,1,175.0,0.0
56622,13458,1011,1,520.0,0.15
56623,13459,1003,2,89.0,0.1
56624,13460,1017,1,45.0,0.0
56625,13460,1020,1,310.0,0.0
56626,13460,1007,1,75.0,0.05
56627,13460,1006,1,130.0,0.0
56628,13461,1006,2,130.0,0.15
56629,13461,1010,1,119.0,0.15
56630,13461,1009,1,320.0,0.1
56631,13462,1014,2,149.0,0.1
56632,13463,1010,1,119.0,0.15
56633,13464,1012,1,49.0,0.0
56634,13464,1017,1,45.0,0.1
56635,13465,1007,1,75.0,0.1
56636,13466,1020,1,310.0,0.0
56637,13466,1005,1,55.0,0.0
56638,13467,1014,3,149.0,0.2
56639,13467,1020,1,310.0,0.0
56640,13468,1019,1,260.0,0.0
56641,13468,1001,1,450.0,0.0
56642,13468,1004,1,160.0,0.2
56643,13469,1006,2,130.0,0.2
56644,13469,1003,4,89.0,0.05
56645,13469,1019,1,260.0,0.25
56646,13470,1012,1,49.0,0.0
56647,13470,1008,1,240.0,0.05
56648,13470,1005,2,55.0,0.1
56649,13470,1006,1,130.0,0.0
56650,13470,1002,1,680.0,0.15
56651,13471,1018,1,175.0,0.05
56652,13471,1006,1,130.0,0.1
56653,13472,1010,2,119.0,0.0
56654,13473,1002,1,680.0,0.2
56655,13473,1012,2,49.0,0.1
56656,13474,1010,1,119.0,0.0
56657,13475,1004,1,160.0,0.1
56658,13475,1009,1,320.0,0.0
56659,13476,1015,1,890.0,0.0
56660,13477,1006,1,130.0,0.0
56661,13478,1014,2,149.0,0.2
56662,13479,1009,1,320.0,0.0
56663,13479,1011,1,520.0,0.05
56664,13480,1002,1,680.0,0.2
56665,13481,1009,1,320.0,0.15
56666,13482,1003,1,89.0,0.05
56667,13482,1010,1,119.0,0.1
56668,13483,1012,1,49.0,0.05
56669,13483,1020,2,310.0,0.05
56670,13483,1017,1,45.0,0.1
56671,13483,1002,1,680.0,0.2
56672,13483,1001,1,450.0,0.15
56673,13484,1013,1,95.0,0.1
56674,13485,1012,1,49.0,0.2
56675,13486,1006,1,130.0,0.3
56676,13486,1013,1,95.0,0.0
56677,13487,1014,1,149.0,0.05
56678,13488,1018,1,175.0,0.0
56679,13489,1010,1,119.0,0.1
56680,13489,1008,1,240.0,0.0
56681,13490,1009,1,320.0,0.3
56682,13491,1013,1,95.0,0.0
56683,13491,1004,1,160.0,0.05
56684,13492,1006,2,130.0,0.15
56685,13492,1020,2,310.0,0.1
56686,13492,1001,1,450.0,0.15
56687,13492,1014,1,149.0,0.0
56688,13493,1018,1,175.0,0.1
56689,13493,1015,3,890.0,0.0
56690,13494,1010,1,119.0,0.0
56691,13494,1018,1,175.0,0.15
56692,13494,1019,1,260.0,0.15
56693,13495,1016,1,210.0,0.1
56694,13496,1018,1,175.0,0.05
56695,13497,1008,1,240.0,0.0
56696,13498,1010,1,119.0,0.05
56697,13499,1017,1,45.0,0.0
56698,13499,1001,2,450.0,0.2
56699,13500,1018,1,175.0,0.0
56700,13501,1018,2,175.0,0.2
56701,13502,1008,1,240.0,0.15
56702,13503,1010,1,119.0,0.2
56703,13503,1014,1,149.0,0.1
56704,13504,1020,2,310.0,0.2
56705,13504,1015,1,890.0,0.1
56706,13504,1010,1,119.0,0.05
56707,13504,1016,4,210.0,0.0
56708,13505,1017,2,45.0,0.15
56709,13506,1019,1,260.0,0.0
56710,13506,1013,1,95.0,0.05
56711,13507,1006,1,130.0,0.05
56712,13507,1015,1,890.0,0.05
56713,13507,1019,1,260.0,0.0
56714,13508,1020,1,310.0,0.1
56715,13509,1007,1,75.0,0.15
56716,13510,1014,1,149.0,0.0
56717,13511,1012,1,49.0,0.2
56718,13512,1011,1,520.0,0.0
56719,13513,1006,1,130.0,0.15
56720,13513,1019,1,260.0,0.1
56721,13513,1012,1,49.0,0.15
56722,13513,1011,1,520.0,0.1
56723,13513,1016,1,210.0,0.0
56724,13514,1003,1,89.0,0.0
56725,13514,1012,1,49.0,0.05
56726,13515,1010,1,119.0,0.05
56727,13515,1018,1,175.0,0.05
56728,13516,1013,1,95.0,0.0
56729,13516,1008,2,240.0,0.05
56730,13516,1009,1,320.0,0.05
56731,13517,1001,1,450.0,0.05
56732,13518,1004,1,160.0,0.2
56733,13519,1004,1,160.0,0.0
56734,13519,1015,1,890.0,0.1
56735,13520,1003,2,89.0,0.1
56736,13520,1017,1,45.0,0.0
56737,13521,1002,1,680.0,0.0
56738,13522,1003,3,89.0,0.05
56739,13523,1011,1,520.0,0.2
56740,13524,1003,1,89.0,0.2
56741,13525,1001,1,450.0,0.05
56742,13526,1002,1,680.0,0.0
56743,13527,1011,1,520.0,0.2
56744,13528,1011,1,520.0,0.0
56745,13528,1007,1,75.0,0.0
56746,13529,1013,3,95.0,0.0
56747,13530,1007,1,75.0,0.0
56748,13531,1014,3,149.0,0.0
56749,13531,1009,1,320.0,0.0
56750,13531,1008,1,240.0,0.0
56751,13532,1013,2,95.0,0.0
56752,13533,1019,4,260.0,0.0
56753,13534,1020,1,310.0,0.15
56754,13534,1006,2,130.0,0.0
56755,13534,1010,1,119.0,0.0
56756,13534,1004,1,160.0,0.1
56757,13534,1005,1,55.0,0.2
56758,13535,1019,1,260.0,0.0
56759,13536,1003,1,89.0,0.1
56760,13536,1004,2,160.0,0.0
56761,13537,1007,1,75.0,0.0
56762,13538,1010,1,119.0,0.1
56763,13538,1012,2,49.0,0.15
56764,13539,1015,1,890.0,0.0
56765,13540,1003,1,89.0,0.0
56766,13540,1018,1,175.0,0.0
56767,13541,1001,1,450.0,0.1
56768,13541,1007,1,75.0,0.1
56769,13542,1006,1,130.0,0.0
56770,13542,1007,1,75.0,0.1
56771,13542,1005,1,55.0,0.0
56772,13542,1018,1,175.0,0.0
56773,13542,1009,1,320.0,0.0
56774,13543,1006,1,130.0,0.1
56775,13543,1012,1,49.0,0.0
56776,13544,1019,1,260.0,0.2
56777,13545,1018,1,175.0,0.05
56778,13545,1004,1,160.0,0.0
56779,13546,1006,1,130.0,0.0
56780,13546,1020,2,310.0,0.05
56781,13547,1017,1,45.0,0.25
56782,13548,1014,1,149.0,0.15
56783,13549,1017,1,45.0,0.0
56784,13549,1001,1,450.0,0.2
56785,13550,1019,1,260.0,0.0
56786,13551,1006,1,130.0,0.05
56787,13552,1003,1,89.0,0.15
56788,13553,1005,2,55.0,0.0
56789,13553,1012,2,49.0,0.05
56790,13553,1015,1,890.0,0.0
56791,13553,1017,1,45.0,0.0
56792,13554,1001,2,450.0,0.05
56793,13555,1004,2,160.0,0.0
56794,13556,1017,2,45.0,0.1
56795,13557,1017,1,45.0,0.0
56796,13558,1020,1,310.0,0.1
56797,13559,1015,1,890.0,0.25
56798,13559,1018,4,175.0,0.2
56799,13559,1014,2,149.0,0.15
56800,13559,1016,1,210.0,0.15
56801,13559,1003,1,89.0,0.1
56802,13560,1010,1,119.0,0.0
56803,13560,1015,1,890.0,0.1
56804,13560,1016,1,210.0,0.05
56805,13561,1008,2,240.0,0.05
56806,13562,1011,2,520.0,0.0
56807,13563,1004,4,160.0,0.1
56808,13564,1010,1,119.0,0.15
56809,13565,1020,1,310.0,0.15
56810,13565,1004,1,160.0,0.1
56811,13566,1014,1,149.0,0.0
56812,13566,1010,1,119.0,0.15
56813,13567,1019,1,260.0,0.0
56814,13567,1018,1,175.0,0.2
56815,13568,1013,1,95.0,0.0
56816,13569,1017,1,45.0,0.0
56817,13569,1004,1,160.0,0.0
56818,13570,1008,1,240.0,0.1
56819,13571,1018,1,175.0,0.3
56820,13571,1007,1,75.0,0.0
56821,13572,1011,1,520.0,0.1
56822,13573,1016,1,210.0,0.15
56823,13574,1015,1,890.0,0.1
56824,13574,1012,1,49.0,0.0
56825,13575,1015,1,890.0,0.0
56826,13576,1011,1,520.0,0.0
56827,13576,1006,1,130.0,0.0
56828,13576,1001,1,450.0,0.1
56829,13577,1006,1,130.0,0.15
56830,13578,1015,1,890.0,0.0
56831,13579,1009,1,320.0,0.15
56832,13579,1010,2,119.0,0.0
56833,13579,1005,1,55.0,0.1
56834,13579,1020,1,310.0,0.25
56835,13579,1013,1,95.0,0.2
56836,13580,1012,1,49.0,0.15
56837,13581,1003,1,89.0,0.2
56838,13581,1009,1,320.0,0.15
56839,13582,1011,2,520.0,0.05
56840,13582,1010,1,119.0,0.2
56841,13582,1019,1,260.0,0.0
56842,13582,1018,1,175.0,0.1
56843,13583,1002,1,680.0,0.0
56844,13583,1015,1,890.0,0.0
56845,13583,1013,1,95.0,0.0
56846,13584,1019,1,260.0,0.2
56847,13584,1016,1,210.0,0.1
56848,13585,1015,1,890.0,0.0
56849,13585,1018,1,175.0,0.1
56850,13585,1008,1,240.0,0.0
56851,13586,1014,1,149.0,0.0
56852,13587,1015,4,890.0,0.15
56853,13588,1007,1,75.0,0.0
56854,13588,1005,2,55.0,0.2
56855,13588,1014,2,149.0,0.2
56856,13589,1007,1,75.0,0.15
56857,13590,1008,2,240.0,0.1
56858,13590,1002,1,680.0,0.05
56859,13590,1009,1,320.0,0.0
56860,13591,1003,1,89.0,0.0
56861,13592,1018,1,175.0,0.15
56862,13592,1015,1,890.0,0.2
56863,13592,1011,2,520.0,0.0
56864,13592,1007,1,75.0,0.0
56865,13593,1017,1,45.0,0.0
56866,13594,1005,1,55.0,0.05
56867,13595,1003,1,89.0,0.0
56868,13595,1011,2,520.0,0.05
56869,13596,1007,1,75.0,0.1
56870,13596,1020,1,310.0,0.0
56871,13597,1016,1,210.0,0.2
56872,13597,1014,2,149.0,0.05
56873,13598,1005,1,55.0,0.25
56874,13598,1002,1,680.0,0.05
56875,13599,1020,1,310.0,0.0
56876,13600,1006,1,130.0,0.15
56877,13601,1007,1,75.0,0.0
56878,13602,1015,2,890.0,0.0
56879,13602,1006,1,130.0,0.15
56880,13603,1020,1,310.0,0.0
56881,13603,1019,1,260.0,0.05
56882,13603,1007,1,75.0,0.05
56883,13604,1008,1,240.0,0.0
56884,13604,1003,2,89.0,0.0
56885,13605,1006,1,130.0,0.1
56886,13605,1002,2,680.0,0.0
56887,13605,1010,1,119.0,0.0
56888,13606,1006,1,130.0,0.15
56889,13607,1001,1,450.0,0.0
56890,13607,1006,1,130.0,0.0
56891,13608,1007,1,75.0,0.0
56892,13609,1010,1,119.0,0.05
56893,13609,1018,1,175.0,0.15
56894,13610,1009,1,320.0,0.05
56895,13611,1013,1,95.0,0.05
56896,13612,1018,1,175.0,0.05
56897,13613,1012,1,49.0,0.15
56898,13613,1011,3,520.0,0.2
56899,13614,1001,2,450.0,0.05
56900,13615,1015,2,890.0,0.1
56901,13615,1018,1,175.0,0.05
56902,13615,1001,1,450.0,0.0
56903,13615,1008,1,240.0,0.25
56904,13616,1019,3,260.0,0.0
56905,13616,1007,1,75.0,0.1
56906,13616,1018,1,175.0,0.05
56907,13617,1010,1,119.0,0.0
56908,13617,1018,1,175.0,0.0
56909,13618,1015,3,890.0,0.0
56910,13619,1013,1,95.0,0.1
56911,13619,1006,2,130.0,0.15
56912,13619,1015,1,890.0,0.1
56913,13619,1019,1,260.0,0.1
56914,13620,1002,1,680.0,0.0
56915,13621,1011,2,520.0,0.0
56916,13622,1017,1,45.0,0.2
56917,13622,1020,3,310.0,0.1
56918,13622,1010,1,119.0,0.0
56919,13622,1004,1,160.0,0.05
56920,13622,1007,1,75.0,0.0
56921,13623,1010,2,119.0,0.15
56922,13624,1013,2,95.0,0.0
56923,13625,1002,1,680.0,0.0
56924,13626,1010,1,119.0,0.05
56925,13627,1005,1,55.0,0.0
56926,13627,1003,1,89.0,0.0
56927,13628,1013,1,95.0,0.05
56928,13628,1014,1,149.0,0.1
56929,13629,1009,1,320.0,0.0
56930,13629,1017,1,45.0,0.0
56931,13630,1008,1,240.0,0.0
56932,13631,1005,1,55.0,0.15
56933,13632,1002,1,680.0,0.3
56934,13632,1015,1,890.0,0.15
56935,13633,1018,2,175.0,0.1
56936,13633,1020,1,310.0,0.0
56937,13633,1014,1,149.0,0.1
56938,13634,1007,1,75.0,0.05
56939,13634,1002,1,680.0,0.15
56940,13634,1011,2,520.0,0.05
56941,13634,1006,1,130.0,0.05
56942,13635,1009,2,320.0,0.0
56943,13635,1005,3,55.0,0.1
56944,13636,1001,2,450.0,0.0
56945,13637,1018,2,175.0,0.0
56946,13637,1017,1,45.0,0.0
56947,13638,1009,2,320.0,0.0
56948,13638,1006,2,130.0,0.1
56949,13639,1006,1,130.0,0.15
56950,13639,1005,1,55.0,0.05
56951,13640,1010,2,119.0,0.1
56952,13640,1016,1,210.0,0.15
56953,13641,1004,2,160.0,0.05
56954,13642,1015,2,890.0,0.3
56955,13643,1008,2,240.0,0.0
56956,13644,1007,1,75.0,0.0
56957,13644,1015,1,890.0,0.3
56958,13644,1004,1,160.0,0.25
56959,13645,1005,1,55.0,0.0
56960,13645,1010,1,119.0,0.0
56961,13645,1003,1,89.0,0.0
56962,13645,1016,1,210.0,0.0
56963,13645,1004,1,160.0,0.0
56964,13646,1004,1,160.0,0.05
56965,13646,1009,1,320.0,0.0
56966,13647,1015,1,890.0,0.0
56967,13647,1009,1,320.0,0.05
56968,13647,1018,4,175.0,0.2
56969,13648,1003,1,89.0,0.0
56970,13649,1017,1,45.0,0.0
56971,13649,1001,1,450.0,0.1
56972,13650,1017,3,45.0,0.1
56973,13650,1015,1,890.0,0.1
56974,13651,1015,3,890.0,0.2
56975,13652,1011,3,520.0,0.1
56976,13652,1013,1,95.0,0.2
56977,13652,1017,1,45.0,0.1
56978,13652,1002,1,680.0,0.0
56979,13653,1010,2,119.0,0.05
56980,13654,1016,1,210.0,0.0
56981,13655,1018,2,175.0,0.2
56982,13656,1006,1,130.0,0.1
56983,13657,1014,1,149.0,0.0
56984,13657,1011,1,520.0,0.0
56985,13658,1020,1,310.0,0.05
56986,13659,1005,1,55.0,0.0
56987,13659,1008,1,240.0,0.0
56988,13660,1018,3,175.0,0.1
56989,13660,1017,1,45.0,0.1
56990,13661,1006,1,130.0,0.05
56991,13661,1007,1,75.0,0.1
56992,13661,1019,1,260.0,0.05
56993,13661,1005,1,55.0,0.0
56994,13661,1020,1,310.0,0.0
56995,13662,1015,1,890.0,0.1
56996,13662,1011,1,520.0,0.15
56997,13663,1005,1,55.0,0.15
56998,13664,1006,1,130.0,0.05
56999,13665,1012,1,49.0,0.0
57000,13666,1002,2,680.0,0.1
57001,13667,1015,1,890.0,0.15
57002,13668,1012,2,49.0,0.15
57003,13668,1019,1,260.0,0.15
57004,13668,1017,1,45.0,0.1
57005,13668,1015,1,890.0,0.0
57006,13669,1018,1,175.0,0.3
57007,13670,1015,1,890.0,0.1
57008,13670,1011,1,520.0,0.1
57009,13671,1015,1,890.0,0.0
57010,13672,1012,1,49.0,0.0
57011,13672,1004,1,160.0,0.1
57012,13673,1016,1,210.0,0.05
57013,13673,1004,2,160.0,0.15
57014,13673,1013,1,95.0,0.0
57015,13674,1008,1,240.0,0.0
57016,13674,1001,1,450.0,0.0
57017,13674,1019,2,260.0,0.0
57018,13675,1007,2,75.0,0.0
57019,13675,1002,3,680.0,0.2
57020,13676,1008,1,240.0,0.2
57021,13676,1015,1,890.0,0.15
57022,13676,1020,1,310.0,0.15
57023,13677,1018,1,175.0,0.3
57024,13677,1016,1,210.0,0.0
57025,13677,1012,1,49.0,0.1
57026,13678,1017,2,45.0,0.05
57027,13678,1008,1,240.0,0.0
57028,13679,1009,3,320.0,0.15
57029,13680,1013,1,95.0,0.1
57030,13680,1019,1,260.0,0.05
57031,13681,1009,1,320.0,0.0
57032,13681,1020,1,310.0,0.0
57033,13681,1019,1,260.0,0.1
57034,13682,1008,4,240.0,0.15
57035,13682,1001,1,450.0,0.0
57036,13682,1004,1,160.0,0.0
57037,13683,1012,1,49.0,0.0
57038,13683,1006,3,130.0,0.05
57039,13684,1008,1,240.0,0.05
57040,13684,1010,3,119.0,0.0
57041,13685,1015,1,890.0,0.1
57042,13686,1010,3,119.0,0.2
57043,13687,1018,1,175.0,0.1
57044,13687,1008,3,240.0,0.15
57045,13688,1009,1,320.0,0.05
57046,13688,1003,1,89.0,0.0
57047,13689,1008,1,240.0,0.25
57048,13689,1005,1,55.0,0.0
57049,13690,1016,1,210.0,0.05
57050,13690,1006,1,130.0,0.0
57051,13690,1015,1,890.0,0.05
57052,13691,1001,2,450.0,0.0
57053,13691,1014,1,149.0,0.05
57054,13692,1016,1,210.0,0.2
57055,13693,1005,2,55.0,0.0
57056,13693,1011,1,520.0,0.05
57057,13693,1007,1,75.0,0.05
57058,13694,1013,1,95.0,0.05
57059,13694,1007,1,75.0,0.25
57060,13694,1011,1,520.0,0.0
57061,13694,1004,1,160.0,0.15
57062,13695,1017,2,45.0,0.0
57063,13696,1017,1,45.0,0.0
57064,13696,1009,1,320.0,0.2
57065,13696,1001,1,450.0,0.0
57066,13697,1004,1,160.0,0.2
57067,13697,1005,1,55.0,0.05
57068,13698,1004,1,160.0,0.0
57069,13699,1007,1,75.0,0.2
57070,13700,1004,1,160.0,0.05
57071,13700,1013,4,95.0,0.0
57072,13701,1009,4,320.0,0.15
57073,13702,1009,1,320.0,0.15
57074,13702,1002,1,680.0,0.15
57075,13702,1012,1,49.0,0.0
57076,13702,1013,1,95.0,0.2
57077,13703,1020,1,310.0,0.2
57078,13703,1016,2,210.0,0.05
57079,13704,1008,2,240.0,0.15
57080,13705,1010,1,119.0,0.0
57081,13706,1015,1,890.0,0.0
57082,13706,1019,1,260.0,0.05
57083,13707,1016,1,210.0,0.0
57084,13708,1001,1,450.0,0.0
57085,13709,1002,1,680.0,0.0
57086,13709,1015,1,890.0,0.05
57087,13709,1007,1,75.0,0.0
57088,13710,1001,1,450.0,0.0
57089,13711,1011,1,520.0,0.0
57090,13712,1018,1,175.0,0.0
57091,13712,1008,1,240.0,0.15
57092,13712,1011,1,520.0,0.05
57093,13713,1004,1,160.0,0.1
57094,13714,1009,1,320.0,0.2
57095,13714,1011,1,520.0,0.2
57096,13715,1014,1,149.0,0.15
57097,13715,1011,1,520.0,0.05
57098,13715,1002,1,680.0,0.15
57099,13716,1017,1,45.0,0.0
57100,13716,1003,1,89.0,0.1
57101,13716,1014,2,149.0,0.1
57102,13716,1018,1,175.0,0.1
57103,13716,1002,1,680.0,0.0
57104,13717,1015,1,890.0,0.05
57105,13718,1011,1,520.0,0.05
57106,13718,1020,1,310.0,0.05
57107,13718,1018,2,175.0,0.0
57108,13719,1010,3,119.0,0.0
57109,13719,1003,2,89.0,0.0
57110,13720,1013,1,95.0,0.15
57111,13720,1006,1,130.0,0.0
57112,13720,1020,1,310.0,0.05
57113,13721,1011,1,520.0,0.0
57114,13722,1013,1,95.0,0.1
57115,13723,1018,1,175.0,0.1
57116,13724,1008,1,240.0,0.0
57117,13725,1001,1,450.0,0.15
57118,13725,1017,2,45.0,0.0
57119,13726,1016,1,210.0,0.05
57120,13726,1014,2,149.0,0.15
57121,13726,1012,1,49.0,0.0
57122,13726,1001,1,450.0,0.0
57123,13727,1015,1,890.0,0.1
57124,13728,1013,2,95.0,0.0
57125,13728,1020,1,310.0,0.05
57126,13729,1002,1,680.0,0.0
57127,13729,1016,2,210.0,0.0
57128,13729,1020,1,310.0,0.0
57129,13730,1016,1,210.0,0.1
57130,13730,1011,2,520.0,0.0
57131,13731,1008,1,240.0,0.0
57132,13731,1009,1,320.0,0.0
57133,13731,1016,1,210.0,0.05
57134,13732,1009,1,320.0,0.05
57135,13733,1015,3,890.0,0.0
57136,13733,1007,1,75.0,0.0
57137,13734,1012,1,49.0,0.0
57138,13735,1019,1,260.0,0.05
57139,13735,1003,1,89.0,0.0
57140,13736,1001,1,450.0,0.1
57141,13737,1020,2,310.0,0.25
57142,13738,1005,2,55.0,0.0
57143,13739,1015,1,890.0,0.15
57144,13740,1004,2,160.0,0.0
57145,13741,1003,1,89.0,0.0
57146,13742,1011,1,520.0,0.2
57147,13743,1011,1,520.0,0.0
57148,13743,1009,1,320.0,0.0
57149,13744,1014,2,149.0,0.0
57150,13744,1019,1,260.0,0.0
57151,13745,1017,3,45.0,0.2
57152,13746,1011,1,520.0,0.0
57153,13746,1003,1,89.0,0.0
57154,13747,1016,1,210.0,0.15
57155,13748,1003,1,89.0,0.0
57156,13748,1018,1,175.0,0.05
57157,13749,1009,1,320.0,0.0
57158,13750,1008,1,240.0,0.1
57159,13750,1009,1,320.0,0.0
57160,13750,1002,1,680.0,0.0
57161,13751,1017,1,45.0,0.0
57162,13752,1015,1,890.0,0.05
57163,13752,1011,2,520.0,0.0
57164,13753,1020,1,310.0,0.15
57165,13754,1005,2,55.0,0.0
57166,13754,1006,1,130.0,0.0
57167,13755,1009,1,320.0,0.0
57168,13755,1018,1,175.0,0.05
57169,13755,1015,1,890.0,0.05
57170,13756,1009,1,320.0,0.1
57171,13757,1008,4,240.0,0.2
57172,13758,1010,2,119.0,0.3
57173,13759,1018,1,175.0,0.0
57174,13760,1013,1,95.0,0.2
57175,13760,1019,1,260.0,0.0
57176,13760,1003,1,89.0,0.0
57177,13760,1012,1,49.0,0.1
57178,13761,1010,3,119.0,0.1
57179,13761,1005,1,55.0,0.05
57180,13762,1011,1,520.0,0.0
57181,13763,1010,2,119.0,0.05
57182,13764,1003,1,89.0,0.0
57183,13764,1012,1,49.0,0.15
57184,13764,1018,1,175.0,0.0
57185,13765,1017,1,45.0,0.05
57186,13765,1007,1,75.0,0.0
57187,13765,1004,1,160.0,0.0
57188,13766,1016,1,210.0,0.0
57189,13766,1014,1,149.0,0.15
57190,13767,1010,1,119.0,0.05
57191,13767,1015,1,890.0,0.05
57192,13768,1005,1,55.0,0.15
57193,13768,1011,1,520.0,0.0
57194,13768,1015,2,890.0,0.15
57195,13769,1009,3,320.0,0.0
57196,13770,1009,1,320.0,0.1
57197,13770,1013,2,95.0,0.0
57198,13771,1019,1,260.0,0.2
57199,13771,1018,1,175.0,0.0
57200,13772,1004,1,160.0,0.0
57201,13773,1004,1,160.0,0.1
57202,13774,1014,1,149.0,0.1
57203,13775,1005,2,55.0,0.1
57204,13775,1001,1,450.0,0.0
57205,13775,1015,4,890.0,0.0
57206,13776,1016,3,210.0,0.1
57207,13777,1016,1,210.0,0.1
57208,13777,1005,2,55.0,0.15
57209,13777,1011,1,520.0,0.2
57210,13778,1016,1,210.0,0.0
57211,13779,1014,1,149.0,0.0
57212,13780,1017,1,45.0,0.05
57213,13780,1009,1,320.0,0.0
57214,13781,1009,1,320.0,0.05
57215,13782,1007,2,75.0,0.1
57216,13782,1006,2,130.0,0.0
57217,13782,1019,1,260.0,0.15
57218,13783,1001,1,450.0,0.0
57219,13783,1007,2,75.0,0.0
57220,13784,1016,1,210.0,0.15
57221,13784,1011,2,520.0,0.2
57222,13784,1005,1,55.0,0.25
57223,13785,1007,1,75.0,0.2
57224,13785,1009,1,320.0,0.0
57225,13786,1007,1,75.0,0.0
57226,13787,1018,2,175.0,0.0
57227,13787,1011,1,520.0,0.05
57228,13788,1020,1,310.0,0.0
57229,13788,1013,2,95.0,0.1
57230,13789,1018,1,175.0,0.0
57231,13789,1017,3,45.0,0.05
57232,13790,1004,1,160.0,0.0
57233,13790,1011,1,520.0,0.0
57234,13791,1009,1,320.0,0.15
57235,13791,1019,3,260.0,0.0
57236,13792,1013,1,95.0,0.1
57237,13792,1012,1,49.0,0.0
57238,13792,1004,1,160.0,0.0
57239,13792,1006,1,130.0,0.0
57240,13792,1014,1,149.0,0.1
57241,13793,1020,1,310.0,0.15
57242,13794,1007,1,75.0,0.3
57243,13794,1002,1,680.0,0.0
57244,13795,1009,1,320.0,0.1
57245,13796,1013,1,95.0,0.1
57246,13797,1006,2,130.0,0.0
57247,13798,1001,1,450.0,0.1
57248,13799,1018,2,175.0,0.0
57249,13799,1005,3,55.0,0.0
57250,13799,1013,1,95.0,0.0
57251,13800,1001,1,450.0,0.0
57252,13801,1020,1,310.0,0.1
57253,13801,1018,1,175.0,0.0
57254,13802,1015,1,890.0,0.0
57255,13803,1017,1,45.0,0.0
57256,13803,1019,1,260.0,0.15
57257,13803,1007,1,75.0,0.1
57258,13804,1010,1,119.0,0.1
57259,13805,1012,1,49.0,0.1
57260,13805,1009,1,320.0,0.25
57261,13806,1002,1,680.0,0.1
57262,13806,1017,1,45.0,0.15
57263,13807,1015,1,890.0,0.1
57264,13807,1001,2,450.0,0.05
57265,13807,1007,1,75.0,0.1
57266,13808,1017,3,45.0,0.1
57267,13808,1016,1,210.0,0.15
57268,13808,1013,1,95.0,0.15
57269,13809,1008,1,240.0,0.05
57270,13810,1013,1,95.0,0.0
57271,13811,1008,2,240.0,0.3
57272,13812,1014,2,149.0,0.0
57273,13812,1006,1,130.0,0.0
57274,13813,1009,1,320.0,0.05
57275,13813,1014,1,149.0,0.1
57276,13814,1014,1,149.0,0.0
57277,13815,1011,1,520.0,0.0
57278,13815,1008,1,240.0,0.0
57279,13816,1018,1,175.0,0.0
57280,13816,1007,1,75.0,0.0
57281,13816,1015,1,890.0,0.0
57282,13817,1004,2,160.0,0.0
57283,13817,1005,1,55.0,0.0
57284,13817,1002,1,680.0,0.1
57285,13817,1009,1,320.0,0.0
57286,13818,1005,2,55.0,0.2
57287,13818,1020,3,310.0,0.0
57288,13818,1006,1,130.0,0.05
57289,13818,1007,1,75.0,0.25
57290,13819,1015,3,890.0,0.15
57291,13819,1019,1,260.0,0.0
57292,13820,1019,1,260.0,0.05
57293,13820,1007,1,75.0,0.0
57294,13820,1016,1,210.0,0.0
57295,13821,1007,1,75.0,0.15
57296,13822,1011,2,520.0,0.2
57297,13822,1002,1,680.0,0.1
57298,13823,1007,1,75.0,0.15
57299,13823,1014,1,149.0,0.1
57300,13824,1001,1,450.0,0.15
57301,13825,1015,1,890.0,0.2
57302,13825,1007,1,75.0,0.1
57303,13825,1013,1,95.0,0.0
57304,13825,1003,1,89.0,0.2
57305,13826,1003,1,89.0,0.25
57306,13826,1001,1,450.0,0.1
57307,13827,1008,1,240.0,0.1
57308,13828,1007,4,75.0,0.0
57309,13828,1005,2,55.0,0.05
57310,13828,1002,2,680.0,0.0
57311,13828,1003,1,89.0,0.05
57312,13828,1018,1,175.0,0.1
57313,13829,1002,1,680.0,0.05
57314,13829,1003,1,89.0,0.0
57315,13830,1011,1,520.0,0.0
57316,13831,1018,1,175.0,0.05
57317,13831,1009,1,320.0,0.1
57318,13832,1010,3,119.0,0.05
57319,13832,1020,2,310.0,0.15
57320,13832,1003,2,89.0,0.2
57321,13833,1015,1,890.0,0.0
57322,13833,1006,1,130.0,0.0
57323,13834,1003,1,89.0,0.2
57324,13835,1019,1,260.0,0.0
57325,13836,1011,1,520.0,0.0
57326,13836,1004,2,160.0,0.1
57327,13837,1012,1,49.0,0.0
57328,13837,1009,1,320.0,0.1
57329,13837,1014,1,149.0,0.1
57330,13837,1001,1,450.0,0.15
57331,13838,1001,2,450.0,0.1
57332,13838,1017,2,45.0,0.0
57333,13839,1008,1,240.0,0.0
57334,13840,1016,1,210.0,0.0
57335,13841,1001,1,450.0,0.05
57336,13842,1017,1,45.0,0.05
57337,13842,1007,1,75.0,0.0
57338,13842,1006,1,130.0,0.0
57339,13843,1004,1,160.0,0.1
57340,13843,1017,2,45.0,0.05
57341,13844,1007,1,75.0,0.15
57342,13844,1008,1,240.0,0.2
57343,13845,1012,4,49.0,0.0
57344,13845,1017,1,45.0,0.1
57345,13846,1020,1,310.0,0.25
57346,13846,1009,1,320.0,0.15
57347,13847,1006,2,130.0,0.1
57348,13848,1018,1,175.0,0.05
57349,13849,1007,1,75.0,0.0
57350,13850,1012,1,49.0,0.2
57351,13851,1012,1,49.0,0.0
57352,13851,1004,1,160.0,0.0
57353,13852,1001,1,450.0,0.05
57354,13853,1001,1,450.0,0.15
57355,13854,1020,1,310.0,0.05
57356,13855,1015,1,890.0,0.3
57357,13855,1011,1,520.0,0.3
57358,13855,1007,2,75.0,0.05
57359,13856,1002,1,680.0,0.0
57360,13856,1020,2,310.0,0.0
57361,13856,1005,1,55.0,0.1
57362,13857,1009,1,320.0,0.2
57363,13857,1010,1,119.0,0.1
57364,13857,1016,1,210.0,0.15
57365,13857,1015,1,890.0,0.0
57366,13858,1012,2,49.0,0.1
57367,13858,1015,2,890.0,0.0
57368,13858,1001,1,450.0,0.0
57369,13859,1019,1,260.0,0.1
57370,13860,1008,1,240.0,0.2
57371,13861,1008,1,240.0,0.0
57372,13861,1001,1,450.0,0.0
57373,13862,1012,1,49.0,0.0
57374,13863,1009,1,320.0,0.0
57375,13863,1017,1,45.0,0.2
57376,13863,1010,3,119.0,0.1
57377,13863,1018,1,175.0,0.0
57378,13864,1017,1,45.0,0.2
57379,13864,1018,1,175.0,0.2
57380,13865,1001,2,450.0,0.1
57381,13865,1016,2,210.0,0.0
57382,13865,1008,1,240.0,0.0
57383,13866,1018,1,175.0,0.0
57384,13867,1005,1,55.0,0.0
57385,13867,1016,2,210.0,0.0
57386,13867,1002,3,680.0,0.0
57387,13868,1009,1,320.0,0.0
57388,13868,1012,1,49.0,0.15
57389,13869,1018,2,175.0,0.15
57390,13869,1001,2,450.0,0.0
57391,13870,1009,1,320.0,0.1
57392,13870,1019,1,260.0,0.05
57393,13871,1005,1,55.0,0.2
57394,13871,1010,1,119.0,0.25
57395,13871,1002,1,680.0,0.0
57396,13872,1011,1,520.0,0.15
57397,13873,1009,1,320.0,0.2
57398,13874,1009,1,320.0,0.15
57399,13874,1019,1,260.0,0.3
57400,13875,1012,1,49.0,0.1
57401,13876,1015,1,890.0,0.05
57402,13877,1007,1,75.0,0.05
57403,13877,1008,1,240.0,0.0
57404,13878,1006,1,130.0,0.0
57405,13878,1004,1,160.0,0.05
57406,13879,1009,2,320.0,0.05
57407,13879,1006,1,130.0,0.0
57408,13879,1018,1,175.0,0.05
57409,13880,1010,1,119.0,0.05
57410,13881,1015,1,890.0,0.15
57411,13881,1003,2,89.0,0.2
57412,13881,1017,1,45.0,0.0
57413,13882,1008,1,240.0,0.0
57414,13883,1019,1,260.0,0.05
57415,13883,1009,1,320.0,0.0
57416,13883,1003,1,89.0,0.0
57417,13883,1010,3,119.0,0.05
57418,13883,1020,1,310.0,0.05
57419,13884,1005,1,55.0,0.05
57420,13884,1009,2,320.0,0.15
57421,13885,1007,1,75.0,0.15
57422,13886,1012,1,49.0,0.0
57423,13886,1014,1,149.0,0.05
57424,13886,1008,2,240.0,0.0
57425,13887,1011,1,520.0,0.0
57426,13888,1010,2,119.0,0.05
57427,13889,1009,1,320.0,0.1
57428,13890,1004,2,160.0,0.15
57429,13890,1013,1,95.0,0.05
57430,13890,1014,1,149.0,0.0
57431,13891,1013,2,95.0,0.0
57432,13891,1008,1,240.0,0.0
57433,13891,1014,1,149.0,0.0
57434,13891,1016,1,210.0,0.0
57435,13891,1015,2,890.0,0.0
57436,13892,1007,3,75.0,0.0
57437,13893,1005,2,55.0,0.1
57438,13894,1016,2,210.0,0.0
57439,13894,1019,1,260.0,0.0
57440,13894,1017,1,45.0,0.0
57441,13894,1013,1,95.0,0.1
57442,13894,1004,1,160.0,0.2
57443,13895,1013,1,95.0,0.25
57444,13896,1006,2,130.0,0.05
57445,13897,1019,1,260.0,0.3
57446,13898,1006,2,130.0,0.0
57447,13898,1013,1,95.0,0.0
57448,13899,1011,1,520.0,0.25
57449,13900,1005,1,55.0,0.05
57450,13901,1019,1,260.0,0.15
57451,13901,1014,2,149.0,0.0
57452,13901,1015,1,890.0,0.2
57453,13902,1004,1,160.0,0.0
57454,13903,1002,1,680.0,0.0
57455,13904,1007,1,75.0,0.0
57456,13904,1017,1,45.0,0.0
57457,13904,1006,1,130.0,0.0
57458,13905,1004,1,160.0,0.2
57459,13905,1005,1,55.0,0.0
57460,13906,1007,1,75.0,0.0
57461,13907,1013,1,95.0,0.15
57462,13908,1020,1,310.0,0.0
57463,13909,1015,1,890.0,0.0
57464,13909,1002,4,680.0,0.0
57465,13910,1016,1,210.0,0.0
57466,13911,1009,1,320.0,0.1
57467,13911,1014,2,149.0,0.05
57468,13912,1001,1,450.0,0.0
57469,13912,1007,2,75.0,0.15
57470,13913,1018,1,175.0,0.1
57471,13913,1016,2,210.0,0.0
57472,13913,1011,1,520.0,0.0
57473,13913,1003,1,89.0,0.15
57474,13914,1016,1,210.0,0.1
57475,13914,1007,2,75.0,0.0
57476,13915,1014,1,149.0,0.0
57477,13915,1010,1,119.0,0.0
57478,13916,1018,3,175.0,0.05
57479,13917,1016,1,210.0,0.1
57480,13918,1015,1,890.0,0.2
57481,13918,1010,1,119.0,0.0
57482,13918,1013,1,95.0,0.15
57483,13919,1007,1,75.0,0.0
57484,13919,1003,1,89.0,0.1
57485,13920,1015,1,890.0,0.0
57486,13920,1009,1,320.0,0.15
57487,13920,1002,2,680.0,0.1
57488,13920,1008,1,240.0,0.2
57489,13920,1011,1,520.0,0.0
57490,13921,1008,4,240.0,0.0
57491,13922,1018,1,175.0,0.0
57492,13922,1019,1,260.0,0.0
57493,13922,1005,2,55.0,0.0
57494,13922,1020,1,310.0,0.0
57495,13923,1002,1,680.0,0.0
57496,13924,1012,1,49.0,0.15
57497,13924,1013,4,95.0,0.2
57498,13924,1004,1,160.0,0.2
57499,13925,1020,2,310.0,0.0
57500,13926,1018,1,175.0,0.15
57501,13926,1011,1,520.0,0.0
57502,13927,1017,1,45.0,0.0
57503,13927,1003,1,89.0,0.05
57504,13928,1012,1,49.0,0.05
57505,13929,1011,2,520.0,0.15
57506,13929,1017,3,45.0,0.05
57507,13930,1018,1,175.0,0.0
57508,13931,1010,1,119.0,0.0
57509,13931,1009,1,320.0,0.05
57510,13931,1001,1,450.0,0.05
57511,13932,1017,2,45.0,0.05
57512,13932,1019,1,260.0,0.0
57513,13932,1001,3,450.0,0.1
57514,13932,1006,1,130.0,0.0
57515,13932,1018,1,175.0,0.1
57516,13933,1005,1,55.0,0.1
57517,13934,1015,1,890.0,0.0
57518,13934,1019,1,260.0,0.15
57519,13934,1004,1,160.0,0.1
57520,13934,1008,2,240.0,0.15
57521,13935,1016,1,210.0,0.0
57522,13936,1009,1,320.0,0.2
57523,13937,1003,1,89.0,0.0
57524,13937,1001,2,450.0,0.0
57525,13937,1020,1,310.0,0.0
57526,13938,1011,1,520.0,0.05
57527,13938,1004,2,160.0,0.0
57528,13939,1006,3,130.0,0.15
57529,13940,1015,1,890.0,0.25
57530,13941,1003,1,89.0,0.05
57531,13942,1006,1,130.0,0.05
57532,13943,1017,1,45.0,0.15
57533,13944,1005,1,55.0,0.05
57534,13944,1009,1,320.0,0.15
57535,13944,1013,2,95.0,0.0
57536,13945,1009,1,320.0,0.1
57537,13946,1015,1,890.0,0.0
57538,13946,1016,2,210.0,0.05
57539,13946,1007,1,75.0,0.0
57540,13946,1005,1,55.0,0.0
57541,13946,1008,1,240.0,0.0
57542,13947,1012,1,49.0,0.15
57543,13948,1014,1,149.0,0.2
57544,13948,1012,2,49.0,0.15
57545,13948,1017,1,45.0,0.0
57546,13948,1006,1,130.0,0.15
57547,13949,1002,1,680.0,0.0
57548,13949,1006,1,130.0,0.0
57549,13950,1009,1,320.0,0.0
57550,13951,1013,1,95.0,0.05
57551,13952,1015,2,890.0,0.2
57552,13953,1007,1,75.0,0.0
57553,13953,1003,1,89.0,0.0
57554,13953,1020,1,310.0,0.0
57555,13954,1006,1,130.0,0.1
57556,13954,1010,2,119.0,0.0
57557,13954,1020,2,310.0,0.1
57558,13954,1009,1,320.0,0.15
57559,13955,1004,1,160.0,0.1
57560,13956,1019,1,260.0,0.0
57561,13957,1018,1,175.0,0.1
57562,13958,1018,1,175.0,0.15
57563,13958,1014,3,149.0,0.1
57564,13958,1016,1,210.0,0.0
57565,13958,1007,1,75.0,0.0
57566,13959,1020,2,310.0,0.0
57567,13959,1007,1,75.0,0.0
57568,13959,1018,1,175.0,0.15
57569,13959,1014,1,149.0,0.15
57570,13960,1001,3,450.0,0.05
57571,13960,1004,1,160.0,0.0
57572,13960,1014,1,149.0,0.1
57573,13961,1008,1,240.0,0.0
57574,13962,1011,1,520.0,0.0
57575,13962,1010,1,119.0,0.0
57576,13962,1008,1,240.0,0.05
57577,13962,1012,2,49.0,0.0
57578,13963,1002,1,680.0,0.0
57579,13964,1013,1,95.0,0.1
57580,13964,1014,1,149.0,0.0
57581,13965,1020,2,310.0,0.0
57582,13965,1006,1,130.0,0.1
57583,13965,1017,2,45.0,0.2
57584,13966,1012,1,49.0,0.0
57585,13966,1009,1,320.0,0.0
57586,13967,1008,1,240.0,0.1
57587,13967,1013,2,95.0,0.0
57588,13968,1010,1,119.0,0.05
57589,13969,1003,1,89.0,0.0
57590,13970,1020,1,310.0,0.1
57591,13970,1013,2,95.0,0.05
57592,13970,1010,2,119.0,0.15
57593,13970,1002,1,680.0,0.2
57594,13971,1010,1,119.0,0.0
57595,13971,1016,1,210.0,0.0
57596,13971,1008,1,240.0,0.05
57597,13972,1004,2,160.0,0.1
57598,13973,1012,2,49.0,0.15
57599,13974,1019,2,260.0,0.1
57600,13975,1008,1,240.0,0.2
57601,13975,1018,1,175.0,0.15
57602,13975,1001,1,450.0,0.2
57603,13976,1003,1,89.0,0.15
57604,13976,1011,1,520.0,0.1
57605,13977,1003,4,89.0,0.1
57606,13977,1007,2,75.0,0.15
57607,13977,1001,2,450.0,0.05
57608,13977,1005,1,55.0,0.0
57609,13978,1019,1,260.0,0.0
57610,13979,1002,1,680.0,0.1
57611,13980,1014,1,149.0,0.05
57612,13980,1016,2,210.0,0.0
57613,13981,1007,3,75.0,0.0
57614,13982,1019,1,260.0,0.0
57615,13983,1020,1,310.0,0.05
57616,13983,1015,4,890.0,0.25
57617,13984,1020,2,310.0,0.1
57618,13985,1013,1,95.0,0.0
57619,13986,1013,2,95.0,0.0
57620,13986,1012,2,49.0,0.0
57621,13987,1011,1,520.0,0.2
57622,13987,1006,2,130.0,0.25
57623,13988,1010,1,119.0,0.0
57624,13988,1004,1,160.0,0.1
57625,13989,1013,4,95.0,0.15
57626,13990,1014,1,149.0,0.3
57627,13991,1016,1,210.0,0.0
57628,13992,1009,1,320.0,0.0
57629,13993,1004,1,160.0,0.05
57630,13993,1014,2,149.0,0.0
57631,13994,1005,1,55.0,0.0
57632,13994,1002,1,680.0,0.0
57633,13994,1018,2,175.0,0.15
57634,13995,1009,1,320.0,0.2
57635,13995,1016,1,210.0,0.0
57636,13996,1015,1,890.0,0.3
57637,13997,1010,2,119.0,0.1
57638,13998,1020,1,310.0,0.0
57639,13999,1001,2,450.0,0.25
57640,13999,1004,1,160.0,0.15
57641,14000,1017,1,45.0,0.25
57642,14001,1012,2,49.0,0.0
57643,14001,1014,1,149.0,0.1
57644,14001,1016,2,210.0,0.15
57645,14002,1019,1,260.0,0.0
57646,14002,1012,1,49.0,0.0
57647,14002,1006,2,130.0,0.0
57648,14002,1018,1,175.0,0.0
57649,14003,1005,1,55.0,0.1
57650,14003,1020,2,310.0,0.15
57651,14004,1018,1,175.0,0.2
57652,14004,1006,1,130.0,0.0
57653,14005,1012,1,49.0,0.0
57654,14006,1004,3,160.0,0.0
57655,14006,1015,1,890.0,0.0
57656,14007,1005,2,55.0,0.2
57657,14007,1009,1,320.0,0.05
57658,14007,1020,1,310.0,0.0
57659,14008,1001,1,450.0,0.0
57660,14009,1019,2,260.0,0.1
57661,14009,1018,1,175.0,0.1
57662,14010,1008,1,240.0,0.15
57663,14010,1016,1,210.0,0.05
57664,14011,1002,1,680.0,0.0
57665,14011,1005,2,55.0,0.05
57666,14011,1019,1,260.0,0.1
57667,14012,1019,1,260.0,0.1
57668,14012,1003,2,89.0,0.0
57669,14012,1010,2,119.0,0.2
57670,14013,1003,1,89.0,0.0
57671,14013,1017,1,45.0,0.0
57672,14013,1006,1,130.0,0.0
57673,14013,1008,2,240.0,0.0
57674,14013,1002,2,680.0,0.0
57675,14014,1013,2,95.0,0.05
57676,14014,1017,1,45.0,0.05
57677,14015,1015,2,890.0,0.15
57678,14016,1008,2,240.0,0.05
57679,14017,1010,3,119.0,0.0
57680,14018,1011,2,520.0,0.0
57681,14019,1009,1,320.0,0.05
57682,14020,1001,1,450.0,0.0
57683,14020,1017,1,45.0,0.0
57684,14020,1019,1,260.0,0.05
57685,14020,1005,1,55.0,0.0
57686,14021,1013,1,95.0,0.1
57687,14022,1016,1,210.0,0.2
57688,14022,1020,2,310.0,0.1
57689,14023,1009,1,320.0,0.0
57690,14024,1005,1,55.0,0.15
57691,14024,1004,1,160.0,0.3
57692,14024,1017,1,45.0,0.15
57693,14025,1003,1,89.0,0.0
57694,14025,1013,1,95.0,0.05
57695,14026,1010,2,119.0,0.0
57696,14026,1019,1,260.0,0.05
57697,14027,1009,2,320.0,0.25
57698,14028,1014,2,149.0,0.15
57699,14029,1012,1,49.0,0.15
57700,14029,1004,3,160.0,0.05
57701,14029,1008,1,240.0,0.0
57702,14029,1007,1,75.0,0.0
57703,14030,1016,1,210.0,0.15
57704,14031,1006,1,130.0,0.15
57705,14031,1002,4,680.0,0.1
57706,14032,1004,1,160.0,0.05
57707,14032,1013,1,95.0,0.2
57708,14033,1001,3,450.0,0.05
57709,14033,1007,3,75.0,0.05
57710,14034,1013,1,95.0,0.0
57711,14035,1013,1,95.0,0.1
57712,14035,1019,3,260.0,0.0
57713,14036,1007,1,75.0,0.15
57714,14037,1014,2,149.0,0.0
57715,14037,1011,1,520.0,0.0
57716,14037,1015,1,890.0,0.05
57717,14038,1008,3,240.0,0.1
57718,14038,1014,1,149.0,0.2
57719,14038,1009,1,320.0,0.25
57720,14039,1016,2,210.0,0.0
57721,14040,1010,1,119.0,0.0
57722,14040,1003,4,89.0,0.0
57723,14041,1001,3,450.0,0.2
57724,14042,1005,1,55.0,0.1
57725,14042,1004,3,160.0,0.1
57726,14043,1015,1,890.0,0.0
57727,14044,1001,1,450.0,0.15
57728,14045,1006,1,130.0,0.15
57729,14046,1003,1,89.0,0.0
57730,14046,1019,1,260.0,0.0
57731,14046,1010,1,119.0,0.0
57732,14047,1013,1,95.0,0.1
57733,14048,1008,1,240.0,0.15
57734,14048,1016,1,210.0,0.0
57735,14049,1014,1,149.0,0.1
57736,14049,1006,2,130.0,0.0
57737,14050,1010,1,119.0,0.15
57738,14050,1019,2,260.0,0.05
57739,14051,1010,1,119.0,0.15
57740,14052,1017,4,45.0,0.15
57741,14053,1009,1,320.0,0.0
57742,14053,1020,1,310.0,0.15
57743,14054,1003,1,89.0,0.0
57744,14055,1001,2,450.0,0.0
57745,14056,1009,1,320.0,0.0
57746,14056,1006,1,130.0,0.0
57747,14057,1001,1,450.0,0.0
57748,14058,1015,1,890.0,0.0
57749,14058,1020,1,310.0,0.05
57750,14059,1015,1,890.0,0.0
57751,14059,1008,1,240.0,0.15
57752,14060,1019,1,260.0,0.2
57753,14060,1012,1,49.0,0.2
57754,14061,1020,1,310.0,0.0
57755,14062,1010,1,119.0,0.0
57756,14062,1008,1,240.0,0.1
57757,14062,1018,1,175.0,0.15
57758,14062,1016,1,210.0,0.05
57759,14063,1012,1,49.0,0.1
57760,14063,1002,1,680.0,0.0
57761,14064,1012,3,49.0,0.1
57762,14065,1011,1,520.0,0.1
57763,14065,1009,2,320.0,0.1
57764,14066,1002,2,680.0,0.2
57765,14067,1013,1,95.0,0.0
57766,14067,1018,1,175.0,0.0
57767,14067,1008,4,240.0,0.0
57768,14067,1011,1,520.0,0.0
57769,14068,1019,1,260.0,0.0
57770,14068,1011,1,520.0,0.05
57771,14068,1001,1,450.0,0.0
57772,14069,1007,1,75.0,0.2
57773,14069,1010,1,119.0,0.0
57774,14069,1004,1,160.0,0.0
57775,14070,1007,4,75.0,0.1
57776,14070,1014,1,149.0,0.05
57777,14071,1002,1,680.0,0.05
57778,14071,1018,4,175.0,0.0
57779,14072,1015,1,890.0,0.15
57780,14072,1016,1,210.0,0.1
57781,14072,1018,1,175.0,0.15
57782,14073,1017,2,45.0,0.2
57783,14073,1020,1,310.0,0.0
57784,14073,1010,1,119.0,0.0
57785,14073,1007,1,75.0,0.1
57786,14074,1009,1,320.0,0.0
57787,14075,1017,1,45.0,0.0
57788,14075,1009,2,320.0,0.0
57789,14076,1017,1,45.0,0.05
57790,14076,1001,1,450.0,0.05
57791,14076,1003,2,89.0,0.0
57792,14076,1011,1,520.0,0.0
57793,14076,1008,1,240.0,0.0
57794,14077,1013,1,95.0,0.05
57795,14077,1002,1,680.0,0.05
57796,14077,1004,1,160.0,0.0
57797,14077,1016,1,210.0,0.15
57798,14078,1003,2,89.0,0.0
57799,14078,1010,1,119.0,0.0
57800,14078,1006,1,130.0,0.05
57801,14078,1013,2,95.0,0.05
57802,14079,1006,1,130.0,0.0
57803,14080,1017,1,45.0,0.2
57804,14081,1001,1,450.0,0.0
57805,14081,1020,2,310.0,0.15
57806,14081,1006,1,130.0,0.05
57807,14082,1012,1,49.0,0.0
57808,14082,1016,1,210.0,0.0
57809,14083,1006,1,130.0,0.2
57810,14083,1016,1,210.0,0.0
57811,14084,1016,1,210.0,0.05
57812,14084,1018,1,175.0,0.1
57813,14084,1003,1,89.0,0.1
57814,14084,1007,2,75.0,0.1
57815,14084,1014,2,149.0,0.1
57816,14085,1020,1,310.0,0.05
57817,14085,1010,2,119.0,0.0
57818,14086,1020,1,310.0,0.2
57819,14086,1017,1,45.0,0.15
57820,14086,1016,2,210.0,0.2
57821,14087,1015,1,890.0,0.0
57822,14088,1010,1,119.0,0.1
57823,14088,1013,2,95.0,0.1
57824,14088,1009,1,320.0,0.0
57825,14089,1017,1,45.0,0.15
57826,14089,1003,1,89.0,0.1
57827,14090,1017,1,45.0,0.25
57828,14091,1019,1,260.0,0.0
57829,14092,1007,1,75.0,0.05
57830,14093,1007,2,75.0,0.0
57831,14093,1006,1,130.0,0.0
57832,14093,1009,1,320.0,0.2
57833,14093,1016,1,210.0,0.05
57834,14093,1002,1,680.0,0.0
57835,14094,1015,1,890.0,0.1
57836,14094,1008,1,240.0,0.1
57837,14094,1007,1,75.0,0.05
57838,14094,1001,1,450.0,0.15
57839,14094,1003,1,89.0,0.0
57840,14095,1003,1,89.0,0.1
57841,14095,1015,1,890.0,0.0
57842,14096,1010,2,119.0,0.0
57843,14096,1016,1,210.0,0.1
57844,14096,1006,4,130.0,0.1
57845,14097,1011,1,520.0,0.15
57846,14097,1003,2,89.0,0.0
57847,14098,1011,1,520.0,0.0
57848,14099,1008,1,240.0,0.1
57849,14099,1004,1,160.0,0.1
57850,14100,1009,1,320.0,0.15
57851,14101,1014,1,149.0,0.1
57852,14101,1016,1,210.0,0.05
57853,14101,1002,2,680.0,0.1
57854,14102,1018,4,175.0,0.15
57855,14103,1003,3,89.0,0.0
57856,14103,1011,1,520.0,0.0
57857,14103,1010,1,119.0,0.1
57858,14104,1016,4,210.0,0.1
57859,14105,1009,1,320.0,0.05
57860,14106,1010,1,119.0,0.0
57861,14106,1001,2,450.0,0.0
57862,14107,1013,1,95.0,0.0
57863,14108,1002,1,680.0,0.25
57864,14108,1004,1,160.0,0.1
57865,14109,1015,2,890.0,0.1
57866,14110,1006,1,130.0,0.0
57867,14111,1005,2,55.0,0.15
57868,14111,1015,1,890.0,0.05
57869,14112,1019,1,260.0,0.25
57870,14113,1012,2,49.0,0.1
57871,14113,1002,1,680.0,0.05
57872,14113,1017,2,45.0,0.1
57873,14114,1014,1,149.0,0.15
57874,14114,1016,2,210.0,0.2
57875,14114,1005,3,55.0,0.05
57876,14114,1010,3,119.0,0.25
57877,14115,1015,1,890.0,0.0
57878,14116,1016,1,210.0,0.1
57879,14117,1006,2,130.0,0.0
57880,14118,1005,1,55.0,0.0
57881,14119,1009,1,320.0,0.0
57882,14119,1002,1,680.0,0.15
57883,14120,1017,1,45.0,0.0
57884,14120,1007,1,75.0,0.0
57885,14120,1004,1,160.0,0.0
57886,14121,1011,1,520.0,0.2
57887,14121,1010,1,119.0,0.2
57888,14121,1012,1,49.0,0.1
57889,14122,1004,1,160.0,0.05
57890,14122,1016,1,210.0,0.0
57891,14122,1009,1,320.0,0.15
57892,14122,1017,1,45.0,0.3
57893,14122,1010,1,119.0,0.0
57894,14123,1016,1,210.0,0.15
57895,14123,1010,1,119.0,0.15
57896,14123,1005,2,55.0,0.25
57897,14123,1013,1,95.0,0.15
57898,14124,1002,2,680.0,0.0
57899,14125,1014,1,149.0,0.0
57900,14126,1019,1,260.0,0.2
57901,14127,1019,2,260.0,0.15
57902,14128,1015,1,890.0,0.0
57903,14128,1005,2,55.0,0.0
57904,14128,1016,1,210.0,0.15
57905,14129,1010,1,119.0,0.05
57906,14130,1005,2,55.0,0.0
57907,14131,1018,2,175.0,0.25
57908,14131,1003,1,89.0,0.15
57909,14132,1017,2,45.0,0.15
57910,14133,1016,1,210.0,0.1
57911,14134,1011,1,520.0,0.2
57912,14134,1015,1,890.0,0.0
57913,14134,1004,2,160.0,0.2
57914,14135,1008,1,240.0,0.05
57915,14136,1007,1,75.0,0.0
57916,14136,1016,1,210.0,0.0
57917,14136,1003,1,89.0,0.0
57918,14136,1017,3,45.0,0.0
57919,14137,1011,1,520.0,0.05
57920,14137,1013,1,95.0,0.05
57921,14138,1017,1,45.0,0.2
57922,14139,1005,1,55.0,0.0
57923,14140,1010,1,119.0,0.0
57924,14140,1020,1,310.0,0.0
57925,14140,1005,1,55.0,0.0
57926,14141,1002,1,680.0,0.3
57927,14141,1020,1,310.0,0.0
57928,14142,1019,4,260.0,0.0
57929,14142,1011,3,520.0,0.0
57930,14142,1002,2,680.0,0.25
57931,14142,1007,1,75.0,0.15
57932,14143,1002,1,680.0,0.0
57933,14143,1018,3,175.0,0.2
57934,14144,1019,1,260.0,0.1
57935,14145,1003,1,89.0,0.0
57936,14145,1015,2,890.0,0.0
57937,14145,1004,1,160.0,0.0
57938,14145,1014,1,149.0,0.0
57939,14146,1012,1,49.0,0.0
57940,14147,1005,1,55.0,0.0
57941,14147,1003,1,89.0,0.2
57942,14148,1014,3,149.0,0.05
57943,14148,1018,1,175.0,0.0
57944,14148,1016,1,210.0,0.0
57945,14149,1007,1,75.0,0.1
57946,14150,1004,1,160.0,0.0
57947,14151,1009,1,320.0,0.05
57948,14152,1013,1,95.0,0.0
57949,14152,1006,2,130.0,0.0
57950,14152,1003,1,89.0,0.0
57951,14152,1011,3,520.0,0.0
57952,14153,1010,3,119.0,0.05
57953,14153,1009,1,320.0,0.05
57954,14154,1015,1,890.0,0.1
57955,14154,1012,1,49.0,0.0
57956,14155,1007,2,75.0,0.1
57957,14156,1007,1,75.0,0.05
57958,14157,1017,1,45.0,0.05
57959,14157,1011,1,520.0,0.2
57960,14157,1013,1,95.0,0.1
57961,14157,1008,1,240.0,0.0
57962,14158,1016,1,210.0,0.1
57963,14159,1008,1,240.0,0.05
57964,14159,1019,1,260.0,0.15
57965,14159,1009,2,320.0,0.2
57966,14160,1020,2,310.0,0.05
57967,14161,1015,2,890.0,0.05
57968,14162,1006,2,130.0,0.0
57969,14162,1019,1,260.0,0.2
57970,14163,1010,2,119.0,0.0
57971,14163,1007,2,75.0,0.1
57972,14164,1007,1,75.0,0.0
57973,14164,1018,1,175.0,0.0
57974,14164,1005,2,55.0,0.15
57975,14165,1019,1,260.0,0.25
57976,14165,1012,1,49.0,0.15
57977,14166,1015,1,890.0,0.1
57978,14167,1004,2,160.0,0.05
57979,14168,1013,1,95.0,0.0
57980,14168,1004,1,160.0,0.0
57981,14169,1004,1,160.0,0.05
57982,14169,1017,1,45.0,0.0
57983,14169,1001,1,450.0,0.15
57984,14169,1009,1,320.0,0.0
57985,14170,1010,3,119.0,0.15
57986,14170,1015,1,890.0,0.05
57987,14170,1012,1,49.0,0.1
57988,14171,1006,1,130.0,0.0
57989,14172,1017,1,45.0,0.15
57990,14173,1008,4,240.0,0.1
57991,14173,1015,1,890.0,0.1
57992,14174,1009,1,320.0,0.0
57993,14175,1019,3,260.0,0.15
57994,14175,1017,1,45.0,0.15
57995,14175,1020,1,310.0,0.1
57996,14176,1011,2,520.0,0.15
57997,14177,1017,3,45.0,0.15
57998,14177,1015,2,890.0,0.1
57999,14178,1008,1,240.0,0.1
58000,14179,1005,1,55.0,0.05
58001,14179,1007,1,75.0,0.05
58002,14180,1016,1,210.0,0.1
58003,14180,1014,1,149.0,0.0
58004,14180,1007,2,75.0,0.0
58005,14181,1018,1,175.0,0.0
58006,14182,1013,1,95.0,0.2
58007,14183,1015,1,890.0,0.0
58008,14183,1004,1,160.0,0.2
58009,14184,1011,1,520.0,0.1
58010,14185,1009,2,320.0,0.0
58011,14186,1018,1,175.0,0.15
58012,14186,1006,1,130.0,0.05
58013,14186,1017,1,45.0,0.0
58014,14187,1001,1,450.0,0.2
58015,14187,1016,4,210.0,0.0
58016,14187,1002,3,680.0,0.05
58017,14188,1014,1,149.0,0.1
58018,14188,1004,1,160.0,0.0
58019,14188,1019,2,260.0,0.05
58020,14189,1005,1,55.0,0.15
58021,14189,1007,2,75.0,0.1
58022,14189,1009,1,320.0,0.1
58023,14190,1013,2,95.0,0.0
58024,14190,1020,2,310.0,0.1
58025,14191,1002,1,680.0,0.05
58026,14191,1014,1,149.0,0.0
58027,14192,1002,1,680.0,0.0
58028,14192,1015,2,890.0,0.3
58029,14193,1005,1,55.0,0.0
58030,14193,1010,1,119.0,0.0
58031,14194,1003,1,89.0,0.15
58032,14194,1010,1,119.0,0.2
58033,14194,1018,1,175.0,0.1
58034,14194,1004,1,160.0,0.2
58035,14195,1018,1,175.0,0.2
58036,14195,1011,3,520.0,0.3
58037,14195,1014,1,149.0,0.15
58038,14196,1007,1,75.0,0.1
58039,14196,1003,1,89.0,0.0
58040,14196,1012,3,49.0,0.0
58041,14196,1016,1,210.0,0.2
58042,14197,1018,1,175.0,0.1
58043,14197,1010,1,119.0,0.0
58044,14198,1008,2,240.0,0.0
58045,14198,1002,2,680.0,0.05
58046,14198,1016,1,210.0,0.1
58047,14199,1001,4,450.0,0.0
58048,14199,1003,1,89.0,0.1
58049,14200,1018,1,175.0,0.15
58050,14200,1004,1,160.0,0.0
58051,14201,1009,1,320.0,0.2
58052,14202,1005,1,55.0,0.15
58053,14203,1014,1,149.0,0.2
58054,14204,1010,1,119.0,0.05
58055,14204,1004,1,160.0,0.0
58056,14205,1009,1,320.0,0.05
58057,14206,1015,1,890.0,0.2
58058,14207,1008,3,240.0,0.0
58059,14207,1015,1,890.0,0.0
58060,14208,1011,3,520.0,0.0
58061,14208,1019,1,260.0,0.0
58062,14208,1008,1,240.0,0.0
58063,14208,1007,1,75.0,0.1
58064,14208,1020,1,310.0,0.2
58065,14209,1020,1,310.0,0.0
58066,14209,1017,1,45.0,0.1
58067,14210,1002,1,680.0,0.25
58068,14211,1002,1,680.0,0.2
58069,14211,1009,1,320.0,0.15
58070,14211,1005,1,55.0,0.15
58071,14211,1012,1,49.0,0.05
58072,14211,1008,1,240.0,0.05
58073,14212,1016,1,210.0,0.15
58074,14213,1004,3,160.0,0.0
58075,14214,1013,1,95.0,0.05
58076,14214,1017,1,45.0,0.0
58077,14215,1007,3,75.0,0.1
58078,14215,1010,1,119.0,0.0
58079,14216,1001,2,450.0,0.0
58080,14217,1007,1,75.0,0.05
58081,14218,1016,1,210.0,0.0
58082,14218,1002,1,680.0,0.0
58083,14218,1019,2,260.0,0.0
58084,14219,1013,1,95.0,0.1
58085,14220,1014,2,149.0,0.05
58086,14220,1019,1,260.0,0.0
58087,14220,1001,1,450.0,0.0
58088,14221,1002,1,680.0,0.0
58089,14222,1020,1,310.0,0.2
58090,14223,1017,1,45.0,0.0
58091,14223,1014,1,149.0,0.1
58092,14223,1002,2,680.0,0.0
58093,14224,1014,2,149.0,0.15
58094,14225,1020,3,310.0,0.0
58095,14226,1019,1,260.0,0.2
58096,14226,1014,1,149.0,0.15
58097,14227,1011,3,520.0,0.05
58098,14228,1014,1,149.0,0.2
58099,14228,1007,1,75.0,0.15
58100,14229,1012,1,49.0,0.0
58101,14229,1013,1,95.0,0.15
58102,14229,1004,2,160.0,0.0
58103,14230,1006,1,130.0,0.2
58104,14230,1010,1,119.0,0.0
58105,14231,1003,1,89.0,0.1
58106,14231,1013,1,95.0,0.1
58107,14232,1010,1,119.0,0.1
58108,14232,1012,1,49.0,0.1
58109,14232,1001,2,450.0,0.25
58110,14233,1003,1,89.0,0.0
58111,14234,1017,1,45.0,0.15
58112,14234,1003,1,89.0,0.0
58113,14234,1005,2,55.0,0.15
58114,14234,1010,1,119.0,0.15
58115,14235,1002,1,680.0,0.15
58116,14235,1008,2,240.0,0.1
58117,14236,1015,1,890.0,0.05
58118,14236,1012,1,49.0,0.05
58119,14237,1002,1,680.0,0.25
58120,14238,1009,1,320.0,0.0
58121,14238,1019,3,260.0,0.2
58122,14239,1005,2,55.0,0.0
58123,14240,1007,1,75.0,0.2
58124,14241,1004,1,160.0,0.05
58125,14241,1007,1,75.0,0.15
58126,14242,1001,1,450.0,0.1
58127,14242,1019,1,260.0,0.05
58128,14243,1003,1,89.0,0.1
58129,14243,1007,1,75.0,0.1
58130,14244,1017,1,45.0,0.1
58131,14245,1011,2,520.0,0.05
58132,14246,1012,1,49.0,0.0
58133,14247,1019,1,260.0,0.05
58134,14247,1014,1,149.0,0.1
58135,14248,1007,1,75.0,0.2
58136,14249,1001,1,450.0,0.15
58137,14249,1019,1,260.0,0.0
58138,14250,1005,1,55.0,0.05
58139,14250,1009,1,320.0,0.15
58140,14250,1018,2,175.0,0.15
58141,14250,1002,1,680.0,0.1
58142,14250,1003,2,89.0,0.0
58143,14251,1017,1,45.0,0.0
58144,14252,1009,1,320.0,0.1
58145,14252,1011,2,520.0,0.0
58146,14252,1008,2,240.0,0.2
58147,14253,1003,2,89.0,0.05
58148,14253,1020,2,310.0,0.1
58149,14254,1013,1,95.0,0.0
58150,14254,1012,1,49.0,0.1
58151,14255,1013,1,95.0,0.1
58152,14255,1004,3,160.0,0.0
58153,14256,1012,1,49.0,0.2
58154,14257,1010,1,119.0,0.05
58155,14258,1013,1,95.0,0.05
58156,14258,1003,1,89.0,0.15
58157,14259,1014,1,149.0,0.2
58158,14259,1001,1,450.0,0.05
58159,14260,1012,3,49.0,0.1
58160,14261,1009,1,320.0,0.0
58161,14262,1016,1,210.0,0.1
58162,14262,1010,1,119.0,0.0
58163,14262,1014,2,149.0,0.05
58164,14262,1008,1,240.0,0.1
58165,14262,1004,1,160.0,0.15
58166,14263,1003,1,89.0,0.15
58167,14264,1010,1,119.0,0.0
58168,14264,1014,2,149.0,0.0
58169,14265,1017,1,45.0,0.0
58170,14266,1015,2,890.0,0.05
58171,14267,1012,2,49.0,0.15
58172,14267,1004,1,160.0,0.1
58173,14268,1020,1,310.0,0.0
58174,14269,1007,4,75.0,0.05
58175,14269,1011,1,520.0,0.05
58176,14270,1015,1,890.0,0.0
58177,14271,1014,1,149.0,0.0
58178,14272,1006,1,130.0,0.1
58179,14272,1008,1,240.0,0.15
58180,14272,1015,1,890.0,0.1
58181,14272,1019,1,260.0,0.15
58182,14273,1005,1,55.0,0.0
58183,14274,1015,2,890.0,0.15
58184,14274,1020,1,310.0,0.0
58185,14274,1011,1,520.0,0.0
58186,14275,1018,1,175.0,0.15
58187,14275,1007,2,75.0,0.15
58188,14276,1018,2,175.0,0.0
58189,14276,1006,2,130.0,0.0
58190,14277,1007,1,75.0,0.0
58191,14278,1005,2,55.0,0.05
58192,14278,1013,2,95.0,0.2
58193,14278,1009,1,320.0,0.2
58194,14279,1010,1,119.0,0.0
58195,14280,1012,1,49.0,0.0
58196,14280,1019,1,260.0,0.0
58197,14280,1011,4,520.0,0.15
58198,14281,1004,2,160.0,0.0
58199,14281,1010,1,119.0,0.1
58200,14281,1006,1,130.0,0.0
58201,14282,1020,1,310.0,0.1
58202,14282,1006,2,130.0,0.05
58203,14283,1008,1,240.0,0.1
58204,14284,1001,2,450.0,0.0
58205,14284,1016,1,210.0,0.1
58206,14284,1005,3,55.0,0.0
58207,14284,1003,1,89.0,0.2
58208,14285,1003,1,89.0,0.15
58209,14286,1018,1,175.0,0.05
58210,14287,1012,1,49.0,0.05
58211,14287,1011,1,520.0,0.0
58212,14288,1005,2,55.0,0.0
58213,14289,1004,1,160.0,0.0
58214,14289,1017,1,45.0,0.2
58215,14289,1005,1,55.0,0.1
58216,14289,1006,1,130.0,0.0
58217,14290,1019,1,260.0,0.0
58218,14291,1010,1,119.0,0.0
58219,14291,1006,1,130.0,0.05
58220,14291,1016,2,210.0,0.1
58221,14292,1019,1,260.0,0.0
58222,14292,1011,1,520.0,0.0
58223,14293,1008,1,240.0,0.1
58224,14293,1011,1,520.0,0.15
58225,14293,1004,1,160.0,0.1
58226,14294,1004,1,160.0,0.05
58227,14295,1007,1,75.0,0.2
58228,14295,1004,1,160.0,0.0
58229,14295,1014,3,149.0,0.0
58230,14296,1001,1,450.0,0.0
58231,14296,1014,3,149.0,0.05
58232,14297,1016,1,210.0,0.05
58233,14297,1007,1,75.0,0.1
58234,14298,1011,1,520.0,0.0
58235,14299,1003,2,89.0,0.0
58236,14300,1001,1,450.0,0.0
58237,14301,1014,2,149.0,0.0
58238,14302,1002,1,680.0,0.15
58239,14303,1009,1,320.0,0.05
58240,14304,1002,1,680.0,0.15
58241,14305,1004,1,160.0,0.0
58242,14306,1018,1,175.0,0.05
58243,14306,1003,1,89.0,0.1
58244,14307,1007,1,75.0,0.0
58245,14307,1001,1,450.0,0.1
58246,14308,1002,1,680.0,0.0
58247,14308,1017,1,45.0,0.05
58248,14308,1011,1,520.0,0.0
58249,14308,1005,1,55.0,0.0
58250,14309,1003,1,89.0,0.05
58251,14309,1019,2,260.0,0.05
58252,14309,1016,3,210.0,0.0
58253,14310,1005,1,55.0,0.0
58254,14310,1001,1,450.0,0.2
58255,14311,1015,2,890.0,0.1
58256,14311,1019,2,260.0,0.2
58257,14311,1010,1,119.0,0.1
58258,14312,1010,1,119.0,0.0
58259,14312,1005,2,55.0,0.15
58260,14312,1015,1,890.0,0.1
58261,14312,1014,2,149.0,0.0
58262,14312,1008,1,240.0,0.1
58263,14313,1006,1,130.0,0.0
58264,14313,1017,4,45.0,0.3
58265,14314,1017,1,45.0,0.1
58266,14315,1013,1,95.0,0.2
58267,14316,1010,2,119.0,0.15
58268,14317,1003,1,89.0,0.0
58269,14318,1005,1,55.0,0.05
58270,14318,1017,1,45.0,0.1
58271,14319,1013,2,95.0,0.2
58272,14319,1004,2,160.0,0.05
58273,14320,1013,1,95.0,0.0
58274,14321,1014,1,149.0,0.05
58275,14322,1019,1,260.0,0.2
58276,14323,1011,1,520.0,0.0
58277,14323,1003,1,89.0,0.3
58278,14324,1010,1,119.0,0.0
58279,14325,1012,1,49.0,0.2
58280,14325,1010,1,119.0,0.1
58281,14326,1018,2,175.0,0.05
58282,14327,1010,2,119.0,0.2
58283,14327,1014,1,149.0,0.0
58284,14327,1001,1,450.0,0.1
58285,14327,1007,1,75.0,0.0
58286,14328,1014,1,149.0,0.0
58287,14328,1013,1,95.0,0.05
58288,14329,1006,2,130.0,0.05
58289,14329,1016,1,210.0,0.05
58290,14329,1019,1,260.0,0.15
58291,14329,1020,1,310.0,0.0
58292,14330,1001,2,450.0,0.0
58293,14331,1019,1,260.0,0.15
58294,14332,1003,1,89.0,0.1
58295,14332,1015,2,890.0,0.05
58296,14333,1011,1,520.0,0.0
58297,14333,1016,1,210.0,0.0
58298,14334,1002,2,680.0,0.0
58299,14334,1018,1,175.0,0.1
58300,14335,1020,1,310.0,0.1
58301,14336,1001,2,450.0,0.1
58302,14336,1018,1,175.0,0.1
58303,14336,1015,2,890.0,0.2
58304,14337,1003,1,89.0,0.0
58305,14337,1013,1,95.0,0.0
58306,14337,1019,1,260.0,0.1
58307,14337,1004,1,160.0,0.1
58308,14338,1017,1,45.0,0.05
58309,14338,1018,2,175.0,0.2
58310,14338,1001,1,450.0,0.0
58311,14339,1002,2,680.0,0.0
58312,14339,1006,1,130.0,0.15
58313,14339,1010,1,119.0,0.1
58314,14340,1015,2,890.0,0.0
58315,14341,1003,2,89.0,0.15
58316,14342,1012,1,49.0,0.0
58317,14342,1013,1,95.0,0.0
58318,14342,1014,2,149.0,0.0
58319,14343,1008,1,240.0,0.0
58320,14343,1007,1,75.0,0.05
58321,14343,1019,1,260.0,0.05
58322,14343,1012,1,49.0,0.0
58323,14343,1013,1,95.0,0.05
58324,14344,1014,1,149.0,0.0
58325,14344,1005,1,55.0,0.1
58326,14344,1006,1,130.0,0.15
58327,14344,1007,1,75.0,0.05
58328,14344,1011,1,520.0,0.2
58329,14345,1014,1,149.0,0.0
58330,14345,1001,1,450.0,0.15
58331,14346,1019,1,260.0,0.05
58332,14346,1013,1,95.0,0.0
58333,14346,1002,2,680.0,0.3
58334,14347,1014,1,149.0,0.05
58335,14347,1004,1,160.0,0.25
58336,14347,1012,1,49.0,0.1
58337,14347,1020,1,310.0,0.0
58338,14348,1013,1,95.0,0.05
58339,14349,1002,1,680.0,0.0
58340,14350,1017,1,45.0,0.0
58341,14351,1018,1,175.0,0.1
58342,14351,1011,1,520.0,0.1
58343,14351,1004,1,160.0,0.0
58344,14352,1012,1,49.0,0.0
58345,14352,1017,2,45.0,0.1
58346,14353,1013,1,95.0,0.0
58347,14353,1017,1,45.0,0.05
58348,14353,1005,1,55.0,0.1
58349,14353,1007,1,75.0,0.05
58350,14354,1017,2,45.0,0.0
58351,14355,1018,1,175.0,0.1
58352,14356,1019,1,260.0,0.2
58353,14357,1014,2,149.0,0.0
58354,14357,1002,1,680.0,0.0
58355,14358,1019,2,260.0,0.05
58356,14358,1018,1,175.0,0.05
58357,14359,1002,1,680.0,0.0
58358,14360,1019,1,260.0,0.0
58359,14360,1010,2,119.0,0.05
58360,14360,1007,1,75.0,0.05
58361,14361,1003,3,89.0,0.1
58362,14362,1009,1,320.0,0.1
58363,14362,1019,1,260.0,0.0
58364,14363,1002,1,680.0,0.2
58365,14364,1003,2,89.0,0.05
58366,14364,1018,1,175.0,0.0
58367,14364,1009,1,320.0,0.05
58368,14365,1013,1,95.0,0.2
58369,14366,1002,1,680.0,0.15
58370,14367,1008,1,240.0,0.1
58371,14368,1001,2,450.0,0.0
58372,14368,1008,1,240.0,0.0
58373,14368,1005,1,55.0,0.05
58374,14369,1004,1,160.0,0.1
58375,14369,1018,1,175.0,0.1
58376,14369,1012,1,49.0,0.05
58377,14370,1008,1,240.0,0.05
58378,14370,1016,1,210.0,0.25
58379,14371,1008,1,240.0,0.05
58380,14372,1018,1,175.0,0.0
58381,14372,1004,2,160.0,0.05
58382,14372,1019,1,260.0,0.2
58383,14372,1014,3,149.0,0.0
58384,14373,1020,1,310.0,0.15
58385,14373,1013,1,95.0,0.15
58386,14374,1006,1,130.0,0.05
58387,14375,1014,2,149.0,0.0
58388,14375,1002,1,680.0,0.2
58389,14375,1017,1,45.0,0.1
58390,14376,1017,2,45.0,0.15
58391,14377,1012,2,49.0,0.0
58392,14377,1009,1,320.0,0.2
58393,14378,1007,3,75.0,0.1
58394,14378,1006,2,130.0,0.1
58395,14379,1002,1,680.0,0.0
58396,14379,1005,2,55.0,0.0
58397,14380,1016,4,210.0,0.0
58398,14381,1006,1,130.0,0.0
58399,14381,1019,2,260.0,0.0
58400,14381,1014,1,149.0,0.0
58401,14382,1010,1,119.0,0.15
58402,14383,1005,1,55.0,0.0
58403,14384,1002,1,680.0,0.05
58404,14384,1014,1,149.0,0.05
58405,14385,1015,1,890.0,0.0
58406,14385,1002,2,680.0,0.2
58407,14385,1020,2,310.0,0.2
58408,14385,1019,2,260.0,0.0
58409,14386,1005,1,55.0,0.05
58410,14386,1011,3,520.0,0.05
58411,14386,1015,2,890.0,0.15
58412,14386,1009,1,320.0,0.25
58413,14387,1016,1,210.0,0.1
58414,14387,1018,2,175.0,0.2
58415,14388,1014,1,149.0,0.0
58416,14388,1005,1,55.0,0.0
58417,14389,1017,2,45.0,0.0
58418,14389,1011,1,520.0,0.0
58419,14389,1002,1,680.0,0.05
58420,14390,1007,1,75.0,0.0
58421,14391,1017,1,45.0,0.2
58422,14392,1003,1,89.0,0.0
58423,14392,1005,1,55.0,0.05
58424,14393,1019,1,260.0,0.0
58425,14394,1004,1,160.0,0.1
58426,14395,1017,1,45.0,0.05
58427,14395,1004,1,160.0,0.0
58428,14395,1003,1,89.0,0.0
58429,14395,1001,1,450.0,0.2
58430,14395,1007,1,75.0,0.05
58431,14396,1017,2,45.0,0.0
58432,14396,1020,1,310.0,0.2
58433,14397,1004,2,160.0,0.0
58434,14398,1015,1,890.0,0.05
58435,14398,1011,2,520.0,0.0
58436,14399,1011,1,520.0,0.0
58437,14399,1010,1,119.0,0.0
58438,14399,1016,1,210.0,0.3
58439,14400,1010,1,119.0,0.0
58440,14400,1019,1,260.0,0.0
58441,14401,1014,2,149.0,0.15
58442,14401,1016,1,210.0,0.2
58443,14402,1007,1,75.0,0.0
58444,14403,1005,1,55.0,0.0
58445,14404,1019,1,260.0,0.0
58446,14405,1002,4,680.0,0.05
58447,14405,1020,1,310.0,0.0
58448,14405,1004,1,160.0,0.15
58449,14405,1005,1,55.0,0.0
58450,14406,1020,1,310.0,0.05
58451,14406,1016,1,210.0,0.0
58452,14407,1010,2,119.0,0.05
58453,14408,1011,1,520.0,0.05
58454,14408,1019,1,260.0,0.2
58455,14408,1009,1,320.0,0.15
58456,14409,1012,1,49.0,0.3
58457,14410,1005,1,55.0,0.0
58458,14411,1015,1,890.0,0.0
58459,14411,1012,1,49.0,0.0
58460,14412,1007,1,75.0,0.1
58461,14413,1015,3,890.0,0.0
58462,14414,1005,1,55.0,0.15
58463,14414,1018,2,175.0,0.15
58464,14415,1007,1,75.0,0.2
58465,14415,1002,2,680.0,0.15
58466,14415,1015,1,890.0,0.1
58467,14416,1007,1,75.0,0.15
58468,14416,1001,1,450.0,0.0
58469,14417,1014,1,149.0,0.1
58470,14418,1020,2,310.0,0.15
58471,14419,1006,1,130.0,0.05
58472,14420,1019,1,260.0,0.0
58473,14420,1006,1,130.0,0.2
58474,14421,1005,1,55.0,0.0
58475,14421,1011,1,520.0,0.0
58476,14422,1016,3,210.0,0.15
58477,14422,1007,1,75.0,0.15
58478,14422,1017,1,45.0,0.0
58479,14422,1018,1,175.0,0.0
58480,14423,1004,1,160.0,0.1
58481,14423,1002,1,680.0,0.2
58482,14423,1003,1,89.0,0.0
58483,14423,1019,1,260.0,0.1
58484,14424,1001,1,450.0,0.05
58485,14425,1010,1,119.0,0.15
58486,14426,1006,2,130.0,0.0
58487,14427,1015,2,890.0,0.0
58488,14428,1019,1,260.0,0.1
58489,14429,1014,1,149.0,0.1
58490,14430,1020,1,310.0,0.0
58491,14431,1016,1,210.0,0.1
58492,14432,1010,2,119.0,0.15
58493,14432,1016,1,210.0,0.0
58494,14432,1011,1,520.0,0.0
58495,14432,1001,1,450.0,0.0
58496,14433,1011,1,520.0,0.0
58497,14433,1017,1,45.0,0.05
58498,14434,1014,4,149.0,0.05
58499,14435,1013,1,95.0,0.15
58500,14435,1004,1,160.0,0.0
58501,14435,1002,1,680.0,0.15
58502,14436,1002,1,680.0,0.0
58503,14436,1017,1,45.0,0.0
58504,14437,1010,1,119.0,0.1
58505,14438,1014,2,149.0,0.1
58506,14439,1008,2,240.0,0.0
58507,14439,1018,1,175.0,0.15
58508,14440,1006,1,130.0,0.2
58509,14440,1019,1,260.0,0.0
58510,14440,1020,1,310.0,0.05
58511,14440,1015,2,890.0,0.0
58512,14441,1004,1,160.0,0.15
58513,14442,1018,1,175.0,0.0
58514,14442,1016,2,210.0,0.0
58515,14442,1015,2,890.0,0.0
58516,14443,1018,2,175.0,0.0
58517,14443,1010,1,119.0,0.2
58518,14443,1002,3,680.0,0.1
58519,14444,1013,1,95.0,0.2
58520,14444,1001,1,450.0,0.1
58521,14445,1018,1,175.0,0.1
58522,14445,1009,1,320.0,0.0
58523,14446,1004,1,160.0,0.05
58524,14446,1016,1,210.0,0.15
58525,14446,1015,1,890.0,0.15
58526,14446,1005,1,55.0,0.0
58527,14447,1004,2,160.0,0.0
58528,14448,1011,1,520.0,0.0
58529,14448,1002,2,680.0,0.25
58530,14449,1012,2,49.0,0.0
58531,14450,1009,1,320.0,0.0
58532,14451,1015,1,890.0,0.05
58533,14452,1001,1,450.0,0.1
58534,14453,1019,2,260.0,0.1
58535,14453,1009,1,320.0,0.0
58536,14453,1005,1,55.0,0.2
58537,14454,1008,1,240.0,0.0
58538,14455,1014,1,149.0,0.05
58539,14455,1020,1,310.0,0.1
58540,14456,1013,1,95.0,0.15
58541,14456,1001,1,450.0,0.25
58542,14456,1014,1,149.0,0.0
58543,14457,1016,1,210.0,0.15
58544,14457,1018,1,175.0,0.25
58545,14458,1009,1,320.0,0.1
58546,14459,1015,1,890.0,0.05
58547,14460,1019,1,260.0,0.0
58548,14461,1002,1,680.0,0.15
58549,14462,1008,1,240.0,0.0
58550,14462,1015,1,890.0,0.1
58551,14462,1001,1,450.0,0.1
58552,14463,1020,2,310.0,0.0
58553,14464,1008,1,240.0,0.15
58554,14465,1014,2,149.0,0.2
58555,14465,1020,1,310.0,0.05
58556,14466,1007,1,75.0,0.2
58557,14466,1015,1,890.0,0.0
58558,14467,1010,1,119.0,0.05
58559,14467,1018,1,175.0,0.0
58560,14468,1003,1,89.0,0.3
58561,14468,1020,1,310.0,0.0
58562,14469,1017,1,45.0,0.15
58563,14469,1006,1,130.0,0.0
58564,14469,1015,2,890.0,0.0
58565,14470,1008,1,240.0,0.0
58566,14471,1016,1,210.0,0.0
58567,14471,1018,1,175.0,0.0
58568,14472,1019,1,260.0,0.2
58569,14472,1011,1,520.0,0.05
58570,14472,1012,4,49.0,0.1
58571,14472,1009,1,320.0,0.0
58572,14473,1013,1,95.0,0.15
58573,14473,1019,1,260.0,0.0
58574,14474,1006,2,130.0,0.0
58575,14474,1009,1,320.0,0.05
58576,14474,1016,1,210.0,0.0
58577,14474,1002,3,680.0,0.05
58578,14475,1015,1,890.0,0.25
58579,14476,1018,1,175.0,0.0
58580,14476,1008,1,240.0,0.0
58581,14477,1019,1,260.0,0.15
58582,14477,1010,1,119.0,0.2
58583,14477,1017,1,45.0,0.2
58584,14477,1006,1,130.0,0.15
58585,14478,1014,1,149.0,0.0
58586,14479,1013,2,95.0,0.2
58587,14479,1008,1,240.0,0.0
58588,14479,1016,1,210.0,0.1
58589,14480,1010,1,119.0,0.1
58590,14481,1006,2,130.0,0.0
58591,14482,1019,1,260.0,0.0
58592,14483,1001,1,450.0,0.2
58593,14483,1003,1,89.0,0.2
58594,14483,1012,1,49.0,0.0
58595,14483,1008,1,240.0,0.1
58596,14484,1003,3,89.0,0.0
58597,14484,1018,1,175.0,0.0
58598,14485,1018,2,175.0,0.05
58599,14486,1010,1,119.0,0.05
58600,14486,1016,3,210.0,0.0
58601,14486,1006,2,130.0,0.1
58602,14486,1005,1,55.0,0.15
58603,14487,1015,1,890.0,0.0
58604,14488,1003,1,89.0,0.05
58605,14488,1015,2,890.0,0.1
58606,14489,1005,1,55.0,0.1
58607,14489,1010,1,119.0,0.0
58608,14490,1016,1,210.0,0.05
58609,14490,1012,1,49.0,0.0
58610,14490,1006,1,130.0,0.0
58611,14491,1008,1,240.0,0.0
58612,14492,1020,1,310.0,0.0
58613,14493,1012,1,49.0,0.1
58614,14494,1020,1,310.0,0.2
58615,14495,1005,2,55.0,0.05
58616,14496,1012,2,49.0,0.0
58617,14497,1003,1,89.0,0.0
58618,14498,1012,1,49.0,0.0
58619,14499,1008,1,240.0,0.2
58620,14499,1009,1,320.0,0.15
58621,14500,1015,1,890.0,0.15
58622,14501,1001,1,450.0,0.0
58623,14501,1014,2,149.0,0.15
58624,14501,1010,1,119.0,0.0
58625,14502,1020,2,310.0,0.1
58626,14502,1019,3,260.0,0.0
58627,14503,1007,2,75.0,0.0
58628,14503,1017,2,45.0,0.0
58629,14504,1020,2,310.0,0.05
58630,14504,1010,1,119.0,0.05
58631,14505,1001,2,450.0,0.15
58632,14505,1013,1,95.0,0.0
58633,14506,1004,1,160.0,0.05
58634,14507,1020,1,310.0,0.1
58635,14507,1016,1,210.0,0.0
58636,14507,1018,1,175.0,0.0
58637,14508,1007,1,75.0,0.3
58638,14508,1019,1,260.0,0.0
58639,14508,1003,2,89.0,0.15
58640,14509,1020,1,310.0,0.0
58641,14509,1008,1,240.0,0.0
58642,14510,1014,1,149.0,0.0
58643,14511,1018,1,175.0,0.2
58644,14512,1012,2,49.0,0.0
58645,14513,1010,1,119.0,0.0
58646,14513,1019,1,260.0,0.0
58647,14513,1016,1,210.0,0.05
58648,14514,1014,3,149.0,0.0
58649,14514,1008,3,240.0,0.0
58650,14514,1004,1,160.0,0.15
58651,14515,1008,1,240.0,0.0
58652,14516,1012,1,49.0,0.0
58653,14516,1001,1,450.0,0.0
58654,14517,1001,1,450.0,0.05
58655,14517,1003,1,89.0,0.15
58656,14517,1013,1,95.0,0.15
58657,14517,1019,2,260.0,0.0
58658,14517,1014,1,149.0,0.15
58659,14518,1013,1,95.0,0.0
58660,14518,1007,1,75.0,0.1
58661,14519,1015,1,890.0,0.0
58662,14520,1011,1,520.0,0.0
58663,14520,1017,4,45.0,0.0
58664,14521,1003,1,89.0,0.0
58665,14522,1013,2,95.0,0.15
58666,14523,1005,4,55.0,0.05
58667,14523,1012,1,49.0,0.0
58668,14524,1019,1,260.0,0.0
58669,14524,1001,1,450.0,0.0
58670,14525,1014,1,149.0,0.0
58671,14525,1004,2,160.0,0.05
58672,14526,1014,2,149.0,0.1
58673,14526,1010,2,119.0,0.05
58674,14527,1015,1,890.0,0.25
58675,14527,1010,1,119.0,0.15
58676,14528,1010,1,119.0,0.05
58677,14529,1013,1,95.0,0.05
58678,14530,1016,1,210.0,0.0
58679,14531,1008,1,240.0,0.05
58680,14531,1011,1,520.0,0.2
58681,14532,1018,2,175.0,0.1
58682,14532,1007,1,75.0,0.05
58683,14533,1016,1,210.0,0.15
58684,14534,1007,1,75.0,0.0
58685,14534,1006,2,130.0,0.1
58686,14534,1008,1,240.0,0.0
58687,14535,1020,2,310.0,0.25
58688,14536,1005,4,55.0,0.0
58689,14537,1006,2,130.0,0.0
58690,14538,1017,1,45.0,0.0
58691,14539,1002,1,680.0,0.05
58692,14539,1014,1,149.0,0.1
58693,14539,1007,1,75.0,0.0
58694,14539,1011,2,520.0,0.15
58695,14540,1013,1,95.0,0.0
58696,14541,1002,1,680.0,0.0
58697,14541,1015,1,890.0,0.1
58698,14542,1015,1,890.0,0.0
58699,14543,1008,1,240.0,0.0
58700,14544,1020,1,310.0,0.05
58701,14544,1003,1,89.0,0.0
58702,14545,1020,1,310.0,0.0
58703,14545,1002,1,680.0,0.0
58704,14546,1019,2,260.0,0.2
58705,14546,1007,1,75.0,0.0
58706,14546,1004,1,160.0,0.15
58707,14546,1008,1,240.0,0.0
58708,14547,1012,2,49.0,0.0
58709,14548,1006,1,130.0,0.0
58710,14548,1017,3,45.0,0.0
58711,14548,1014,1,149.0,0.0
58712,14549,1004,1,160.0,0.05
58713,14550,1004,1,160.0,0.0
58714,14550,1005,1,55.0,0.05
58715,14550,1012,3,49.0,0.0
58716,14550,1015,1,890.0,0.1
58717,14550,1002,1,680.0,0.0
58718,14551,1002,1,680.0,0.0
58719,14551,1001,1,450.0,0.05
58720,14551,1019,1,260.0,0.15
58721,14552,1010,1,119.0,0.0
58722,14553,1014,1,149.0,0.0
58723,14554,1005,1,55.0,0.05
58724,14555,1017,1,45.0,0.05
58725,14555,1010,1,119.0,0.0
58726,14555,1016,1,210.0,0.1
58727,14555,1019,1,260.0,0.2
58728,14556,1004,1,160.0,0.0
58729,14557,1007,3,75.0,0.1
58730,14558,1008,4,240.0,0.0
58731,14559,1006,3,130.0,0.2
58732,14559,1011,1,520.0,0.1
58733,14560,1020,1,310.0,0.25
58734,14561,1010,1,119.0,0.2
58735,14562,1019,1,260.0,0.15
58736,14562,1018,4,175.0,0.0
58737,14563,1008,1,240.0,0.1
58738,14564,1003,2,89.0,0.15
58739,14565,1009,1,320.0,0.1
58740,14565,1007,1,75.0,0.25
58741,14565,1003,1,89.0,0.05
58742,14565,1001,1,450.0,0.05
58743,14566,1004,2,160.0,0.0
58744,14566,1018,2,175.0,0.1
58745,14566,1019,1,260.0,0.1
58746,14567,1015,1,890.0,0.1
58747,14567,1008,2,240.0,0.1
58748,14567,1006,1,130.0,0.0
58749,14567,1017,1,45.0,0.0
58750,14568,1011,1,520.0,0.0
58751,14568,1014,1,149.0,0.1
58752,14569,1003,1,89.0,0.15
58753,14570,1007,1,75.0,0.1
58754,14571,1019,1,260.0,0.0
58755,14571,1017,1,45.0,0.0
58756,14572,1002,1,680.0,0.0
58757,14572,1001,1,450.0,0.0
58758,14572,1010,2,119.0,0.05
58759,14572,1009,1,320.0,0.0
58760,14573,1002,2,680.0,0.1
58761,14573,1003,1,89.0,0.15
58762,14574,1008,1,240.0,0.1
58763,14574,1016,1,210.0,0.05
58764,14574,1005,1,55.0,0.1
58765,14574,1019,1,260.0,0.0
58766,14574,1006,1,130.0,0.05
58767,14575,1004,1,160.0,0.25
58768,14575,1006,1,130.0,0.1
58769,14575,1017,1,45.0,0.0
58770,14575,1019,1,260.0,0.1
58771,14575,1009,1,320.0,0.2
58772,14576,1009,1,320.0,0.15
58773,14577,1013,1,95.0,0.0
58774,14577,1008,1,240.0,0.15
58775,14578,1007,2,75.0,0.15
58776,14579,1015,2,890.0,0.1
58777,14580,1011,1,520.0,0.15
58778,14580,1003,1,89.0,0.2
58779,14581,1014,1,149.0,0.05
58780,14582,1012,3,49.0,0.05
58781,14583,1014,1,149.0,0.2
58782,14583,1020,1,310.0,0.05
58783,14583,1018,1,175.0,0.1
58784,14583,1015,3,890.0,0.0
58785,14584,1020,2,310.0,0.1
58786,14585,1014,1,149.0,0.2
58787,14585,1020,2,310.0,0.15
58788,14586,1006,2,130.0,0.15
58789,14586,1017,2,45.0,0.0
58790,14586,1007,2,75.0,0.0
58791,14587,1019,1,260.0,0.1
58792,14588,1005,2,55.0,0.1
58793,14589,1012,2,49.0,0.0
58794,14590,1006,1,130.0,0.0
58795,14590,1010,1,119.0,0.2
58796,14591,1005,1,55.0,0.2
58797,14591,1016,1,210.0,0.0
58798,14592,1016,1,210.0,0.15
58799,14592,1018,3,175.0,0.05
58800,14592,1006,2,130.0,0.15
58801,14592,1003,1,89.0,0.15
58802,14593,1008,1,240.0,0.0
58803,14593,1010,1,119.0,0.05
58804,14594,1003,2,89.0,0.05
58805,14595,1011,2,520.0,0.15
58806,14595,1014,1,149.0,0.0
58807,14596,1003,1,89.0,0.2
58808,14596,1007,3,75.0,0.15
58809,14596,1014,1,149.0,0.0
58810,14596,1017,1,45.0,0.05
58811,14597,1002,2,680.0,0.0
58812,14597,1016,1,210.0,0.05
58813,14597,1005,1,55.0,0.05
58814,14597,1010,1,119.0,0.05
58815,14597,1020,1,310.0,0.05
58816,14598,1004,1,160.0,0.2
58817,14598,1003,1,89.0,0.15
58818,14599,1008,1,240.0,0.0
58819,14600,1007,1,75.0,0.3
58820,14600,1013,1,95.0,0.15
58821,14600,1006,3,130.0,0.15
58822,14601,1013,1,95.0,0.05
58823,14601,1006,2,130.0,0.0
58824,14602,1002,1,680.0,0.2
58825,14602,1020,4,310.0,0.2
58826,14603,1012,1,49.0,0.05
58827,14604,1015,2,890.0,0.05
58828,14604,1008,2,240.0,0.25
58829,14604,1004,1,160.0,0.1
58830,14605,1015,2,890.0,0.0
58831,14605,1017,1,45.0,0.0
58832,14606,1013,1,95.0,0.05
58833,14607,1017,1,45.0,0.2
58834,14607,1015,1,890.0,0.1
58835,14608,1004,1,160.0,0.0
58836,14608,1005,1,55.0,0.05
58837,14609,1019,1,260.0,0.2
58838,14609,1007,1,75.0,0.0
58839,14609,1014,1,149.0,0.2
58840,14610,1003,1,89.0,0.0
58841,14610,1005,1,55.0,0.05
58842,14611,1016,1,210.0,0.05
58843,14611,1014,1,149.0,0.1
58844,14612,1014,2,149.0,0.05
58845,14613,1005,1,55.0,0.1
58846,14614,1011,1,520.0,0.3
58847,14615,1002,1,680.0,0.1
58848,14616,1012,2,49.0,0.0
58849,14617,1003,1,89.0,0.05
58850,14618,1013,1,95.0,0.0
58851,14618,1007,1,75.0,0.0
58852,14618,1005,1,55.0,0.1
58853,14618,1014,1,149.0,0.25
58854,14619,1013,1,95.0,0.0
58855,14619,1006,2,130.0,0.0
58856,14620,1017,2,45.0,0.0
58857,14620,1016,1,210.0,0.15
58858,14621,1002,1,680.0,0.05
58859,14622,1011,1,520.0,0.0
58860,14622,1005,1,55.0,0.15
58861,14623,1001,1,450.0,0.0
58862,14623,1015,1,890.0,0.1
58863,14623,1011,1,520.0,0.0
58864,14623,1016,1,210.0,0.0
58865,14623,1014,1,149.0,0.0
58866,14624,1011,2,520.0,0.05
58867,14625,1009,2,320.0,0.05
58868,14626,1017,1,45.0,0.2
58869,14626,1002,1,680.0,0.15
58870,14626,1018,2,175.0,0.05
58871,14627,1008,1,240.0,0.05
58872,14627,1013,1,95.0,0.0
58873,14627,1018,2,175.0,0.15
58874,14628,1016,2,210.0,0.1
58875,14629,1018,1,175.0,0.2
58876,14630,1011,1,520.0,0.0
58877,14630,1016,1,210.0,0.0
58878,14631,1019,2,260.0,0.0
58879,14632,1014,1,149.0,0.1
58880,14633,1002,2,680.0,0.05
58881,14634,1013,2,95.0,0.2
58882,14635,1015,1,890.0,0.0
58883,14635,1003,1,89.0,0.2
58884,14636,1014,1,149.0,0.1
58885,14637,1011,1,520.0,0.2
58886,14637,1005,3,55.0,0.15
58887,14637,1013,3,95.0,0.15
58888,14637,1001,1,450.0,0.05
58889,14638,1005,1,55.0,0.0
58890,14639,1002,1,680.0,0.0
58891,14640,1012,1,49.0,0.0
58892,14640,1014,2,149.0,0.0
58893,14640,1005,2,55.0,0.0
58894,14641,1020,3,310.0,0.0
58895,14642,1013,1,95.0,0.05
58896,14643,1019,1,260.0,0.0
58897,14644,1016,1,210.0,0.1
58898,14645,1007,1,75.0,0.0
58899,14646,1011,1,520.0,0.05
58900,14646,1015,2,890.0,0.2
58901,14647,1018,1,175.0,0.0
58902,14647,1001,2,450.0,0.0
58903,14648,1013,1,95.0,0.0
58904,14648,1005,1,55.0,0.2
58905,14648,1011,1,520.0,0.05
58906,14649,1016,1,210.0,0.1
58907,14650,1017,1,45.0,0.1
58908,14650,1011,1,520.0,0.15
58909,14650,1012,1,49.0,0.2
58910,14651,1002,1,680.0,0.15
58911,14651,1008,2,240.0,0.15
58912,14652,1010,1,119.0,0.0
58913,14652,1019,1,260.0,0.05
58914,14652,1009,1,320.0,0.1
58915,14652,1008,1,240.0,0.1
58916,14653,1019,1,260.0,0.15
58917,14654,1005,1,55.0,0.0
58918,14654,1012,1,49.0,0.2
58919,14654,1014,1,149.0,0.15
58920,14655,1013,1,95.0,0.05
58921,14656,1011,2,520.0,0.3
58922,14656,1014,1,149.0,0.1
58923,14657,1003,1,89.0,0.05
58924,14658,1016,2,210.0,0.2
58925,14659,1019,1,260.0,0.1
58926,14659,1006,1,130.0,0.0
58927,14659,1014,1,149.0,0.0
58928,14660,1008,1,240.0,0.0
58929,14661,1010,1,119.0,0.0
58930,14662,1010,1,119.0,0.15
58931,14662,1011,1,520.0,0.05
58932,14662,1008,4,240.0,0.0
58933,14663,1007,1,75.0,0.0
58934,14664,1005,1,55.0,0.0
58935,14665,1001,1,450.0,0.0
58936,14666,1016,1,210.0,0.0
58937,14667,1004,2,160.0,0.15
58938,14668,1001,1,450.0,0.0
58939,14668,1020,1,310.0,0.05
58940,14668,1018,1,175.0,0.0
58941,14669,1015,1,890.0,0.0
58942,14669,1010,1,119.0,0.0
58943,14670,1014,1,149.0,0.15
58944,14671,1012,1,49.0,0.2
58945,14671,1002,1,680.0,0.05
58946,14671,1008,1,240.0,0.1
58947,14672,1010,1,119.0,0.05
58948,14673,1012,1,49.0,0.1
58949,14673,1018,1,175.0,0.2
58950,14673,1017,1,45.0,0.1
58951,14674,1009,1,320.0,0.1
58952,14674,1020,2,310.0,0.25
58953,14675,1003,2,89.0,0.15
58954,14675,1008,1,240.0,0.15
58955,14675,1002,1,680.0,0.0
58956,14676,1012,3,49.0,0.05
58957,14677,1020,1,310.0,0.15
58958,14678,1005,4,55.0,0.2
58959,14678,1017,1,45.0,0.2
58960,14678,1004,2,160.0,0.1
58961,14678,1001,1,450.0,0.1
58962,14679,1008,2,240.0,0.15
58963,14680,1011,1,520.0,0.05
58964,14681,1008,2,240.0,0.2
58965,14682,1009,1,320.0,0.05
58966,14682,1019,1,260.0,0.2
58967,14683,1016,1,210.0,0.05
58968,14683,1006,1,130.0,0.0
58969,14683,1014,1,149.0,0.1
58970,14684,1016,1,210.0,0.0
58971,14684,1001,2,450.0,0.0
58972,14684,1003,1,89.0,0.2
58973,14685,1010,1,119.0,0.1
58974,14686,1017,1,45.0,0.0
58975,14686,1016,1,210.0,0.1
58976,14687,1016,1,210.0,0.15
58977,14687,1007,3,75.0,0.15
58978,14688,1019,1,260.0,0.15
58979,14688,1020,2,310.0,0.0
58980,14688,1009,1,320.0,0.0
58981,14689,1020,1,310.0,0.0
58982,14689,1015,1,890.0,0.05
58983,14689,1002,1,680.0,0.0
58984,14689,1008,1,240.0,0.1
58985,14689,1010,1,119.0,0.05
58986,14690,1017,1,45.0,0.05
58987,14691,1010,1,119.0,0.15
58988,14692,1008,2,240.0,0.2
58989,14692,1003,1,89.0,0.2
58990,14692,1006,1,130.0,0.0
58991,14693,1016,1,210.0,0.0
58992,14693,1014,1,149.0,0.0
58993,14693,1002,2,680.0,0.0
58994,14693,1006,2,130.0,0.1
58995,14694,1007,1,75.0,0.1
58996,14695,1008,1,240.0,0.0
58997,14695,1013,1,95.0,0.1
58998,14695,1001,3,450.0,0.05
58999,14695,1010,2,119.0,0.0
59000,14695,1020,3,310.0,0.0
59001,14696,1017,1,45.0,0.1
59002,14696,1020,1,310.0,0.1
59003,14697,1010,1,119.0,0.05
59004,14697,1013,1,95.0,0.0
59005,14697,1003,1,89.0,0.05
59006,14697,1002,1,680.0,0.0
59007,14697,1015,2,890.0,0.15
59008,14698,1005,1,55.0,0.0
59009,14699,1005,1,55.0,0.2
59010,14700,1006,1,130.0,0.0
59011,14701,1019,1,260.0,0.3
59012,14701,1009,3,320.0,0.0
59013,14701,1004,1,160.0,0.0
59014,14702,1006,1,130.0,0.25
59015,14703,1005,1,55.0,0.05
59016,14703,1020,1,310.0,0.15
59017,14704,1014,2,149.0,0.0
59018,14705,1016,1,210.0,0.0
59019,14705,1018,1,175.0,0.0
59020,14706,1002,1,680.0,0.05
59021,14706,1018,1,175.0,0.1
59022,14706,1006,1,130.0,0.0
59023,14707,1002,4,680.0,0.15
59024,14708,1005,2,55.0,0.0
59025,14709,1013,1,95.0,0.0
59026,14710,1011,2,520.0,0.05
59027,14710,1015,1,890.0,0.1
59028,14711,1005,1,55.0,0.0
59029,14712,1003,3,89.0,0.0
59030,14712,1002,3,680.0,0.0
59031,14712,1013,1,95.0,0.0
59032,14713,1013,1,95.0,0.0
59033,14714,1005,1,55.0,0.1
59034,14715,1006,1,130.0,0.25
59035,14715,1008,1,240.0,0.0
59036,14716,1012,1,49.0,0.15
59037,14716,1003,1,89.0,0.2
59038,14716,1016,1,210.0,0.0
59039,14716,1002,1,680.0,0.15
59040,14716,1004,1,160.0,0.0
59041,14717,1001,2,450.0,0.05
59042,14718,1014,2,149.0,0.1
59043,14719,1008,1,240.0,0.25
59044,14720,1010,1,119.0,0.0
59045,14721,1004,1,160.0,0.0
59046,14721,1011,1,520.0,0.05
59047,14722,1008,2,240.0,0.2
59048,14722,1004,1,160.0,0.2
59049,14723,1006,1,130.0,0.0
59050,14723,1013,1,95.0,0.05
59051,14724,1012,1,49.0,0.05
59052,14725,1007,1,75.0,0.0
59053,14726,1019,1,260.0,0.15
59054,14727,1007,2,75.0,0.0
59055,14727,1004,2,160.0,0.1
59056,14728,1018,1,175.0,0.0
59057,14728,1009,2,320.0,0.0
59058,14729,1007,1,75.0,0.25
59059,14729,1009,2,320.0,0.2
59060,14730,1020,1,310.0,0.2
59061,14730,1016,1,210.0,0.05
59062,14731,1012,1,49.0,0.0
59063,14732,1008,2,240.0,0.15
59064,14732,1014,1,149.0,0.1
59065,14733,1008,1,240.0,0.05
59066,14733,1018,1,175.0,0.1
59067,14733,1006,1,130.0,0.15
59068,14733,1002,1,680.0,0.1
59069,14734,1009,1,320.0,0.0
59070,14734,1020,1,310.0,0.25
59071,14735,1014,1,149.0,0.0
59072,14735,1005,2,55.0,0.0
59073,14736,1015,1,890.0,0.1
59074,14736,1014,2,149.0,0.0
59075,14736,1017,1,45.0,0.1
59076,14736,1004,1,160.0,0.0
59077,14737,1009,1,320.0,0.1
59078,14737,1007,1,75.0,0.0
59079,14738,1007,1,75.0,0.1
59080,14738,1008,1,240.0,0.0
59081,14739,1018,1,175.0,0.15
59082,14739,1019,1,260.0,0.05
59083,14740,1019,1,260.0,0.1
59084,14740,1008,1,240.0,0.2
59085,14741,1016,1,210.0,0.0
59086,14741,1003,1,89.0,0.15
59087,14741,1005,2,55.0,0.1
59088,14741,1010,1,119.0,0.15
59089,14742,1018,1,175.0,0.15
59090,14742,1015,1,890.0,0.1
59091,14742,1008,1,240.0,0.1
59092,14743,1012,3,49.0,0.05
59093,14744,1007,1,75.0,0.1
59094,14745,1002,2,680.0,0.1
59095,14745,1011,1,520.0,0.15
59096,14746,1010,1,119.0,0.0
59097,14747,1018,2,175.0,0.0
59098,14747,1004,1,160.0,0.0
59099,14747,1005,1,55.0,0.05
59100,14747,1010,1,119.0,0.2
59101,14748,1001,1,450.0,0.05
59102,14749,1016,1,210.0,0.0
59103,14749,1019,1,260.0,0.1
59104,14749,1015,1,890.0,0.0
59105,14750,1014,1,149.0,0.0
59106,14750,1006,4,130.0,0.0
59107,14750,1019,1,260.0,0.0
59108,14750,1011,1,520.0,0.15
59109,14750,1012,1,49.0,0.05
59110,14751,1016,1,210.0,0.15
59111,14751,1001,1,450.0,0.3
59112,14751,1010,1,119.0,0.0
59113,14752,1007,1,75.0,0.1
59114,14753,1010,1,119.0,0.0
59115,14754,1018,1,175.0,0.0
59116,14755,1008,1,240.0,0.0
59117,14756,1011,1,520.0,0.0
59118,14756,1008,1,240.0,0.1
59119,14756,1019,1,260.0,0.2
59120,14757,1005,1,55.0,0.0
59121,14758,1017,3,45.0,0.0
59122,14759,1018,2,175.0,0.0
59123,14760,1006,1,130.0,0.0
59124,14761,1013,1,95.0,0.0
59125,14761,1003,1,89.0,0.0
59126,14762,1011,1,520.0,0.05
59127,14763,1012,1,49.0,0.0
59128,14764,1001,1,450.0,0.15
59129,14764,1020,2,310.0,0.1
59130,14765,1006,2,130.0,0.05
59131,14765,1005,2,55.0,0.0
59132,14766,1003,1,89.0,0.05
59133,14767,1020,1,310.0,0.1
59134,14768,1005,1,55.0,0.05
59135,14768,1001,1,450.0,0.1
59136,14769,1014,1,149.0,0.0
59137,14769,1005,1,55.0,0.0
59138,14769,1001,1,450.0,0.0
59139,14770,1005,1,55.0,0.0
59140,14770,1013,1,95.0,0.0
59141,14771,1003,4,89.0,0.2
59142,14772,1010,1,119.0,0.1
59143,14773,1001,1,450.0,0.0
59144,14774,1010,1,119.0,0.15
59145,14774,1015,1,890.0,0.1
59146,14775,1007,1,75.0,0.15
59147,14775,1016,1,210.0,0.0
59148,14775,1006,1,130.0,0.15
59149,14776,1010,1,119.0,0.0
59150,14777,1010,1,119.0,0.2
59151,14778,1008,2,240.0,0.0
59152,14779,1019,2,260.0,0.3
59153,14780,1016,1,210.0,0.1
59154,14781,1005,1,55.0,0.15
59155,14782,1005,1,55.0,0.0
59156,14782,1017,1,45.0,0.05
59157,14783,1014,2,149.0,0.0
59158,14784,1013,1,95.0,0.1
59159,14784,1019,1,260.0,0.2
59160,14784,1016,1,210.0,0.05
59161,14785,1005,1,55.0,0.0
59162,14785,1004,4,160.0,0.1
59163,14786,1009,1,320.0,0.05
59164,14786,1008,1,240.0,0.25
59165,14786,1013,1,95.0,0.0
59166,14787,1003,1,89.0,0.1
59167,14787,1017,1,45.0,0.0
59168,14788,1016,2,210.0,0.0
59169,14788,1001,1,450.0,0.0
59170,14789,1010,1,119.0,0.2
59171,14789,1003,1,89.0,0.05
59172,14790,1003,3,89.0,0.1
59173,14790,1008,3,240.0,0.1
59174,14791,1003,1,89.0,0.25
59175,14792,1016,2,210.0,0.2
59176,14793,1009,1,320.0,0.05
59177,14794,1012,1,49.0,0.1
59178,14795,1013,1,95.0,0.05
59179,14795,1005,1,55.0,0.05
59180,14795,1002,2,680.0,0.0
59181,14796,1004,3,160.0,0.0
59182,14797,1014,1,149.0,0.0
59183,14797,1008,1,240.0,0.0
59184,14797,1010,1,119.0,0.0
59185,14798,1020,1,310.0,0.05
59186,14799,1014,1,149.0,0.1
59187,14800,1015,1,890.0,0.0
59188,14800,1004,1,160.0,0.05
59189,14801,1005,1,55.0,0.0
59190,14802,1015,1,890.0,0.2
59191,14803,1007,1,75.0,0.0
59192,14803,1010,1,119.0,0.2
59193,14804,1019,1,260.0,0.1
59194,14805,1001,2,450.0,0.25
59195,14806,1009,1,320.0,0.0
59196,14806,1002,2,680.0,0.0
59197,14807,1020,1,310.0,0.05
59198,14807,1004,1,160.0,0.2
59199,14808,1018,1,175.0,0.0
59200,14808,1004,1,160.0,0.0
59201,14809,1008,1,240.0,0.05
59202,14809,1007,1,75.0,0.05
59203,14809,1018,1,175.0,0.0
59204,14809,1020,1,310.0,0.0
59205,14810,1016,3,210.0,0.0
59206,14811,1010,1,119.0,0.0
59207,14811,1015,1,890.0,0.1
59208,14811,1014,1,149.0,0.05
59209,14811,1004,1,160.0,0.2
59210,14812,1005,1,55.0,0.0
59211,14813,1013,1,95.0,0.0
59212,14813,1004,4,160.0,0.0
59213,14814,1002,2,680.0,0.15
59214,14815,1016,1,210.0,0.0
59215,14816,1010,1,119.0,0.05
59216,14817,1001,1,450.0,0.0
59217,14817,1006,1,130.0,0.1
59218,14818,1020,1,310.0,0.3
59219,14819,1002,1,680.0,0.1
59220,14819,1001,1,450.0,0.15
59221,14819,1010,1,119.0,0.0
59222,14820,1009,1,320.0,0.2
59223,14821,1001,1,450.0,0.0
59224,14822,1001,1,450.0,0.05
59225,14822,1002,2,680.0,0.25
59226,14822,1011,2,520.0,0.0
59227,14822,1014,3,149.0,0.0
59228,14822,1019,1,260.0,0.15
59229,14823,1001,1,450.0,0.05
59230,14824,1005,1,55.0,0.0
59231,14825,1018,1,175.0,0.2
59232,14826,1016,1,210.0,0.1
59233,14827,1020,1,310.0,0.1
59234,14827,1012,1,49.0,0.2
59235,14828,1004,3,160.0,0.2
59236,14829,1013,4,95.0,0.2
59237,14829,1009,1,320.0,0.0
59238,14830,1005,1,55.0,0.0
59239,14830,1013,1,95.0,0.2
59240,14830,1010,1,119.0,0.0
59241,14831,1008,1,240.0,0.2
59242,14831,1012,1,49.0,0.05
59243,14832,1002,2,680.0,0.05
59244,14832,1011,2,520.0,0.05
59245,14833,1008,1,240.0,0.0
59246,14834,1016,1,210.0,0.15
59247,14834,1007,1,75.0,0.15
59248,14834,1004,2,160.0,0.0
59249,14835,1004,1,160.0,0.2
59250,14836,1009,2,320.0,0.0
59251,14837,1006,1,130.0,0.0
59252,14838,1019,3,260.0,0.2
59253,14838,1014,2,149.0,0.0
59254,14839,1007,1,75.0,0.05
59255,14840,1008,1,240.0,0.0
59256,14841,1003,1,89.0,0.0
59257,14842,1007,1,75.0,0.0
59258,14842,1018,1,175.0,0.05
59259,14843,1011,1,520.0,0.0
59260,14843,1006,1,130.0,0.0
59261,14844,1008,1,240.0,0.1
59262,14844,1005,1,55.0,0.15
59263,14845,1010,2,119.0,0.0
59264,14846,1006,4,130.0,0.0
59265,14847,1010,1,119.0,0.15
59266,14847,1011,1,520.0,0.2
59267,14848,1007,1,75.0,0.15
59268,14848,1010,1,119.0,0.15
59269,14849,1016,1,210.0,0.3
59270,14849,1010,1,119.0,0.0
59271,14850,1016,2,210.0,0.05
59272,14850,1011,1,520.0,0.0
59273,14851,1010,1,119.0,0.0
59274,14852,1020,1,310.0,0.2
59275,14853,1019,1,260.0,0.05
59276,14853,1012,1,49.0,0.0
59277,14853,1008,1,240.0,0.15
59278,14853,1010,1,119.0,0.0
59279,14854,1006,1,130.0,0.15
59280,14855,1002,1,680.0,0.05
59281,14856,1004,1,160.0,0.05
59282,14857,1011,2,520.0,0.05
59283,14857,1009,1,320.0,0.0
59284,14857,1003,1,89.0,0.05
59285,14857,1012,4,49.0,0.0
59286,14858,1016,1,210.0,0.0
59287,14858,1010,1,119.0,0.0
59288,14859,1001,1,450.0,0.05
59289,14859,1007,1,75.0,0.15
59290,14859,1006,1,130.0,0.15
59291,14860,1016,1,210.0,0.15
59292,14861,1017,1,45.0,0.05
59293,14862,1002,1,680.0,0.0
59294,14862,1005,3,55.0,0.15
59295,14862,1012,2,49.0,0.1
59296,14862,1019,1,260.0,0.1
59297,14862,1020,1,310.0,0.1
59298,14863,1016,1,210.0,0.1
59299,14864,1003,1,89.0,0.05
59300,14865,1018,1,175.0,0.05
59301,14865,1017,1,45.0,0.0
59302,14866,1005,1,55.0,0.0
59303,14867,1010,1,119.0,0.0
59304,14867,1020,1,310.0,0.15
59305,14867,1019,1,260.0,0.05
59306,14867,1013,2,95.0,0.0
59307,14868,1010,1,119.0,0.0
59308,14868,1009,3,320.0,0.05
59309,14868,1020,1,310.0,0.0
59310,14869,1016,1,210.0,0.1
59311,14869,1002,2,680.0,0.05
59312,14870,1015,3,890.0,0.1
59313,14871,1002,1,680.0,0.15
59314,14871,1014,1,149.0,0.15
59315,14871,1010,3,119.0,0.0
59316,14871,1020,1,310.0,0.0
59317,14871,1017,2,45.0,0.3
59318,14872,1020,1,310.0,0.05
59319,14872,1018,2,175.0,0.15
59320,14872,1003,1,89.0,0.2
59321,14873,1011,1,520.0,0.1
59322,14873,1020,1,310.0,0.15
59323,14873,1016,3,210.0,0.0
59324,14874,1018,1,175.0,0.25
59325,14875,1009,1,320.0,0.05
59326,14876,1009,1,320.0,0.05
59327,14877,1014,2,149.0,0.1
59328,14877,1005,3,55.0,0.05
59329,14877,1010,3,119.0,0.15
59330,14878,1019,2,260.0,0.05
59331,14878,1018,1,175.0,0.1
59332,14879,1007,1,75.0,0.15
59333,14880,1016,1,210.0,0.15
59334,14880,1004,1,160.0,0.2
59335,14880,1012,1,49.0,0.1
59336,14880,1015,4,890.0,0.1
59337,14881,1010,2,119.0,0.0
59338,14881,1003,2,89.0,0.0
59339,14882,1005,4,55.0,0.05
59340,14882,1008,1,240.0,0.0
59341,14882,1006,1,130.0,0.0
59342,14882,1020,1,310.0,0.0
59343,14883,1003,1,89.0,0.05
59344,14883,1013,2,95.0,0.1
59345,14884,1006,1,130.0,0.1
59346,14884,1015,1,890.0,0.15
59347,14885,1014,2,149.0,0.15
59348,14886,1019,1,260.0,0.0
59349,14886,1014,1,149.0,0.05
59350,14887,1015,2,890.0,0.2
59351,14887,1014,1,149.0,0.2
59352,14887,1005,1,55.0,0.15
59353,14888,1019,1,260.0,0.1
59354,14889,1009,1,320.0,0.3
59355,14889,1007,1,75.0,0.0
59356,14889,1006,1,130.0,0.05
59357,14889,1017,1,45.0,0.15
59358,14890,1018,1,175.0,0.0
59359,14891,1013,1,95.0,0.0
59360,14892,1014,2,149.0,0.05
59361,14893,1009,1,320.0,0.1
59362,14894,1018,1,175.0,0.1
59363,14895,1016,2,210.0,0.25
59364,14895,1003,1,89.0,0.0
59365,14896,1009,1,320.0,0.0
59366,14897,1015,2,890.0,0.0
59367,14898,1013,1,95.0,0.0
59368,14898,1009,2,320.0,0.0
59369,14898,1015,1,890.0,0.0
59370,14899,1001,4,450.0,0.2
59371,14900,1018,2,175.0,0.2
59372,14901,1002,1,680.0,0.0
59373,14901,1005,1,55.0,0.1
59374,14901,1007,2,75.0,0.15
59375,14902,1012,1,49.0,0.0
59376,14902,1010,1,119.0,0.15
59377,14902,1013,2,95.0,0.15
59378,14903,1019,1,260.0,0.0
59379,14904,1011,1,520.0,0.0
59380,14904,1004,3,160.0,0.0
59381,14905,1006,1,130.0,0.15
59382,14906,1010,2,119.0,0.0
59383,14907,1020,2,310.0,0.0
59384,14907,1016,1,210.0,0.0
59385,14908,1011,1,520.0,0.2
59386,14909,1001,1,450.0,0.0
59387,14910,1009,3,320.0,0.05
59388,14910,1001,1,450.0,0.05
59389,14910,1017,1,45.0,0.1
59390,14911,1010,1,119.0,0.05
59391,14912,1009,1,320.0,0.1
59392,14912,1001,3,450.0,0.0
59393,14912,1019,2,260.0,0.2
59394,14913,1019,1,260.0,0.05
59395,14914,1013,1,95.0,0.2
59396,14914,1012,2,49.0,0.0
59397,14915,1007,1,75.0,0.0
59398,14915,1017,1,45.0,0.0
59399,14916,1011,1,520.0,0.0
59400,14916,1017,1,45.0,0.0
59401,14917,1019,1,260.0,0.2
59402,14917,1015,1,890.0,0.15
59403,14918,1010,2,119.0,0.0
59404,14919,1014,3,149.0,0.0
59405,14919,1003,2,89.0,0.2
59406,14919,1018,1,175.0,0.05
59407,14919,1004,1,160.0,0.0
59408,14920,1010,1,119.0,0.15
59409,14920,1015,1,890.0,0.1
59410,14921,1020,1,310.0,0.05
59411,14921,1010,1,119.0,0.0
59412,14921,1014,1,149.0,0.2
59413,14922,1019,1,260.0,0.0
59414,14923,1005,2,55.0,0.05
59415,14923,1017,1,45.0,0.05
59416,14923,1001,1,450.0,0.05
59417,14924,1002,3,680.0,0.0
59418,14925,1014,1,149.0,0.0
59419,14926,1006,1,130.0,0.1
59420,14926,1016,1,210.0,0.2
59421,14926,1010,1,119.0,0.25
59422,14927,1007,1,75.0,0.0
59423,14928,1002,1,680.0,0.0
59424,14928,1008,1,240.0,0.1
59425,14928,1006,1,130.0,0.0
59426,14929,1013,1,95.0,0.2
59427,14930,1005,1,55.0,0.0
59428,14930,1016,2,210.0,0.05
59429,14931,1015,1,890.0,0.15
59430,14932,1005,1,55.0,0.0
59431,14932,1009,2,320.0,0.1
59432,14932,1013,1,95.0,0.05
59433,14932,1015,3,890.0,0.2
59434,14933,1018,1,175.0,0.0
59435,14934,1018,1,175.0,0.0
59436,14934,1009,1,320.0,0.1
59437,14934,1011,1,520.0,0.0
59438,14935,1018,1,175.0,0.0
59439,14935,1015,2,890.0,0.0
59440,14935,1005,4,55.0,0.05
59441,14936,1020,1,310.0,0.25
59442,14936,1013,1,95.0,0.05
59443,14937,1017,3,45.0,0.05
59444,14938,1012,1,49.0,0.15
59445,14939,1001,1,450.0,0.15
59446,14940,1007,1,75.0,0.1
59447,14940,1014,1,149.0,0.15
59448,14941,1020,2,310.0,0.2
59449,14941,1008,1,240.0,0.15
59450,14941,1016,1,210.0,0.1
59451,14941,1017,1,45.0,0.2
59452,14941,1005,1,55.0,0.05
59453,14942,1001,1,450.0,0.05
59454,14943,1001,2,450.0,0.0
59455,14943,1009,1,320.0,0.0
59456,14944,1015,2,890.0,0.05
59457,14945,1002,1,680.0,0.15
59458,14946,1012,1,49.0,0.2
59459,14947,1007,1,75.0,0.0
59460,14947,1006,1,130.0,0.0
59461,14948,1001,1,450.0,0.05
59462,14949,1001,2,450.0,0.1
59463,14949,1009,1,320.0,0.1
59464,14950,1017,1,45.0,0.0
59465,14950,1004,1,160.0,0.2
59466,14951,1013,1,95.0,0.0
59467,14951,1016,4,210.0,0.0
59468,14952,1007,1,75.0,0.3
59469,14953,1012,1,49.0,0.2
59470,14954,1010,1,119.0,0.05
59471,14954,1012,3,49.0,0.05
59472,14955,1009,1,320.0,0.0
59473,14956,1006,2,130.0,0.1
59474,14956,1005,3,55.0,0.05
59475,14956,1013,1,95.0,0.05
59476,14957,1016,1,210.0,0.2
59477,14957,1011,1,520.0,0.0
59478,14958,1019,1,260.0,0.05
59479,14958,1014,2,149.0,0.1
59480,14959,1015,2,890.0,0.0
59481,14959,1003,1,89.0,0.1
59482,14959,1007,2,75.0,0.0
59483,14960,1007,1,75.0,0.0
59484,14960,1005,2,55.0,0.15
59485,14961,1013,1,95.0,0.05
59486,14961,1001,1,450.0,0.05
59487,14962,1008,1,240.0,0.1
59488,14962,1004,1,160.0,0.0
59489,14963,1005,1,55.0,0.0
59490,14963,1016,1,210.0,0.2
59491,14964,1008,1,240.0,0.2
59492,14965,1019,1,260.0,0.0
59493,14966,1010,2,119.0,0.0
59494,14966,1003,2,89.0,0.0
59495,14967,1020,1,310.0,0.15
59496,14968,1006,1,130.0,0.1
59497,14968,1018,1,175.0,0.15
59498,14968,1010,2,119.0,0.1
59499,14969,1011,1,520.0,0.15
59500,14969,1005,1,55.0,0.0
59501,14970,1012,1,49.0,0.05
59502,14970,1020,1,310.0,0.05
59503,14971,1001,1,450.0,0.15
59504,14971,1008,1,240.0,0.1
59505,14972,1012,1,49.0,0.15
59506,14972,1009,1,320.0,0.1
59507,14973,1006,3,130.0,0.0
59508,14974,1008,1,240.0,0.0
59509,14975,1018,1,175.0,0.2
59510,14975,1010,1,119.0,0.0
59511,14975,1015,2,890.0,0.0
59512,14975,1006,1,130.0,0.0
59513,14976,1016,1,210.0,0.1
59514,14976,1001,1,450.0,0.0
59515,14976,1014,1,149.0,0.1
59516,14976,1020,1,310.0,0.1
59517,14977,1014,3,149.0,0.1
59518,14978,1017,1,45.0,0.0
59519,14978,1013,3,95.0,0.15
59520,14978,1020,1,310.0,0.0
59521,14978,1001,1,450.0,0.0
59522,14979,1020,2,310.0,0.1
59523,14979,1011,1,520.0,0.05
59524,14980,1014,1,149.0,0.05
59525,14980,1015,1,890.0,0.2
59526,14981,1015,2,890.0,0.2
59527,14982,1004,1,160.0,0.0
59528,14982,1017,1,45.0,0.0
59529,14983,1014,2,149.0,0.0
59530,14984,1003,1,89.0,0.1
59531,14985,1005,1,55.0,0.05
59532,14985,1002,1,680.0,0.05
59533,14986,1019,4,260.0,0.0
59534,14987,1008,2,240.0,0.0
59535,14988,1003,1,89.0,0.1
59536,14989,1009,3,320.0,0.0
59537,14990,1007,1,75.0,0.05
59538,14991,1018,1,175.0,0.0
59539,14991,1007,1,75.0,0.05
59540,14992,1016,1,210.0,0.05
59541,14993,1013,4,95.0,0.0
59542,14994,1006,1,130.0,0.0
59543,14995,1003,1,89.0,0.05
59544,14995,1004,1,160.0,0.2
59545,14995,1015,1,890.0,0.1
59546,14996,1002,1,680.0,0.1
59547,14997,1017,2,45.0,0.15
59548,14998,1008,1,240.0,0.1
59549,14999,1010,1,119.0,0.05
59550,14999,1011,2,520.0,0.05
59551,15000,1020,1,310.0,0.0
59552,15000,1006,4,130.0,0.15
59553,15000,1018,3,175.0,0.1
59554,15001,1010,1,119.0,0.0
59555,15002,1014,1,149.0,0.05
59556,15002,1010,2,119.0,0.15
59557,15003,1017,1,45.0,0.0
59558,15004,1001,1,450.0,0.05
59559,15005,1003,1,89.0,0.05
59560,15005,1010,1,119.0,0.0
59561,15005,1001,1,450.0,0.0
59562,15006,1017,1,45.0,0.0
59563,15006,1011,1,520.0,0.0
59564,15006,1004,4,160.0,0.1
59565,15007,1012,1,49.0,0.0
59566,15007,1011,1,520.0,0.1
59567,15008,1020,1,310.0,0.0
59568,15008,1017,2,45.0,0.1
59569,15009,1011,3,520.0,0.1
59570,15010,1001,1,450.0,0.0
59571,15011,1008,1,240.0,0.15
59572,15011,1020,1,310.0,0.0
59573,15012,1013,1,95.0,0.2
59574,15013,1006,1,130.0,0.0
59575,15013,1020,1,310.0,0.1
59576,15014,1011,1,520.0,0.15
59577,15014,1001,2,450.0,0.05
59578,15015,1015,1,890.0,0.05
59579,15016,1007,1,75.0,0.0
59580,15016,1001,3,450.0,0.0
59581,15017,1007,1,75.0,0.05
59582,15017,1005,1,55.0,0.3
59583,15018,1001,1,450.0,0.0
59584,15019,1017,1,45.0,0.05
59585,15020,1007,1,75.0,0.25
59586,15021,1007,1,75.0,0.1
59587,15022,1003,1,89.0,0.15
59588,15023,1015,1,890.0,0.0
59589,15024,1019,3,260.0,0.25
59590,15024,1017,1,45.0,0.05
59591,15025,1014,2,149.0,0.1
59592,15026,1019,1,260.0,0.05
59593,15027,1011,1,520.0,0.1
59594,15027,1018,1,175.0,0.15
59595,15027,1017,1,45.0,0.3
59596,15027,1003,2,89.0,0.05
59597,15028,1012,1,49.0,0.0
59598,15029,1013,1,95.0,0.0
59599,15030,1002,1,680.0,0.0
59600,15031,1010,1,119.0,0.1
59601,15032,1001,1,450.0,0.0
59602,15032,1006,1,130.0,0.1
59603,15032,1011,2,520.0,0.15
59604,15033,1013,1,95.0,0.05
59605,15034,1012,1,49.0,0.1
59606,15034,1019,2,260.0,0.0
59607,15034,1004,2,160.0,0.0
59608,15035,1004,1,160.0,0.0
59609,15036,1017,1,45.0,0.05
59610,15036,1007,2,75.0,0.0
59611,15037,1010,1,119.0,0.0
59612,15037,1020,2,310.0,0.0
59613,15038,1007,1,75.0,0.0
59614,15038,1004,2,160.0,0.15
59615,15038,1020,1,310.0,0.1
59616,15039,1007,2,75.0,0.0
59617,15039,1009,3,320.0,0.0
59618,15040,1014,1,149.0,0.15
59619,15040,1002,1,680.0,0.0
59620,15041,1003,2,89.0,0.0
59621,15042,1006,2,130.0,0.0
59622,15043,1003,1,89.0,0.15
59623,15043,1020,1,310.0,0.0
59624,15043,1015,1,890.0,0.15
59625,15044,1011,2,520.0,0.2
59626,15045,1015,2,890.0,0.1
59627,15045,1010,1,119.0,0.1
59628,15046,1010,1,119.0,0.25
59629,15046,1009,2,320.0,0.0
59630,15046,1016,1,210.0,0.15
59631,15047,1019,1,260.0,0.0
59632,15047,1018,1,175.0,0.15
59633,15048,1016,1,210.0,0.0
59634,15049,1004,1,160.0,0.0
59635,15050,1020,2,310.0,0.0
59636,15050,1004,1,160.0,0.05
59637,15051,1002,1,680.0,0.0
59638,15052,1013,1,95.0,0.05
59639,15052,1002,2,680.0,0.2
59640,15053,1014,2,149.0,0.0
59641,15054,1006,1,130.0,0.0
59642,15055,1008,1,240.0,0.25
59643,15055,1005,1,55.0,0.0
59644,15055,1013,1,95.0,0.05
59645,15056,1011,1,520.0,0.0
59646,15057,1020,2,310.0,0.1
59647,15057,1010,1,119.0,0.1
59648,15057,1006,1,130.0,0.05
59649,15058,1012,1,49.0,0.0
59650,15059,1002,1,680.0,0.1
59651,15059,1014,1,149.0,0.1
59652,15059,1011,1,520.0,0.0
59653,15060,1004,2,160.0,0.1
59654,15061,1018,1,175.0,0.0
59655,15062,1004,2,160.0,0.05
59656,15062,1012,2,49.0,0.0
59657,15062,1019,4,260.0,0.05
59658,15062,1014,1,149.0,0.15
59659,15063,1012,4,49.0,0.0
59660,15063,1001,1,450.0,0.2
59661,15063,1015,1,890.0,0.15
59662,15063,1014,2,149.0,0.1
59663,15064,1004,2,160.0,0.0
59664,15064,1010,1,119.0,0.0
59665,15064,1005,1,55.0,0.0
59666,15064,1011,2,520.0,0.2
59667,15065,1010,1,119.0,0.15
59668,15066,1005,2,55.0,0.05
59669,15066,1002,1,680.0,0.1
59670,15066,1009,1,320.0,0.0
59671,15067,1001,1,450.0,0.0
59672,15068,1007,4,75.0,0.0
59673,15068,1008,1,240.0,0.05
59674,15069,1014,1,149.0,0.05
59675,15069,1006,1,130.0,0.05
59676,15069,1008,3,240.0,0.15
59677,15070,1007,1,75.0,0.1
59678,15071,1010,1,119.0,0.0
59679,15071,1001,1,450.0,0.0
59680,15072,1006,1,130.0,0.1
59681,15072,1020,1,310.0,0.0
59682,15072,1003,2,89.0,0.3
59683,15072,1018,1,175.0,0.1
59684,15072,1019,1,260.0,0.15
59685,15073,1011,1,520.0,0.0
59686,15073,1013,1,95.0,0.05
59687,15074,1010,1,119.0,0.0
59688,15074,1009,1,320.0,0.05
59689,15075,1006,1,130.0,0.1
59690,15075,1012,1,49.0,0.2
59691,15075,1019,1,260.0,0.05
59692,15076,1002,1,680.0,0.2
59693,15077,1009,1,320.0,0.15
59694,15078,1006,1,130.0,0.0
59695,15078,1014,1,149.0,0.05
59696,15079,1002,1,680.0,0.0
59697,15080,1005,1,55.0,0.1
59698,15080,1015,2,890.0,0.0
59699,15080,1014,1,149.0,0.2
59700,15081,1004,1,160.0,0.1
59701,15082,1001,1,450.0,0.2
59702,15083,1018,1,175.0,0.0
59703,15084,1004,1,160.0,0.0
59704,15084,1018,1,175.0,0.2
59705,15085,1010,1,119.0,0.0
59706,15085,1006,1,130.0,0.0
59707,15086,1004,3,160.0,0.0
59708,15086,1020,1,310.0,0.0
59709,15087,1012,1,49.0,0.05
59710,15087,1005,1,55.0,0.0
59711,15088,1014,3,149.0,0.05
59712,15088,1008,1,240.0,0.1
59713,15089,1013,1,95.0,0.05
59714,15090,1013,1,95.0,0.1
59715,15090,1002,2,680.0,0.25
59716,15091,1005,1,55.0,0.0
59717,15092,1012,1,49.0,0.05
59718,15093,1006,1,130.0,0.0
59719,15094,1011,2,520.0,0.0
59720,15094,1012,1,49.0,0.0
59721,15094,1006,1,130.0,0.0
59722,15094,1020,1,310.0,0.0
59723,15095,1013,1,95.0,0.0
59724,15096,1016,1,210.0,0.0
59725,15096,1003,3,89.0,0.0
59726,15097,1010,1,119.0,0.05
59727,15098,1013,1,95.0,0.0
59728,15098,1004,1,160.0,0.0
59729,15099,1014,1,149.0,0.1
59730,15100,1013,1,95.0,0.1
59731,15100,1005,1,55.0,0.15
59732,15100,1016,3,210.0,0.0
59733,15101,1020,1,310.0,0.0
59734,15102,1007,1,75.0,0.1
59735,15103,1020,1,310.0,0.1
59736,15103,1014,3,149.0,0.1
59737,15104,1020,1,310.0,0.0
59738,15105,1002,1,680.0,0.2
59739,15105,1010,1,119.0,0.1
59740,15105,1016,1,210.0,0.0
59741,15106,1009,1,320.0,0.15
59742,15107,1005,1,55.0,0.05
59743,15107,1016,1,210.0,0.1
59744,15108,1001,3,450.0,0.1
59745,15109,1004,1,160.0,0.0
59746,15109,1016,3,210.0,0.0
59747,15110,1004,1,160.0,0.2
59748,15111,1006,2,130.0,0.1
59749,15112,1003,1,89.0,0.0
59750,15113,1008,1,240.0,0.15
59751,15113,1007,1,75.0,0.25
59752,15113,1020,1,310.0,0.0
59753,15114,1003,1,89.0,0.2
59754,15114,1009,1,320.0,0.0
59755,15115,1011,1,520.0,0.1
59756,15116,1011,1,520.0,0.1
59757,15117,1017,1,45.0,0.0
59758,15117,1008,1,240.0,0.0
59759,15117,1001,1,450.0,0.1
59760,15118,1014,2,149.0,0.0
59761,15118,1017,2,45.0,0.1
59762,15118,1012,1,49.0,0.15
59763,15119,1013,1,95.0,0.0
59764,15119,1019,1,260.0,0.0
59765,15119,1011,1,520.0,0.05
59766,15120,1016,1,210.0,0.1
59767,15120,1012,1,49.0,0.0
59768,15121,1004,2,160.0,0.0
59769,15122,1016,1,210.0,0.0
59770,15122,1001,1,450.0,0.05
59771,15123,1003,1,89.0,0.05
59772,15123,1013,2,95.0,0.0
59773,15123,1004,1,160.0,0.05
59774,15123,1007,3,75.0,0.0
59775,15124,1005,1,55.0,0.1
59776,15124,1011,1,520.0,0.0
59777,15125,1013,1,95.0,0.0
59778,15125,1008,1,240.0,0.1
59779,15126,1020,1,310.0,0.1
59780,15126,1008,1,240.0,0.0
59781,15127,1015,1,890.0,0.15
59782,15128,1009,1,320.0,0.05
59783,15129,1010,1,119.0,0.05
59784,15129,1007,1,75.0,0.0
59785,15129,1003,1,89.0,0.05
59786,15130,1003,1,89.0,0.15
59787,15130,1004,2,160.0,0.05
59788,15130,1012,1,49.0,0.2
59789,15131,1003,1,89.0,0.0
59790,15131,1007,1,75.0,0.0
59791,15131,1002,3,680.0,0.0
59792,15131,1018,1,175.0,0.0
59793,15131,1012,1,49.0,0.0
59794,15132,1018,1,175.0,0.0
59795,15132,1003,1,89.0,0.0
59796,15132,1015,1,890.0,0.0
59797,15132,1011,2,520.0,0.2
59798,15132,1010,1,119.0,0.0
59799,15133,1016,3,210.0,0.1
59800,15133,1010,3,119.0,0.25
59801,15133,1013,1,95.0,0.05
59802,15134,1007,1,75.0,0.15
59803,15134,1012,1,49.0,0.15
59804,15135,1010,1,119.0,0.3
59805,15135,1004,4,160.0,0.05
59806,15136,1008,1,240.0,0.15
59807,15137,1002,1,680.0,0.0
59808,15138,1009,1,320.0,0.0
59809,15138,1014,1,149.0,0.2
59810,15138,1017,3,45.0,0.15
59811,15139,1010,1,119.0,0.0
59812,15140,1001,3,450.0,0.2
59813,15141,1020,1,310.0,0.15
59814,15142,1001,1,450.0,0.2
59815,15142,1014,1,149.0,0.0
59816,15142,1002,1,680.0,0.0
59817,15142,1009,1,320.0,0.1
59818,15143,1003,1,89.0,0.2
59819,15143,1017,2,45.0,0.15
59820,15143,1011,3,520.0,0.0
59821,15143,1001,2,450.0,0.0
59822,15144,1003,1,89.0,0.0
59823,15145,1009,1,320.0,0.2
59824,15145,1019,1,260.0,0.0
59825,15145,1008,1,240.0,0.05
59826,15146,1006,1,130.0,0.15
59827,15146,1014,1,149.0,0.1
59828,15146,1020,1,310.0,0.1
59829,15147,1015,1,890.0,0.05
59830,15147,1007,1,75.0,0.0
59831,15148,1006,1,130.0,0.05
59832,15149,1013,3,95.0,0.05
59833,15149,1015,1,890.0,0.05
59834,15149,1014,1,149.0,0.15
59835,15149,1012,1,49.0,0.0
59836,15150,1009,1,320.0,0.1
59837,15151,1007,3,75.0,0.05
59838,15151,1013,1,95.0,0.0
59839,15151,1009,2,320.0,0.2
59840,15152,1010,3,119.0,0.15
59841,15152,1009,1,320.0,0.05
59842,15152,1001,1,450.0,0.0
59843,15152,1013,1,95.0,0.1
59844,15153,1017,2,45.0,0.0
59845,15153,1020,1,310.0,0.0
59846,15153,1007,4,75.0,0.0
59847,15153,1009,1,320.0,0.1
59848,15153,1005,1,55.0,0.1
59849,15154,1019,1,260.0,0.3
59850,15154,1009,1,320.0,0.0
59851,15155,1016,2,210.0,0.15
59852,15155,1002,1,680.0,0.0
59853,15155,1008,1,240.0,0.05
59854,15155,1014,2,149.0,0.0
59855,15156,1014,1,149.0,0.15
59856,15156,1019,3,260.0,0.1
59857,15157,1016,2,210.0,0.05
59858,15157,1005,1,55.0,0.0
59859,15157,1019,2,260.0,0.05
59860,15158,1012,1,49.0,0.0
59861,15159,1002,1,680.0,0.0
59862,15159,1020,1,310.0,0.0
59863,15160,1017,2,45.0,0.1
59864,15161,1005,1,55.0,0.0
59865,15161,1012,1,49.0,0.1
59866,15161,1002,1,680.0,0.0
59867,15162,1002,1,680.0,0.15
59868,15163,1020,1,310.0,0.1
59869,15164,1002,1,680.0,0.1
59870,15164,1014,2,149.0,0.05
59871,15165,1015,1,890.0,0.1
59872,15166,1014,1,149.0,0.0
59873,15166,1019,1,260.0,0.25
59874,15166,1010,2,119.0,0.2
59875,15166,1016,1,210.0,0.05
59876,15166,1009,1,320.0,0.2
59877,15167,1017,1,45.0,0.0
59878,15168,1003,1,89.0,0.15
59879,15169,1010,1,119.0,0.0
59880,15169,1001,1,450.0,0.0
59881,15170,1015,1,890.0,0.15
59882,15171,1014,1,149.0,0.15
59883,15172,1019,1,260.0,0.0
59884,15172,1016,2,210.0,0.0
59885,15172,1008,2,240.0,0.15
59886,15173,1003,1,89.0,0.0
59887,15173,1008,1,240.0,0.0
59888,15174,1016,1,210.0,0.0
59889,15175,1005,1,55.0,0.15
59890,15176,1017,1,45.0,0.0
59891,15177,1016,1,210.0,0.0
59892,15177,1005,1,55.0,0.05
59893,15177,1009,1,320.0,0.0
59894,15177,1018,1,175.0,0.05
59895,15178,1011,1,520.0,0.1
59896,15178,1019,1,260.0,0.0
59897,15179,1006,1,130.0,0.05
59898,15179,1018,1,175.0,0.1
59899,15180,1006,1,130.0,0.05
59900,15181,1017,2,45.0,0.0
59901,15182,1006,1,130.0,0.05
59902,15182,1009,1,320.0,0.0
59903,15183,1019,1,260.0,0.0
59904,15183,1020,1,310.0,0.0
59905,15184,1015,1,890.0,0.25
59906,15185,1018,1,175.0,0.0
59907,15186,1006,1,130.0,0.05
59908,15187,1005,1,55.0,0.0
59909,15188,1002,1,680.0,0.1
59910,15189,1014,1,149.0,0.15
59911,15189,1001,1,450.0,0.1
59912,15189,1016,1,210.0,0.0
59913,15190,1005,3,55.0,0.05
59914,15190,1002,1,680.0,0.0
59915,15190,1018,1,175.0,0.05
59916,15191,1003,2,89.0,0.0
59917,15192,1007,1,75.0,0.0
59918,15193,1006,1,130.0,0.0
59919,15193,1005,1,55.0,0.0
59920,15194,1003,1,89.0,0.2
59921,15195,1009,3,320.0,0.0
59922,15195,1010,1,119.0,0.2
59923,15196,1019,1,260.0,0.3
59924,15196,1006,2,130.0,0.15
59925,15196,1004,1,160.0,0.0
59926,15197,1003,1,89.0,0.15
59927,15197,1005,2,55.0,0.1
59928,15197,1017,1,45.0,0.1
59929,15198,1001,2,450.0,0.0
59930,15199,1004,2,160.0,0.0
59931,15199,1018,1,175.0,0.2
59932,15200,1019,4,260.0,0.1
59933,15200,1011,1,520.0,0.3
59934,15201,1007,2,75.0,0.0
59935,15201,1011,1,520.0,0.05
59936,15201,1001,1,450.0,0.15
59937,15201,1013,1,95.0,0.0
59938,15201,1010,2,119.0,0.0
59939,15202,1010,1,119.0,0.3
59940,15203,1008,2,240.0,0.2
59941,15204,1012,1,49.0,0.0
59942,15205,1018,1,175.0,0.1
59943,15205,1014,1,149.0,0.1
59944,15205,1003,1,89.0,0.0
59945,15205,1010,1,119.0,0.1
59946,15206,1019,1,260.0,0.1
59947,15206,1001,1,450.0,0.15
59948,15207,1002,1,680.0,0.05
59949,15207,1017,1,45.0,0.0
59950,15208,1010,1,119.0,0.05
59951,15209,1018,1,175.0,0.15
59952,15209,1005,3,55.0,0.2
59953,15210,1004,1,160.0,0.05
59954,15211,1014,1,149.0,0.05
59955,15211,1016,1,210.0,0.1
59956,15212,1015,1,890.0,0.15
59957,15213,1004,2,160.0,0.2
59958,15213,1007,1,75.0,0.0
59959,15214,1020,2,310.0,0.25
59960,15215,1001,1,450.0,0.25
59961,15216,1018,1,175.0,0.15
59962,15216,1011,1,520.0,0.0
59963,15216,1010,1,119.0,0.0
59964,15216,1002,1,680.0,0.0
59965,15216,1015,2,890.0,0.05
59966,15217,1005,1,55.0,0.0
59967,15218,1012,1,49.0,0.0
59968,15218,1001,1,450.0,0.15
59969,15219,1016,1,210.0,0.05
59970,15220,1006,1,130.0,0.0
59971,15220,1018,1,175.0,0.15
59972,15221,1020,2,310.0,0.1
59973,15222,1015,2,890.0,0.0
59974,15222,1009,1,320.0,0.05
59975,15223,1014,1,149.0,0.0
59976,15223,1001,3,450.0,0.0
59977,15223,1019,1,260.0,0.1
59978,15224,1016,2,210.0,0.15
59979,15224,1002,1,680.0,0.0
59980,15225,1002,1,680.0,0.05
59981,15226,1005,4,55.0,0.0
59982,15226,1003,1,89.0,0.15
59983,15227,1018,2,175.0,0.0
59984,15228,1004,2,160.0,0.25
59985,15228,1006,1,130.0,0.2
59986,15228,1014,1,149.0,0.0
59987,15228,1001,2,450.0,0.05
59988,15228,1017,2,45.0,0.1
59989,15229,1010,1,119.0,0.0
59990,15230,1005,2,55.0,0.05
59991,15230,1012,2,49.0,0.0
59992,15230,1007,1,75.0,0.0
59993,15231,1015,2,890.0,0.0
59994,15231,1003,1,89.0,0.0
59995,15232,1010,4,119.0,0.0
59996,15233,1015,1,890.0,0.25
59997,15233,1014,2,149.0,0.15
59998,15233,1006,2,130.0,0.15
59999,15234,1006,2,130.0,0.05
60000,15234,1004,1,160.0,0.0
60001,15234,1016,1,210.0,0.15
60002,15234,1013,1,95.0,0.0
60003,15235,1017,1,45.0,0.0
60004,15236,1004,1,160.0,0.05
60005,15237,1001,1,450.0,0.0
60006,15237,1015,1,890.0,0.05
60007,15238,1001,1,450.0,0.05
60008,15239,1020,1,310.0,0.0
60009,15240,1006,1,130.0,0.05
60010,15240,1009,2,320.0,0.0
60011,15241,1005,1,55.0,0.0
60012,15242,1011,1,520.0,0.0
60013,15243,1002,2,680.0,0.0
60014,15243,1003,2,89.0,0.1
60015,15244,1008,1,240.0,0.1
60016,15244,1011,1,520.0,0.0
60017,15244,1014,1,149.0,0.0
60018,15244,1004,1,160.0,0.0
60019,15245,1018,1,175.0,0.05
60020,15245,1009,1,320.0,0.1
60021,15245,1010,1,119.0,0.05
60022,15245,1020,3,310.0,0.05
60023,15246,1016,1,210.0,0.0
60024,15247,1011,1,520.0,0.15
60025,15248,1019,2,260.0,0.1
60026,15248,1016,1,210.0,0.2
60027,15248,1005,2,55.0,0.05
60028,15249,1020,1,310.0,0.0
60029,15249,1003,1,89.0,0.1
60030,15250,1008,1,240.0,0.25
60031,15250,1018,1,175.0,0.0
60032,15250,1020,1,310.0,0.15
60033,15251,1014,1,149.0,0.0
60034,15252,1016,3,210.0,0.0
60035,15252,1018,3,175.0,0.0
60036,15252,1013,1,95.0,0.05
60037,15252,1003,1,89.0,0.0
60038,15253,1007,1,75.0,0.0
60039,15254,1012,1,49.0,0.0
60040,15254,1002,1,680.0,0.0
60041,15255,1011,1,520.0,0.0
60042,15255,1019,1,260.0,0.0
60043,15256,1011,1,520.0,0.05
60044,15257,1018,2,175.0,0.0
60045,15258,1002,1,680.0,0.0
60046,15258,1004,2,160.0,0.0
60047,15259,1002,3,680.0,0.0
60048,15260,1019,2,260.0,0.0
60049,15261,1019,1,260.0,0.0
60050,15262,1007,1,75.0,0.0
60051,15262,1013,1,95.0,0.0
60052,15262,1015,2,890.0,0.0
60053,15263,1013,1,95.0,0.1
60054,15263,1018,1,175.0,0.15
60055,15264,1003,1,89.0,0.15
60056,15265,1009,2,320.0,0.0
60057,15265,1006,1,130.0,0.05
60058,15265,1003,2,89.0,0.05
60059,15266,1010,2,119.0,0.05
60060,15267,1007,1,75.0,0.05
60061,15267,1006,1,130.0,0.1
60062,15267,1003,1,89.0,0.15
60063,15267,1005,1,55.0,0.05
60064,15268,1002,1,680.0,0.0
60065,15268,1018,1,175.0,0.05
60066,15269,1012,1,49.0,0.0
60067,15269,1004,1,160.0,0.05
60068,15270,1016,2,210.0,0.1
60069,15271,1015,1,890.0,0.0
60070,15272,1004,1,160.0,0.15
60071,15272,1011,1,520.0,0.05
60072,15273,1019,1,260.0,0.0
60073,15273,1020,2,310.0,0.0
60074,15273,1006,3,130.0,0.0
60075,15274,1010,2,119.0,0.0
60076,15275,1001,1,450.0,0.0
60077,15275,1010,2,119.0,0.15
60078,15275,1015,2,890.0,0.1
60079,15275,1012,1,49.0,0.2
60080,15276,1005,1,55.0,0.0
60081,15276,1020,1,310.0,0.3
60082,15277,1018,1,175.0,0.0
60083,15277,1019,1,260.0,0.05
60084,15278,1002,1,680.0,0.0
60085,15278,1001,1,450.0,0.0
60086,15279,1003,1,89.0,0.0
60087,15279,1016,1,210.0,0.15
60088,15280,1020,3,310.0,0.0
60089,15281,1013,1,95.0,0.05
60090,15281,1001,1,450.0,0.1
60091,15282,1020,1,310.0,0.15
60092,15283,1013,2,95.0,0.1
60093,15283,1008,2,240.0,0.0
60094,15284,1004,1,160.0,0.05
60095,15285,1020,1,310.0,0.15
60096,15285,1017,1,45.0,0.0
60097,15286,1003,1,89.0,0.15
60098,15287,1020,1,310.0,0.15
60099,15288,1014,1,149.0,0.1
60100,15288,1018,1,175.0,0.15
60101,15288,1003,1,89.0,0.25
60102,15288,1008,1,240.0,0.0
60103,15288,1004,1,160.0,0.1
60104,15289,1018,1,175.0,0.2
60105,15289,1011,1,520.0,0.0
60106,15290,1002,1,680.0,0.0
60107,15291,1008,3,240.0,0.0
60108,15291,1016,1,210.0,0.1
60109,15291,1017,4,45.0,0.0
60110,15292,1017,1,45.0,0.1
60111,15293,1009,1,320.0,0.0
60112,15293,1001,2,450.0,0.1
60113,15294,1001,1,450.0,0.05
60114,15295,1019,1,260.0,0.2
60115,15296,1004,1,160.0,0.0
60116,15297,1006,4,130.0,0.0
60117,15297,1018,1,175.0,0.15
60118,15298,1012,1,49.0,0.1
60119,15299,1004,1,160.0,0.2
60120,15300,1017,1,45.0,0.05
60121,15301,1018,1,175.0,0.0
60122,15301,1002,1,680.0,0.0
60123,15302,1014,1,149.0,0.2
60124,15302,1013,1,95.0,0.2
60125,15303,1002,1,680.0,0.0
60126,15303,1015,2,890.0,0.1
60127,15303,1012,2,49.0,0.2
60128,15304,1002,1,680.0,0.0
60129,15304,1020,2,310.0,0.1
60130,15304,1010,1,119.0,0.15
60131,15305,1013,1,95.0,0.0
60132,15306,1016,1,210.0,0.0
60133,15306,1007,1,75.0,0.1
60134,15307,1016,1,210.0,0.0
60135,15308,1003,1,89.0,0.0
60136,15308,1009,1,320.0,0.0
60137,15308,1020,1,310.0,0.15
60138,15309,1014,2,149.0,0.1
60139,15309,1009,1,320.0,0.15
60140,15310,1002,1,680.0,0.1
60141,15311,1018,1,175.0,0.1
60142,15311,1016,1,210.0,0.15
60143,15311,1001,1,450.0,0.0
60144,15312,1012,1,49.0,0.0
60145,15312,1013,1,95.0,0.15
60146,15313,1005,1,55.0,0.15
60147,15313,1020,1,310.0,0.1
60148,15313,1001,2,450.0,0.0
60149,15314,1007,1,75.0,0.0
60150,15315,1011,1,520.0,0.15
60151,15316,1010,1,119.0,0.15
60152,15317,1003,1,89.0,0.1
60153,15317,1014,1,149.0,0.05
60154,15318,1001,2,450.0,0.1
60155,15319,1004,3,160.0,0.1
60156,15319,1016,1,210.0,0.1
60157,15320,1008,2,240.0,0.1
60158,15320,1004,1,160.0,0.0
60159,15321,1020,1,310.0,0.15
60160,15322,1011,2,520.0,0.0
60161,15322,1005,1,55.0,0.0
60162,15323,1009,1,320.0,0.3
60163,15323,1020,1,310.0,0.1
60164,15324,1011,1,520.0,0.0
60165,15324,1010,1,119.0,0.1
60166,15324,1014,1,149.0,0.05
60167,15325,1012,1,49.0,0.1
60168,15325,1010,1,119.0,0.05
60169,15326,1006,1,130.0,0.15
60170,15326,1005,1,55.0,0.0
60171,15327,1016,1,210.0,0.05
60172,15327,1010,1,119.0,0.0
60173,15327,1007,1,75.0,0.3
60174,15327,1017,2,45.0,0.05
60175,15328,1012,1,49.0,0.0
60176,15329,1017,1,45.0,0.1
60177,15330,1008,1,240.0,0.0
60178,15331,1009,2,320.0,0.05
60179,15332,1017,1,45.0,0.0
60180,15332,1001,1,450.0,0.0
60181,15332,1012,1,49.0,0.15
60182,15332,1002,3,680.0,0.15
60183,15333,1001,1,450.0,0.0
60184,15333,1002,1,680.0,0.0
60185,15333,1008,1,240.0,0.05
60186,15334,1018,4,175.0,0.2
60187,15334,1016,1,210.0,0.15
60188,15334,1017,1,45.0,0.1
60189,15335,1018,2,175.0,0.0
60190,15335,1006,2,130.0,0.1
60191,15336,1017,1,45.0,0.1
60192,15336,1009,1,320.0,0.0
60193,15336,1019,1,260.0,0.2
60194,15337,1018,1,175.0,0.0
60195,15337,1001,1,450.0,0.05
60196,15337,1015,1,890.0,0.2
60197,15337,1006,2,130.0,0.1
60198,15337,1020,1,310.0,0.2
60199,15338,1002,1,680.0,0.0
60200,15338,1011,1,520.0,0.0
60201,15338,1001,1,450.0,0.1
60202,15339,1015,1,890.0,0.0
60203,15339,1008,2,240.0,0.0
60204,15339,1012,2,49.0,0.0
60205,15340,1012,2,49.0,0.0
60206,15341,1017,1,45.0,0.2
60207,15341,1015,1,890.0,0.1
60208,15341,1002,1,680.0,0.1
60209,15341,1018,2,175.0,0.0
60210,15342,1010,1,119.0,0.1
60211,15342,1011,1,520.0,0.25
60212,15342,1004,2,160.0,0.15
60213,15342,1006,1,130.0,0.0
60214,15342,1005,1,55.0,0.1
60215,15343,1002,1,680.0,0.1
60216,15343,1016,1,210.0,0.1
60217,15343,1019,1,260.0,0.2
60218,15343,1004,1,160.0,0.1
60219,15344,1001,1,450.0,0.0
60220,15344,1012,1,49.0,0.0
60221,15345,1017,3,45.0,0.2
60222,15346,1011,1,520.0,0.05
60223,15347,1011,1,520.0,0.0
60224,15348,1003,1,89.0,0.15
60225,15348,1020,2,310.0,0.05
60226,15349,1006,1,130.0,0.1
60227,15350,1015,1,890.0,0.15
60228,15350,1014,2,149.0,0.15
60229,15350,1018,1,175.0,0.0
60230,15351,1020,1,310.0,0.05
60231,15352,1012,1,49.0,0.3
60232,15353,1012,1,49.0,0.0
60233,15353,1015,1,890.0,0.05
60234,15353,1004,1,160.0,0.1
60235,15354,1004,2,160.0,0.2
60236,15354,1001,1,450.0,0.0
60237,15355,1001,1,450.0,0.0
60238,15356,1002,1,680.0,0.0
60239,15357,1004,1,160.0,0.05
60240,15357,1003,1,89.0,0.1
60241,15357,1001,2,450.0,0.2
60242,15357,1017,1,45.0,0.2
60243,15358,1004,2,160.0,0.05
60244,15359,1011,1,520.0,0.0
60245,15360,1001,1,450.0,0.0
60246,15360,1019,1,260.0,0.1
60247,15360,1007,1,75.0,0.0
60248,15361,1016,1,210.0,0.0
60249,15362,1003,1,89.0,0.0
60250,15362,1013,3,95.0,0.05
60251,15362,1006,1,130.0,0.15
60252,15363,1011,1,520.0,0.15
60253,15363,1019,1,260.0,0.15
60254,15364,1001,1,450.0,0.2
60255,15364,1004,2,160.0,0.0
60256,15365,1009,1,320.0,0.0
60257,15366,1005,2,55.0,0.0
60258,15367,1011,1,520.0,0.05
60259,15367,1010,1,119.0,0.0
60260,15367,1016,2,210.0,0.0
60261,15367,1018,1,175.0,0.0
60262,15368,1016,1,210.0,0.05
60263,15369,1019,1,260.0,0.0
60264,15369,1003,2,89.0,0.0
60265,15369,1010,1,119.0,0.0
60266,15369,1018,1,175.0,0.3
60267,15370,1007,1,75.0,0.0
60268,15370,1015,1,890.0,0.1
60269,15370,1006,1,130.0,0.0
60270,15371,1019,2,260.0,0.0
60271,15372,1005,1,55.0,0.2
60272,15372,1009,1,320.0,0.2
60273,15372,1001,1,450.0,0.1
60274,15372,1017,1,45.0,0.0
60275,15372,1020,1,310.0,0.1
60276,15373,1005,1,55.0,0.0
60277,15374,1003,1,89.0,0.0
60278,15374,1012,1,49.0,0.05
60279,15375,1013,1,95.0,0.0
60280,15375,1002,2,680.0,0.2
60281,15376,1019,1,260.0,0.0
60282,15377,1016,1,210.0,0.3
60283,15378,1018,1,175.0,0.1
60284,15378,1015,1,890.0,0.2
60285,15379,1001,2,450.0,0.0
60286,15379,1005,1,55.0,0.0
60287,15380,1007,2,75.0,0.1
60288,15380,1014,1,149.0,0.0
60289,15381,1003,2,89.0,0.1
60290,15381,1001,1,450.0,0.0
60291,15381,1017,1,45.0,0.05
60292,15381,1005,1,55.0,0.1
60293,15381,1002,2,680.0,0.15
60294,15382,1020,1,310.0,0.1
60295,15382,1014,1,149.0,0.1
60296,15383,1014,2,149.0,0.0
60297,15383,1017,1,45.0,0.15
60298,15383,1002,2,680.0,0.1
60299,15384,1019,1,260.0,0.2
60300,15384,1003,1,89.0,0.0
60301,15385,1008,1,240.0,0.0
60302,15385,1001,1,450.0,0.0
60303,15386,1018,3,175.0,0.1
60304,15387,1003,1,89.0,0.0
60305,15387,1019,1,260.0,0.15
60306,15388,1019,2,260.0,0.0
60307,15389,1003,1,89.0,0.25
60308,15389,1015,1,890.0,0.05
60309,15389,1010,1,119.0,0.3
60310,15390,1008,1,240.0,0.05
60311,15390,1018,1,175.0,0.25
60312,15390,1009,4,320.0,0.25
60313,15390,1003,1,89.0,0.0
60314,15390,1012,2,49.0,0.1
60315,15391,1012,1,49.0,0.05
60316,15391,1003,4,89.0,0.15
60317,15391,1015,1,890.0,0.0
60318,15392,1020,1,310.0,0.05
60319,15393,1012,1,49.0,0.05
60320,15394,1012,2,49.0,0.1
60321,15395,1005,4,55.0,0.1
60322,15395,1006,1,130.0,0.2
60323,15395,1004,1,160.0,0.25
60324,15395,1009,1,320.0,0.0
60325,15396,1002,1,680.0,0.1
60326,15397,1002,1,680.0,0.1
60327,15397,1013,1,95.0,0.1
60328,15398,1003,1,89.0,0.3
60329,15398,1014,3,149.0,0.0
60330,15398,1013,1,95.0,0.0
60331,15399,1015,2,890.0,0.0
60332,15400,1008,1,240.0,0.15
60333,15401,1011,1,520.0,0.25
60334,15401,1001,1,450.0,0.0
60335,15401,1017,1,45.0,0.1
60336,15401,1018,2,175.0,0.1
60337,15401,1016,2,210.0,0.05
60338,15402,1003,2,89.0,0.25
60339,15403,1019,1,260.0,0.05
60340,15404,1020,1,310.0,0.15
60341,15404,1007,1,75.0,0.1
60342,15404,1015,2,890.0,0.15
60343,15405,1002,1,680.0,0.0
60344,15405,1001,1,450.0,0.0
60345,15406,1005,1,55.0,0.0
60346,15406,1009,1,320.0,0.0
60347,15406,1004,1,160.0,0.15
60348,15407,1014,1,149.0,0.25
60349,15407,1001,1,450.0,0.2
60350,15408,1009,1,320.0,0.1
60351,15408,1011,1,520.0,0.1
60352,15408,1002,1,680.0,0.25
60353,15409,1006,1,130.0,0.15
60354,15409,1016,1,210.0,0.1
60355,15410,1009,1,320.0,0.15
60356,15411,1018,1,175.0,0.1
60357,15411,1012,1,49.0,0.2
60358,15411,1014,3,149.0,0.25
60359,15411,1010,1,119.0,0.0
60360,15412,1020,1,310.0,0.0
60361,15412,1002,1,680.0,0.15
60362,15412,1013,1,95.0,0.0
60363,15412,1011,2,520.0,0.0
60364,15412,1010,1,119.0,0.2
60365,15413,1005,1,55.0,0.05
60366,15414,1017,1,45.0,0.15
60367,15414,1001,1,450.0,0.0
60368,15415,1020,1,310.0,0.0
60369,15415,1011,2,520.0,0.2
60370,15416,1018,1,175.0,0.0
60371,15416,1020,1,310.0,0.25
60372,15416,1014,1,149.0,0.0
60373,15417,1008,4,240.0,0.0
60374,15417,1017,1,45.0,0.0
60375,15417,1006,1,130.0,0.15
60376,15418,1006,1,130.0,0.25
60377,15418,1004,2,160.0,0.1
60378,15418,1001,1,450.0,0.0
60379,15419,1014,3,149.0,0.05
60380,15419,1012,2,49.0,0.15
60381,15419,1010,1,119.0,0.0
60382,15420,1017,3,45.0,0.0
60383,15420,1016,1,210.0,0.0
60384,15420,1002,3,680.0,0.2
60385,15420,1019,1,260.0,0.0
60386,15421,1012,2,49.0,0.0
60387,15421,1017,1,45.0,0.1
60388,15422,1013,1,95.0,0.1
60389,15422,1020,1,310.0,0.0
60390,15422,1002,2,680.0,0.15
60391,15422,1010,1,119.0,0.0
60392,15423,1014,1,149.0,0.05
60393,15423,1002,1,680.0,0.15
60394,15423,1015,1,890.0,0.0
60395,15423,1001,3,450.0,0.2
60396,15424,1006,1,130.0,0.05
60397,15425,1015,1,890.0,0.1
60398,15426,1005,1,55.0,0.0
60399,15426,1018,2,175.0,0.0
60400,15426,1016,1,210.0,0.0
60401,15427,1008,1,240.0,0.1
60402,15428,1005,1,55.0,0.0
60403,15428,1019,1,260.0,0.15
60404,15429,1003,1,89.0,0.0
60405,15429,1018,2,175.0,0.2
60406,15430,1014,2,149.0,0.1
60407,15430,1004,2,160.0,0.0
60408,15431,1020,1,310.0,0.0
60409,15431,1017,1,45.0,0.15
60410,15431,1019,1,260.0,0.0
60411,15431,1013,1,95.0,0.05
60412,15432,1005,1,55.0,0.0
60413,15432,1011,1,520.0,0.1
60414,15432,1018,1,175.0,0.05
60415,15433,1008,1,240.0,0.05
60416,15433,1011,1,520.0,0.0
60417,15433,1007,1,75.0,0.0
60418,15434,1008,1,240.0,0.0
60419,15434,1003,2,89.0,0.05
60420,15435,1012,1,49.0,0.05
60421,15436,1001,1,450.0,0.2
60422,15436,1004,2,160.0,0.0
60423,15437,1004,2,160.0,0.05
60424,15438,1007,1,75.0,0.0
60425,15438,1001,1,450.0,0.0
60426,15438,1013,1,95.0,0.1
60427,15439,1004,1,160.0,0.05
60428,15440,1007,1,75.0,0.05
60429,15441,1016,1,210.0,0.1
60430,15442,1002,1,680.0,0.1
60431,15443,1009,1,320.0,0.1
60432,15444,1013,1,95.0,0.15
60433,15445,1008,2,240.0,0.0
60434,15445,1001,3,450.0,0.0
60435,15445,1019,1,260.0,0.0
60436,15445,1010,2,119.0,0.05
60437,15445,1012,1,49.0,0.15
60438,15446,1019,1,260.0,0.1
60439,15447,1005,1,55.0,0.1
60440,15448,1004,3,160.0,0.0
60441,15448,1016,2,210.0,0.05
60442,15448,1018,1,175.0,0.0
60443,15449,1004,1,160.0,0.0
60444,15450,1004,1,160.0,0.0
60445,15450,1020,1,310.0,0.1
60446,15451,1015,1,890.0,0.15
60447,15451,1004,1,160.0,0.2
60448,15452,1007,1,75.0,0.1
60449,15453,1007,1,75.0,0.0
60450,15453,1001,2,450.0,0.0
60451,15454,1016,1,210.0,0.0
60452,15455,1006,1,130.0,0.0
60453,15456,1016,1,210.0,0.05
60454,15456,1003,1,89.0,0.0
60455,15457,1004,1,160.0,0.2
60456,15458,1017,1,45.0,0.0
60457,15459,1012,1,49.0,0.2
60458,15460,1009,1,320.0,0.1
60459,15461,1016,2,210.0,0.1
60460,15462,1003,1,89.0,0.1
60461,15462,1006,1,130.0,0.2
60462,15462,1005,1,55.0,0.15
60463,15463,1012,1,49.0,0.0
60464,15464,1004,1,160.0,0.15
60465,15464,1005,1,55.0,0.1
60466,15464,1018,1,175.0,0.0
60467,15465,1010,1,119.0,0.15
60468,15465,1019,2,260.0,0.15
60469,15465,1020,1,310.0,0.0
60470,15466,1018,1,175.0,0.0
60471,15466,1019,1,260.0,0.05
60472,15467,1010,1,119.0,0.0
60473,15467,1016,1,210.0,0.05
60474,15467,1001,1,450.0,0.1
60475,15468,1009,1,320.0,0.0
60476,15469,1020,1,310.0,0.2
60477,15470,1002,1,680.0,0.05
60478,15470,1015,1,890.0,0.0
60479,15470,1008,1,240.0,0.1
60480,15470,1018,2,175.0,0.1
60481,15471,1013,1,95.0,0.0
60482,15471,1008,1,240.0,0.2
60483,15471,1003,1,89.0,0.0
60484,15471,1002,1,680.0,0.1
60485,15472,1007,2,75.0,0.0
60486,15472,1009,1,320.0,0.05
60487,15473,1001,1,450.0,0.15
60488,15474,1010,1,119.0,0.1
60489,15474,1016,2,210.0,0.0
60490,15475,1018,1,175.0,0.1
60491,15475,1012,1,49.0,0.0
60492,15476,1016,1,210.0,0.0
60493,15477,1009,3,320.0,0.0
60494,15478,1020,1,310.0,0.0
60495,15479,1009,1,320.0,0.0
60496,15479,1002,1,680.0,0.0
60497,15480,1019,1,260.0,0.05
60498,15480,1009,2,320.0,0.05
60499,15480,1001,1,450.0,0.0
60500,15481,1007,1,75.0,0.0
60501,15481,1006,1,130.0,0.1
60502,15482,1004,2,160.0,0.05
60503,15483,1005,1,55.0,0.15
60504,15484,1001,1,450.0,0.0
60505,15484,1016,1,210.0,0.0
60506,15485,1002,1,680.0,0.2
60507,15485,1016,1,210.0,0.1
60508,15485,1005,1,55.0,0.1
60509,15486,1002,1,680.0,0.05
60510,15487,1006,2,130.0,0.2
60511,15487,1019,1,260.0,0.0
60512,15487,1011,1,520.0,0.25
60513,15488,1002,1,680.0,0.1
60514,15488,1016,1,210.0,0.05
60515,15489,1020,1,310.0,0.0
60516,15490,1016,1,210.0,0.1
60517,15490,1015,2,890.0,0.0
60518,15490,1019,1,260.0,0.1
60519,15490,1009,1,320.0,0.0
60520,15491,1006,1,130.0,0.0
60521,15492,1015,1,890.0,0.0
60522,15492,1009,1,320.0,0.0
60523,15492,1017,1,45.0,0.0
60524,15493,1018,1,175.0,0.25
60525,15493,1001,1,450.0,0.1
60526,15494,1017,1,45.0,0.15
60527,15494,1020,2,310.0,0.15
60528,15494,1001,1,450.0,0.0
60529,15495,1015,1,890.0,0.3
60530,15495,1005,1,55.0,0.0
60531,15496,1012,1,49.0,0.0
60532,15497,1020,1,310.0,0.15
60533,15497,1015,1,890.0,0.05
60534,15498,1018,1,175.0,0.1
60535,15499,1005,1,55.0,0.25
60536,15499,1017,1,45.0,0.0
60537,15500,1010,1,119.0,0.05
60538,15501,1014,1,149.0,0.2
60539,15501,1019,1,260.0,0.0
60540,15502,1003,1,89.0,0.1
60541,15503,1014,1,149.0,0.0
60542,15504,1012,1,49.0,0.05
60543,15504,1008,1,240.0,0.1
60544,15505,1018,1,175.0,0.05
60545,15505,1001,1,450.0,0.1
60546,15506,1001,3,450.0,0.0
60547,15507,1007,1,75.0,0.3
60548,15508,1020,1,310.0,0.0
60549,15508,1016,1,210.0,0.0
60550,15509,1004,1,160.0,0.1
60551,15510,1011,3,520.0,0.0
60552,15510,1015,1,890.0,0.1
60553,15510,1019,1,260.0,0.0
60554,15511,1012,1,49.0,0.15
60555,15512,1005,2,55.0,0.0
60556,15512,1017,1,45.0,0.15
60557,15512,1001,1,450.0,0.1
60558,15513,1008,2,240.0,0.0
60559,15513,1011,1,520.0,0.1
60560,15514,1006,1,130.0,0.05
60561,15514,1011,1,520.0,0.1
60562,15514,1013,1,95.0,0.0
60563,15515,1019,1,260.0,0.05
60564,15515,1017,1,45.0,0.0
60565,15515,1018,3,175.0,0.05
60566,15516,1003,1,89.0,0.0
60567,15517,1014,1,149.0,0.0
60568,15518,1003,1,89.0,0.0
60569,15518,1006,1,130.0,0.0
60570,15519,1008,2,240.0,0.0
60571,15519,1017,2,45.0,0.0
60572,15519,1015,2,890.0,0.1
60573,15520,1005,1,55.0,0.25
60574,15521,1009,1,320.0,0.15
60575,15522,1012,2,49.0,0.0
60576,15522,1005,1,55.0,0.15
60577,15523,1002,1,680.0,0.15
60578,15524,1010,2,119.0,0.1
60579,15524,1012,1,49.0,0.0
60580,15524,1015,1,890.0,0.0
60581,15525,1012,2,49.0,0.3
60582,15526,1003,1,89.0,0.15
60583,15526,1011,1,520.0,0.0
60584,15527,1015,1,890.0,0.15
60585,15528,1019,1,260.0,0.05
60586,15528,1011,1,520.0,0.15
60587,15529,1001,1,450.0,0.1
60588,15530,1018,1,175.0,0.1
60589,15530,1013,2,95.0,0.0
60590,15530,1019,1,260.0,0.0
60591,15531,1004,2,160.0,0.15
60592,15531,1001,2,450.0,0.0
60593,15531,1005,2,55.0,0.0
60594,15532,1008,1,240.0,0.0
60595,15532,1018,1,175.0,0.0
60596,15532,1019,1,260.0,0.15
60597,15532,1014,1,149.0,0.0
60598,15533,1003,1,89.0,0.0
60599,15534,1002,1,680.0,0.0
60600,15535,1013,2,95.0,0.0
60601,15536,1004,1,160.0,0.0
60602,15536,1018,1,175.0,0.0
60603,15536,1015,2,890.0,0.0
60604,15537,1005,1,55.0,0.0
60605,15537,1020,1,310.0,0.0
60606,15538,1011,3,520.0,0.0
60607,15538,1016,1,210.0,0.0
60608,15539,1020,1,310.0,0.15
60609,15540,1019,1,260.0,0.0
60610,15540,1006,1,130.0,0.1
60611,15541,1016,2,210.0,0.15
60612,15541,1010,1,119.0,0.15
60613,15541,1017,1,45.0,0.0
60614,15541,1004,1,160.0,0.0
60615,15542,1017,2,45.0,0.15
60616,15542,1004,1,160.0,0.15
60617,15543,1011,2,520.0,0.0
60618,15544,1016,1,210.0,0.2
60619,15545,1017,1,45.0,0.15
60620,15546,1006,1,130.0,0.2
60621,15546,1013,1,95.0,0.15
60622,15546,1018,1,175.0,0.15
60623,15546,1011,1,520.0,0.1
60624,15547,1003,1,89.0,0.1
60625,15547,1017,1,45.0,0.05
60626,15547,1012,1,49.0,0.05
60627,15548,1004,1,160.0,0.0
60628,15548,1003,2,89.0,0.0
60629,15548,1014,1,149.0,0.05
60630,15548,1013,2,95.0,0.0
60631,15549,1019,1,260.0,0.2
60632,15549,1014,1,149.0,0.05
60633,15550,1017,1,45.0,0.2
60634,15550,1004,1,160.0,0.05
60635,15551,1008,1,240.0,0.1
60636,15552,1012,1,49.0,0.15
60637,15552,1013,1,95.0,0.0
60638,15552,1001,1,450.0,0.0
60639,15553,1008,1,240.0,0.0
60640,15553,1012,1,49.0,0.0
60641,15554,1015,1,890.0,0.0
60642,15555,1012,2,49.0,0.0
60643,15556,1015,1,890.0,0.0
60644,15557,1013,1,95.0,0.15
60645,15558,1011,2,520.0,0.1
60646,15559,1014,1,149.0,0.0
60647,15560,1020,1,310.0,0.0
60648,15561,1018,3,175.0,0.1
60649,15562,1013,1,95.0,0.0
60650,15562,1018,1,175.0,0.05
60651,15563,1011,1,520.0,0.0
60652,15564,1011,1,520.0,0.0
60653,15564,1005,1,55.0,0.2
60654,15564,1002,1,680.0,0.15
60655,15565,1017,1,45.0,0.0
60656,15566,1017,1,45.0,0.0
60657,15566,1020,1,310.0,0.0
60658,15566,1005,2,55.0,0.2
60659,15567,1001,1,450.0,0.1
60660,15567,1014,1,149.0,0.3
60661,15568,1003,1,89.0,0.0
60662,15569,1006,1,130.0,0.15
60663,15569,1011,1,520.0,0.0
60664,15570,1007,2,75.0,0.1
60665,15570,1011,1,520.0,0.0
60666,15571,1013,2,95.0,0.1
60667,15571,1007,1,75.0,0.0
60668,15571,1005,3,55.0,0.0
60669,15571,1011,1,520.0,0.0
60670,15572,1017,3,45.0,0.25
60671,15573,1003,1,89.0,0.0
60672,15574,1018,1,175.0,0.0
60673,15575,1012,3,49.0,0.1
60674,15576,1011,1,520.0,0.0
60675,15577,1004,1,160.0,0.05
60676,15577,1016,1,210.0,0.1
60677,15578,1019,1,260.0,0.15
60678,15578,1009,1,320.0,0.0
60679,15579,1008,1,240.0,0.0
60680,15580,1013,1,95.0,0.0
60681,15581,1018,1,175.0,0.2
60682,15582,1012,1,49.0,0.05
60683,15583,1017,1,45.0,0.0
60684,15583,1009,1,320.0,0.1
60685,15584,1006,1,130.0,0.3
60686,15585,1003,2,89.0,0.2
60687,15586,1017,1,45.0,0.2
60688,15587,1018,1,175.0,0.1
60689,15587,1002,1,680.0,0.25
60690,15587,1015,1,890.0,0.0
60691,15588,1004,3,160.0,0.0
60692,15589,1015,1,890.0,0.05
60693,15589,1013,1,95.0,0.05
60694,15590,1007,1,75.0,0.2
60695,15590,1013,1,95.0,0.0
60696,15591,1012,1,49.0,0.0
60697,15591,1005,1,55.0,0.0
60698,15592,1005,4,55.0,0.0
60699,15593,1016,1,210.0,0.0
60700,15594,1001,1,450.0,0.0
60701,15594,1009,1,320.0,0.15
60702,15595,1016,1,210.0,0.0
60703,15595,1005,1,55.0,0.0
60704,15596,1016,4,210.0,0.2
60705,15597,1019,2,260.0,0.0
60706,15597,1010,1,119.0,0.15
60707,15598,1016,2,210.0,0.2
60708,15598,1014,1,149.0,0.15
60709,15599,1001,1,450.0,0.0
60710,15599,1017,1,45.0,0.1
60711,15599,1015,1,890.0,0.1
60712,15599,1003,2,89.0,0.1
60713,15600,1013,2,95.0,0.0
60714,15600,1010,1,119.0,0.05
60715,15600,1011,3,520.0,0.0
60716,15601,1005,1,55.0,0.15
60717,15602,1005,1,55.0,0.0
60718,15603,1010,2,119.0,0.0
60719,15603,1020,1,310.0,0.0
60720,15603,1003,1,89.0,0.0
60721,15604,1012,1,49.0,0.0
60722,15604,1009,1,320.0,0.0
60723,15605,1020,1,310.0,0.15
60724,15606,1004,1,160.0,0.1
60725,15606,1012,3,49.0,0.0
60726,15607,1001,2,450.0,0.0
60727,15608,1020,2,310.0,0.0
60728,15609,1010,1,119.0,0.0
60729,15609,1015,1,890.0,0.0
60730,15609,1011,1,520.0,0.1
60731,15609,1006,1,130.0,0.0
60732,15609,1017,1,45.0,0.1
60733,15610,1002,1,680.0,0.0
60734,15611,1020,1,310.0,0.15
60735,15612,1017,2,45.0,0.0
60736,15613,1011,1,520.0,0.0
60737,15614,1006,1,130.0,0.0
60738,15614,1019,1,260.0,0.05
60739,15615,1017,4,45.0,0.0
60740,15616,1018,4,175.0,0.05
60741,15616,1019,1,260.0,0.1
60742,15617,1008,1,240.0,0.05
60743,15617,1017,1,45.0,0.0
60744,15618,1002,1,680.0,0.0
60745,15618,1015,1,890.0,0.0
60746,15619,1001,1,450.0,0.15
60747,15620,1002,1,680.0,0.0
60748,15621,1017,1,45.0,0.1
60749,15621,1020,1,310.0,0.1
60750,15621,1014,1,149.0,0.1
60751,15621,1002,3,680.0,0.0
60752,15622,1003,1,89.0,0.1
60753,15623,1005,1,55.0,0.2
60754,15623,1012,2,49.0,0.0
60755,15623,1020,1,310.0,0.0
60756,15623,1015,2,890.0,0.2
60757,15624,1009,2,320.0,0.0
60758,15624,1019,2,260.0,0.0
60759,15625,1018,1,175.0,0.0
60760,15625,1017,1,45.0,0.15
60761,15625,1007,1,75.0,0.05
60762,15626,1005,1,55.0,0.1
60763,15626,1015,2,890.0,0.05
60764,15627,1017,1,45.0,0.0
60765,15627,1011,1,520.0,0.2
60766,15628,1010,1,119.0,0.0
60767,15628,1011,1,520.0,0.0
60768,15629,1009,1,320.0,0.1
60769,15630,1002,1,680.0,0.15
60770,15630,1007,1,75.0,0.0
60771,15630,1006,1,130.0,0.15
60772,15631,1005,4,55.0,0.15
60773,15632,1001,1,450.0,0.0
60774,15632,1009,2,320.0,0.05
60775,15633,1007,1,75.0,0.2
60776,15634,1011,1,520.0,0.1
60777,15634,1017,1,45.0,0.0
60778,15635,1013,1,95.0,0.15
60779,15635,1017,2,45.0,0.0
60780,15636,1018,1,175.0,0.0
60781,15636,1001,1,450.0,0.25
60782,15636,1019,3,260.0,0.0
60783,15637,1004,1,160.0,0.0
60784,15637,1013,1,95.0,0.0
60785,15637,1016,1,210.0,0.2
60786,15638,1009,1,320.0,0.0
60787,15638,1001,1,450.0,0.05
60788,15638,1004,1,160.0,0.1
60789,15639,1016,1,210.0,0.0
60790,15639,1005,3,55.0,0.0
60791,15640,1007,2,75.0,0.0
60792,15641,1010,1,119.0,0.05
60793,15641,1003,1,89.0,0.1
60794,15642,1014,1,149.0,0.0
60795,15643,1015,1,890.0,0.15
60796,15643,1008,1,240.0,0.0
60797,15644,1005,1,55.0,0.1
60798,15645,1019,2,260.0,0.0
60799,15645,1001,1,450.0,0.0
60800,15646,1016,1,210.0,0.15
60801,15646,1006,2,130.0,0.15
60802,15647,1015,3,890.0,0.15
60803,15647,1017,1,45.0,0.0
60804,15648,1010,1,119.0,0.05
60805,15649,1016,1,210.0,0.0
60806,15649,1004,1,160.0,0.0
60807,15650,1012,1,49.0,0.0
60808,15651,1003,1,89.0,0.0
60809,15651,1002,1,680.0,0.0
60810,15652,1004,1,160.0,0.0
60811,15652,1002,1,680.0,0.0
60812,15653,1002,1,680.0,0.0
60813,15654,1013,4,95.0,0.05
60814,15654,1003,2,89.0,0.05
60815,15655,1010,2,119.0,0.15
60816,15656,1007,1,75.0,0.15
60817,15657,1013,1,95.0,0.05
60818,15658,1007,1,75.0,0.15
60819,15658,1011,1,520.0,0.0
60820,15659,1004,2,160.0,0.1
60821,15660,1003,1,89.0,0.0
60822,15661,1006,1,130.0,0.05
60823,15661,1008,2,240.0,0.0
60824,15662,1006,2,130.0,0.0
60825,15662,1013,1,95.0,0.0
60826,15663,1020,1,310.0,0.0
60827,15664,1020,3,310.0,0.0
60828,15664,1018,1,175.0,0.0
60829,15664,1008,1,240.0,0.0
60830,15664,1001,1,450.0,0.15
60831,15664,1003,2,89.0,0.0
60832,15665,1019,2,260.0,0.25
60833,15666,1013,2,95.0,0.25
60834,15667,1012,1,49.0,0.0
60835,15668,1013,1,95.0,0.0
60836,15668,1015,2,890.0,0.0
60837,15668,1004,1,160.0,0.2
60838,15669,1014,2,149.0,0.0
60839,15670,1011,1,520.0,0.05
60840,15671,1005,1,55.0,0.05
60841,15671,1003,3,89.0,0.0
60842,15672,1010,1,119.0,0.1
60843,15673,1005,1,55.0,0.0
60844,15673,1002,2,680.0,0.05
60845,15673,1016,1,210.0,0.0
60846,15674,1007,1,75.0,0.0
60847,15674,1002,1,680.0,0.25
60848,15674,1020,1,310.0,0.1
60849,15675,1005,1,55.0,0.0
60850,15676,1010,1,119.0,0.0
60851,15677,1003,1,89.0,0.0
60852,15677,1014,3,149.0,0.2
60853,15677,1009,1,320.0,0.15
60854,15677,1015,1,890.0,0.3
60855,15677,1011,1,520.0,0.1
60856,15678,1005,1,55.0,0.0
60857,15679,1011,2,520.0,0.1
60858,15680,1014,1,149.0,0.0
60859,15680,1018,2,175.0,0.0
60860,15681,1019,2,260.0,0.3
60861,15682,1017,3,45.0,0.0
60862,15683,1004,1,160.0,0.05
60863,15683,1009,1,320.0,0.1
60864,15683,1001,1,450.0,0.05
60865,15684,1011,1,520.0,0.1
60866,15684,1002,2,680.0,0.0
60867,15685,1005,2,55.0,0.0
60868,15686,1013,1,95.0,0.0
60869,15687,1007,1,75.0,0.2
60870,15687,1001,2,450.0,0.0
60871,15688,1014,1,149.0,0.15
60872,15689,1001,1,450.0,0.0
60873,15689,1011,1,520.0,0.05
60874,15689,1006,1,130.0,0.0
60875,15690,1019,1,260.0,0.0
60876,15691,1003,1,89.0,0.2
60877,15691,1004,1,160.0,0.0
60878,15691,1009,1,320.0,0.05
60879,15692,1001,1,450.0,0.1
60880,15692,1010,1,119.0,0.0
60881,15692,1017,1,45.0,0.0
60882,15692,1007,2,75.0,0.0
60883,15693,1011,2,520.0,0.1
60884,15693,1015,1,890.0,0.2
60885,15693,1014,1,149.0,0.0
60886,15694,1006,1,130.0,0.2
60887,15694,1013,1,95.0,0.1
60888,15695,1007,2,75.0,0.05
60889,15696,1011,1,520.0,0.05
60890,15697,1020,1,310.0,0.2
60891,15698,1020,2,310.0,0.0
60892,15699,1013,2,95.0,0.1
60893,15699,1014,1,149.0,0.1
60894,15699,1012,1,49.0,0.0
60895,15700,1008,2,240.0,0.0
60896,15700,1004,2,160.0,0.0
60897,15701,1010,1,119.0,0.15
60898,15702,1016,1,210.0,0.05
60899,15702,1009,1,320.0,0.05
60900,15703,1016,1,210.0,0.0
60901,15703,1018,1,175.0,0.0
60902,15703,1019,1,260.0,0.0
60903,15704,1015,1,890.0,0.05
60904,15705,1002,1,680.0,0.05
60905,15706,1016,3,210.0,0.15
60906,15706,1007,1,75.0,0.2
60907,15707,1012,1,49.0,0.0
60908,15707,1009,1,320.0,0.05
60909,15707,1006,2,130.0,0.1
60910,15708,1008,2,240.0,0.2
60911,15708,1006,1,130.0,0.15
60912,15709,1017,1,45.0,0.0
60913,15709,1020,1,310.0,0.0
60914,15710,1019,1,260.0,0.0
60915,15710,1009,1,320.0,0.05
60916,15710,1003,1,89.0,0.15
60917,15710,1006,1,130.0,0.1
60918,15711,1017,1,45.0,0.0
60919,15712,1016,1,210.0,0.1
60920,15712,1002,1,680.0,0.25
60921,15713,1016,1,210.0,0.0
60922,15713,1002,1,680.0,0.0
60923,15714,1005,1,55.0,0.0
60924,15715,1003,1,89.0,0.2
60925,15715,1016,1,210.0,0.0
60926,15715,1020,1,310.0,0.0
60927,15716,1007,2,75.0,0.1
60928,15716,1005,2,55.0,0.3
60929,15717,1010,1,119.0,0.1
60930,15717,1001,1,450.0,0.1
60931,15718,1015,2,890.0,0.0
60932,15719,1006,2,130.0,0.0
60933,15719,1013,1,95.0,0.0
60934,15719,1012,1,49.0,0.0
60935,15719,1014,1,149.0,0.0
60936,15720,1007,1,75.0,0.0
60937,15721,1020,1,310.0,0.1
60938,15721,1016,2,210.0,0.1
60939,15721,1006,1,130.0,0.0
60940,15721,1001,2,450.0,0.15
60941,15721,1009,1,320.0,0.05
60942,15722,1019,1,260.0,0.15
60943,15722,1018,2,175.0,0.05
60944,15722,1008,1,240.0,0.0
60945,15723,1014,1,149.0,0.0
60946,15723,1007,1,75.0,0.0
60947,15724,1012,1,49.0,0.0
60948,15724,1004,1,160.0,0.05
60949,15724,1014,2,149.0,0.0
60950,15725,1009,1,320.0,0.2
60951,15725,1017,2,45.0,0.0
60952,15725,1018,1,175.0,0.0
60953,15726,1006,1,130.0,0.0
60954,15726,1020,3,310.0,0.0
60955,15727,1017,1,45.0,0.0
60956,15728,1006,4,130.0,0.0
60957,15728,1011,1,520.0,0.0
60958,15728,1015,1,890.0,0.0
60959,15729,1007,1,75.0,0.2
60960,15730,1017,1,45.0,0.0
60961,15730,1015,4,890.0,0.15
60962,15731,1007,1,75.0,0.0
60963,15731,1006,1,130.0,0.05
60964,15732,1001,2,450.0,0.05
60965,15733,1011,1,520.0,0.1
60966,15734,1009,1,320.0,0.25
60967,15734,1018,1,175.0,0.2
60968,15734,1006,1,130.0,0.0
60969,15735,1012,1,49.0,0.05
60970,15736,1004,1,160.0,0.1
60971,15736,1009,1,320.0,0.0
60972,15737,1014,2,149.0,0.1
60973,15737,1001,2,450.0,0.1
60974,15737,1010,1,119.0,0.0
60975,15737,1013,2,95.0,0.05
60976,15738,1002,1,680.0,0.05
60977,15738,1010,1,119.0,0.2
60978,15739,1010,2,119.0,0.15
60979,15739,1018,2,175.0,0.0
60980,15739,1012,1,49.0,0.05
60981,15740,1016,1,210.0,0.15
60982,15740,1005,1,55.0,0.05
60983,15741,1017,1,45.0,0.05
60984,15741,1012,1,49.0,0.2
60985,15741,1006,1,130.0,0.25
60986,15742,1008,2,240.0,0.0
60987,15743,1004,1,160.0,0.05
60988,15744,1008,1,240.0,0.0
60989,15744,1012,1,49.0,0.05
60990,15744,1013,2,95.0,0.0
60991,15744,1018,1,175.0,0.1
60992,15745,1016,1,210.0,0.0
60993,15745,1015,1,890.0,0.2
60994,15745,1009,1,320.0,0.05
60995,15745,1004,1,160.0,0.0
60996,15746,1003,4,89.0,0.0
60997,15747,1016,1,210.0,0.0
60998,15748,1001,1,450.0,0.05
60999,15748,1006,1,130.0,0.25
61000,15748,1016,1,210.0,0.05
61001,15749,1013,2,95.0,0.05
61002,15750,1004,1,160.0,0.2
61003,15751,1015,1,890.0,0.0
61004,15751,1014,1,149.0,0.0
61005,15751,1017,3,45.0,0.0
61006,15751,1006,1,130.0,0.0
61007,15751,1009,1,320.0,0.05
61008,15752,1010,1,119.0,0.25
61009,15753,1012,1,49.0,0.15
61010,15754,1011,4,520.0,0.15
61011,15755,1014,2,149.0,0.1
61012,15756,1006,1,130.0,0.15
61013,15757,1020,1,310.0,0.2
61014,15757,1002,1,680.0,0.05
61015,15757,1016,1,210.0,0.2
61016,15758,1002,2,680.0,0.0
61017,15758,1001,1,450.0,0.0
61018,15758,1017,1,45.0,0.0
61019,15758,1016,2,210.0,0.1
61020,15759,1010,1,119.0,0.15
61021,15759,1002,1,680.0,0.0
61022,15760,1018,2,175.0,0.0
61023,15760,1019,1,260.0,0.0
61024,15761,1001,1,450.0,0.0
61025,15761,1007,1,75.0,0.15
61026,15761,1004,2,160.0,0.0
61027,15762,1012,1,49.0,0.0
61028,15762,1003,1,89.0,0.05
61029,15762,1005,1,55.0,0.1
61030,15762,1006,1,130.0,0.2
61031,15763,1005,1,55.0,0.0
61032,15763,1001,1,450.0,0.0
61033,15764,1017,1,45.0,0.0
61034,15764,1002,1,680.0,0.0
61035,15765,1005,2,55.0,0.0
61036,15765,1019,1,260.0,0.05
61037,15766,1002,1,680.0,0.15
61038,15767,1014,3,149.0,0.2
61039,15768,1004,1,160.0,0.1
61040,15769,1001,1,450.0,0.2
61041,15769,1002,1,680.0,0.1
61042,15770,1008,1,240.0,0.05
61043,15770,1010,1,119.0,0.0
61044,15770,1005,1,55.0,0.0
61045,15771,1001,1,450.0,0.15
61046,15772,1019,2,260.0,0.3
61047,15772,1003,1,89.0,0.1
61048,15772,1020,1,310.0,0.0
61049,15773,1020,1,310.0,0.0
61050,15773,1016,1,210.0,0.1
61051,15774,1020,1,310.0,0.15
61052,15775,1015,1,890.0,0.3
61053,15775,1020,1,310.0,0.1
61054,15776,1015,1,890.0,0.0
61055,15777,1002,1,680.0,0.05
61056,15777,1010,1,119.0,0.15
61057,15777,1011,1,520.0,0.0
61058,15778,1011,1,520.0,0.0
61059,15779,1015,1,890.0,0.0
61060,15780,1005,2,55.0,0.0
61061,15780,1002,4,680.0,0.25
61062,15781,1001,3,450.0,0.0
61063,15781,1016,1,210.0,0.2
61064,15782,1011,1,520.0,0.1
61065,15783,1019,1,260.0,0.2
61066,15783,1017,1,45.0,0.1
61067,15783,1006,1,130.0,0.15
61068,15783,1007,1,75.0,0.1
61069,15784,1003,1,89.0,0.3
61070,15784,1017,2,45.0,0.05
61071,15784,1014,1,149.0,0.0
61072,15785,1015,1,890.0,0.15
61073,15785,1005,1,55.0,0.05
61074,15786,1006,1,130.0,0.2
61075,15787,1006,2,130.0,0.0
61076,15787,1012,1,49.0,0.0
61077,15788,1002,1,680.0,0.0
61078,15788,1008,1,240.0,0.0
61079,15789,1013,2,95.0,0.0
61080,15790,1015,1,890.0,0.0
61081,15790,1001,1,450.0,0.0
61082,15790,1005,2,55.0,0.0
61083,15791,1006,4,130.0,0.0
61084,15791,1005,1,55.0,0.1
61085,15791,1014,1,149.0,0.0
61086,15791,1012,1,49.0,0.0
61087,15791,1019,3,260.0,0.0
61088,15792,1013,1,95.0,0.15
61089,15792,1002,4,680.0,0.15
61090,15792,1020,1,310.0,0.0
61091,15793,1017,1,45.0,0.05
61092,15793,1013,1,95.0,0.0
61093,15794,1006,4,130.0,0.05
61094,15794,1001,1,450.0,0.0
61095,15794,1015,1,890.0,0.05
61096,15794,1013,2,95.0,0.1
61097,15795,1005,2,55.0,0.1
61098,15796,1015,1,890.0,0.15
61099,15797,1012,2,49.0,0.2
61100,15798,1011,1,520.0,0.0
61101,15798,1017,2,45.0,0.05
61102,15799,1018,2,175.0,0.05
61103,15800,1005,4,55.0,0.1
61104,15800,1019,1,260.0,0.15
61105,15800,1007,1,75.0,0.15
61106,15801,1008,1,240.0,0.05
61107,15802,1019,1,260.0,0.3
61108,15802,1001,1,450.0,0.2
61109,15803,1019,1,260.0,0.0
61110,15803,1005,1,55.0,0.0
61111,15803,1009,1,320.0,0.0
61112,15803,1010,1,119.0,0.0
61113,15804,1007,1,75.0,0.05
61114,15805,1002,1,680.0,0.0
61115,15805,1014,1,149.0,0.0
61116,15805,1018,1,175.0,0.0
61117,15806,1020,1,310.0,0.1
61118,15807,1007,1,75.0,0.1
61119,15807,1010,1,119.0,0.15
61120,15808,1012,2,49.0,0.25
61121,15809,1010,2,119.0,0.15
61122,15810,1007,1,75.0,0.0
61123,15810,1020,1,310.0,0.0
61124,15811,1012,1,49.0,0.0
61125,15811,1014,1,149.0,0.0
61126,15812,1007,2,75.0,0.15
61127,15813,1020,1,310.0,0.05
61128,15813,1015,1,890.0,0.0
61129,15814,1016,1,210.0,0.0
61130,15815,1010,1,119.0,0.0
61131,15815,1005,1,55.0,0.05
61132,15816,1013,2,95.0,0.1
61133,15817,1003,1,89.0,0.15
61134,15817,1013,1,95.0,0.0
61135,15817,1005,1,55.0,0.2
61136,15818,1002,1,680.0,0.0
61137,15818,1008,1,240.0,0.0
61138,15818,1005,1,55.0,0.15
61139,15819,1020,1,310.0,0.0
61140,15820,1004,1,160.0,0.1
61141,15820,1016,1,210.0,0.3
61142,15820,1011,1,520.0,0.1
61143,15821,1010,2,119.0,0.15
61144,15821,1013,1,95.0,0.05
61145,15822,1010,1,119.0,0.05
61146,15823,1016,1,210.0,0.1
61147,15824,1001,1,450.0,0.0
61148,15825,1013,2,95.0,0.05
61149,15826,1007,2,75.0,0.05
61150,15826,1014,1,149.0,0.05
61151,15827,1004,1,160.0,0.0
61152,15827,1008,1,240.0,0.0
61153,15828,1014,2,149.0,0.1
61154,15828,1005,1,55.0,0.2
61155,15828,1010,1,119.0,0.0
61156,15829,1005,2,55.0,0.0
61157,15830,1018,1,175.0,0.0
61158,15831,1006,1,130.0,0.0
61159,15831,1017,2,45.0,0.2
61160,15832,1018,1,175.0,0.2
61161,15833,1003,1,89.0,0.1
61162,15833,1019,2,260.0,0.15
61163,15833,1001,1,450.0,0.15
61164,15834,1017,2,45.0,0.1
61165,15834,1010,2,119.0,0.0
61166,15834,1020,1,310.0,0.15
61167,15834,1018,2,175.0,0.1
61168,15834,1005,1,55.0,0.05
61169,15835,1014,1,149.0,0.0
61170,15836,1004,1,160.0,0.0
61171,15836,1008,1,240.0,0.05
61172,15836,1006,1,130.0,0.0
61173,15836,1011,1,520.0,0.05
61174,15836,1003,2,89.0,0.0
61175,15837,1015,1,890.0,0.15
61176,15837,1017,2,45.0,0.0
61177,15837,1002,1,680.0,0.0
61178,15838,1016,1,210.0,0.0
61179,15838,1015,1,890.0,0.15
61180,15839,1007,1,75.0,0.1
61181,15839,1004,1,160.0,0.15
61182,15839,1019,2,260.0,0.1
61183,15840,1003,2,89.0,0.1
61184,15841,1018,2,175.0,0.05
61185,15842,1011,1,520.0,0.15
61186,15843,1009,1,320.0,0.0
61187,15844,1010,2,119.0,0.0
61188,15844,1002,1,680.0,0.05
61189,15844,1007,1,75.0,0.0
61190,15845,1008,1,240.0,0.0
61191,15846,1013,1,95.0,0.0
61192,15847,1005,3,55.0,0.0
61193,15848,1009,1,320.0,0.15
61194,15848,1014,1,149.0,0.15
61195,15848,1017,1,45.0,0.1
61196,15848,1010,3,119.0,0.0
61197,15849,1007,1,75.0,0.1
61198,15849,1005,3,55.0,0.05
61199,15850,1003,3,89.0,0.0
61200,15850,1004,2,160.0,0.0
61201,15851,1001,1,450.0,0.1
61202,15852,1005,2,55.0,0.2
61203,15852,1002,1,680.0,0.15
61204,15852,1004,1,160.0,0.1
61205,15852,1003,2,89.0,0.0
61206,15853,1019,1,260.0,0.1
61207,15853,1001,3,450.0,0.1
61208,15853,1008,1,240.0,0.15
61209,15854,1004,1,160.0,0.2
61210,15855,1019,1,260.0,0.05
61211,15856,1015,1,890.0,0.0
61212,15856,1018,2,175.0,0.0
61213,15857,1005,1,55.0,0.0
61214,15858,1013,1,95.0,0.0
61215,15859,1005,1,55.0,0.2
61216,15859,1010,1,119.0,0.25
61217,15859,1002,1,680.0,0.15
61218,15860,1006,2,130.0,0.1
61219,15861,1011,1,520.0,0.15
61220,15861,1014,1,149.0,0.1
61221,15861,1018,1,175.0,0.0
61222,15861,1015,1,890.0,0.15
61223,15862,1002,1,680.0,0.2
61224,15862,1018,1,175.0,0.0
61225,15863,1002,1,680.0,0.05
61226,15863,1020,1,310.0,0.05
61227,15864,1013,1,95.0,0.0
61228,15865,1015,3,890.0,0.15
61229,15866,1014,1,149.0,0.0
61230,15866,1017,3,45.0,0.0
61231,15866,1006,1,130.0,0.1
61232,15867,1019,1,260.0,0.05
61233,15867,1014,2,149.0,0.0
61234,15868,1001,1,450.0,0.0
61235,15868,1005,2,55.0,0.1
61236,15869,1004,2,160.0,0.0
61237,15870,1004,1,160.0,0.0
61238,15870,1005,1,55.0,0.0
61239,15871,1010,1,119.0,0.1
61240,15871,1013,1,95.0,0.15
61241,15872,1020,1,310.0,0.15
61242,15872,1012,1,49.0,0.1
61243,15873,1009,1,320.0,0.0
61244,15874,1010,3,119.0,0.0
61245,15875,1003,1,89.0,0.05
61246,15875,1011,1,520.0,0.0
61247,15876,1010,2,119.0,0.05
61248,15877,1003,1,89.0,0.05
61249,15877,1009,3,320.0,0.15
61250,15877,1005,1,55.0,0.05
61251,15878,1008,1,240.0,0.0
61252,15879,1011,1,520.0,0.1
61253,15879,1015,2,890.0,0.1
61254,15880,1009,1,320.0,0.2
61255,15881,1002,1,680.0,0.2
61256,15881,1014,1,149.0,0.0
61257,15882,1014,1,149.0,0.15
61258,15882,1013,1,95.0,0.15
61259,15882,1017,2,45.0,0.0
61260,15882,1008,2,240.0,0.15
61261,15883,1007,1,75.0,0.3
61262,15883,1002,2,680.0,0.0
61263,15884,1001,1,450.0,0.0
61264,15884,1020,1,310.0,0.1
61265,15884,1009,3,320.0,0.05
61266,15885,1018,1,175.0,0.0
61267,15885,1019,2,260.0,0.0
61268,15886,1001,1,450.0,0.1
61269,15887,1014,1,149.0,0.05
61270,15887,1007,1,75.0,0.1
61271,15888,1011,1,520.0,0.3
61272,15889,1010,4,119.0,0.05
61273,15889,1003,2,89.0,0.2
61274,15889,1013,1,95.0,0.2
61275,15890,1012,2,49.0,0.0
61276,15891,1017,1,45.0,0.1
61277,15891,1005,1,55.0,0.2
61278,15892,1009,3,320.0,0.1
61279,15892,1006,1,130.0,0.2
61280,15892,1019,2,260.0,0.0
61281,15892,1003,3,89.0,0.0
61282,15893,1012,2,49.0,0.2
61283,15893,1007,1,75.0,0.0
61284,15893,1009,1,320.0,0.05
61285,15894,1012,1,49.0,0.1
61286,15894,1016,1,210.0,0.1
61287,15895,1014,2,149.0,0.1
61288,15896,1020,1,310.0,0.05
61289,15896,1017,2,45.0,0.2
61290,15896,1016,1,210.0,0.1
61291,15897,1011,1,520.0,0.0
61292,15897,1017,1,45.0,0.0
61293,15897,1015,1,890.0,0.0
61294,15897,1019,1,260.0,0.0
61295,15898,1009,2,320.0,0.0
61296,15899,1005,2,55.0,0.15
61297,15900,1008,1,240.0,0.2
61298,15901,1016,3,210.0,0.15
61299,15901,1011,1,520.0,0.2
61300,15902,1008,3,240.0,0.0
61301,15903,1014,3,149.0,0.1
61302,15903,1005,1,55.0,0.0
61303,15903,1002,1,680.0,0.0
61304,15904,1003,1,89.0,0.15
61305,15904,1016,3,210.0,0.05
61306,15904,1013,1,95.0,0.05
61307,15905,1015,1,890.0,0.0
61308,15905,1012,1,49.0,0.0
61309,15905,1005,2,55.0,0.0
61310,15906,1020,2,310.0,0.0
61311,15907,1019,1,260.0,0.05
61312,15907,1010,4,119.0,0.0
61313,15908,1004,1,160.0,0.0
61314,15909,1004,1,160.0,0.05
61315,15910,1017,2,45.0,0.15
61316,15910,1013,1,95.0,0.1
61317,15910,1019,2,260.0,0.15
61318,15911,1018,1,175.0,0.15
61319,15911,1004,1,160.0,0.05
61320,15911,1016,1,210.0,0.2
61321,15912,1004,1,160.0,0.15
61322,15913,1014,1,149.0,0.05
61323,15913,1015,3,890.0,0.0
61324,15913,1003,1,89.0,0.2
61325,15913,1013,1,95.0,0.0
61326,15914,1017,1,45.0,0.0
61327,15914,1009,1,320.0,0.0
61328,15914,1012,1,49.0,0.1
61329,15915,1020,1,310.0,0.05
61330,15916,1015,1,890.0,0.0
61331,15916,1017,1,45.0,0.0
61332,15917,1008,1,240.0,0.05
61333,15917,1007,1,75.0,0.1
61334,15918,1006,1,130.0,0.05
61335,15919,1016,1,210.0,0.1
61336,15919,1003,1,89.0,0.05
61337,15920,1018,1,175.0,0.1
61338,15920,1006,1,130.0,0.05
61339,15920,1009,1,320.0,0.05
61340,15921,1016,1,210.0,0.1
61341,15921,1007,1,75.0,0.1
61342,15922,1013,1,95.0,0.25
61343,15922,1004,1,160.0,0.1
61344,15922,1005,1,55.0,0.0
61345,15923,1011,1,520.0,0.0
61346,15923,1017,3,45.0,0.15
61347,15923,1003,1,89.0,0.0
61348,15924,1011,1,520.0,0.0
61349,15924,1017,1,45.0,0.0
61350,15924,1015,1,890.0,0.2
61351,15925,1016,1,210.0,0.0
61352,15926,1017,1,45.0,0.1
61353,15926,1018,1,175.0,0.0
61354,15927,1003,1,89.0,0.05
61355,15927,1007,1,75.0,0.0
61356,15928,1002,2,680.0,0.0
61357,15928,1015,1,890.0,0.05
61358,15928,1019,1,260.0,0.0
61359,15928,1005,2,55.0,0.1
61360,15929,1019,2,260.0,0.15
61361,15929,1020,1,310.0,0.0
61362,15930,1009,1,320.0,0.0
61363,15930,1014,2,149.0,0.1
61364,15931,1005,4,55.0,0.15
61365,15931,1009,2,320.0,0.1
61366,15931,1016,1,210.0,0.0
61367,15932,1019,3,260.0,0.2
61368,15933,1014,1,149.0,0.05
61369,15934,1007,1,75.0,0.0
61370,15934,1016,1,210.0,0.15
61371,15935,1005,1,55.0,0.1
61372,15935,1007,1,75.0,0.0
61373,15936,1014,1,149.0,0.05
61374,15936,1009,1,320.0,0.0
61375,15936,1012,1,49.0,0.0
61376,15937,1009,1,320.0,0.2
61377,15938,1014,3,149.0,0.0
61378,15938,1017,1,45.0,0.05
61379,15939,1011,2,520.0,0.15
61380,15940,1017,1,45.0,0.1
61381,15941,1010,1,119.0,0.0
61382,15941,1002,2,680.0,0.15
61383,15941,1005,2,55.0,0.1
61384,15941,1007,1,75.0,0.1
61385,15942,1001,1,450.0,0.0
61386,15942,1003,1,89.0,0.2
61387,15942,1015,1,890.0,0.1
61388,15943,1016,4,210.0,0.05
61389,15943,1007,1,75.0,0.1
61390,15944,1003,1,89.0,0.0
61391,15944,1001,1,450.0,0.0
61392,15945,1008,2,240.0,0.0
61393,15946,1020,2,310.0,0.0
61394,15947,1012,1,49.0,0.05
61395,15948,1011,1,520.0,0.0
61396,15948,1005,1,55.0,0.1
61397,15948,1018,1,175.0,0.1
61398,15949,1013,1,95.0,0.0
61399,15949,1007,1,75.0,0.15
61400,15950,1001,1,450.0,0.1
61401,15951,1004,1,160.0,0.0
61402,15951,1011,1,520.0,0.15
61403,15952,1004,1,160.0,0.0
61404,15952,1019,1,260.0,0.0
61405,15953,1004,4,160.0,0.0
61406,15953,1012,1,49.0,0.05
61407,15953,1005,1,55.0,0.05
61408,15953,1015,1,890.0,0.0
61409,15954,1009,1,320.0,0.05
61410,15955,1005,1,55.0,0.15
61411,15955,1010,1,119.0,0.0
61412,15956,1016,1,210.0,0.0
61413,15956,1013,1,95.0,0.0
61414,15956,1004,1,160.0,0.0
61415,15957,1003,1,89.0,0.0
61416,15958,1018,1,175.0,0.15
61417,15959,1012,1,49.0,0.1
61418,15960,1006,1,130.0,0.15
61419,15960,1009,2,320.0,0.0
61420,15961,1008,1,240.0,0.0
61421,15962,1003,1,89.0,0.0
61422,15963,1019,2,260.0,0.05
61423,15963,1001,1,450.0,0.05
61424,15964,1017,1,45.0,0.05
61425,15964,1012,1,49.0,0.1
61426,15965,1008,2,240.0,0.3
61427,15965,1002,2,680.0,0.05
61428,15965,1005,1,55.0,0.05
61429,15965,1004,2,160.0,0.1
61430,15966,1013,1,95.0,0.0
61431,15966,1010,1,119.0,0.0
61432,15967,1006,1,130.0,0.0
61433,15967,1017,1,45.0,0.2
61434,15967,1005,1,55.0,0.0
61435,15968,1009,1,320.0,0.0
61436,15969,1020,1,310.0,0.1
61437,15969,1011,1,520.0,0.05
61438,15970,1018,1,175.0,0.0
61439,15970,1012,2,49.0,0.0
61440,15970,1001,1,450.0,0.0
61441,15971,1003,1,89.0,0.0
61442,15971,1015,2,890.0,0.2
61443,15972,1002,1,680.0,0.15
61444,15972,1007,2,75.0,0.1
61445,15973,1018,1,175.0,0.0
61446,15973,1003,1,89.0,0.0
61447,15974,1010,1,119.0,0.0
61448,15975,1020,1,310.0,0.15
61449,15976,1007,1,75.0,0.15
61450,15976,1004,1,160.0,0.0
61451,15976,1017,2,45.0,0.0
61452,15977,1015,1,890.0,0.05
61453,15977,1019,2,260.0,0.0
61454,15977,1014,1,149.0,0.0
61455,15978,1005,1,55.0,0.0
61456,15978,1020,2,310.0,0.05
61457,15978,1006,1,130.0,0.15
61458,15979,1020,1,310.0,0.15
61459,15979,1007,1,75.0,0.1
61460,15980,1012,2,49.0,0.0
61461,15981,1002,2,680.0,0.2
61462,15982,1020,1,310.0,0.05
61463,15982,1013,1,95.0,0.05
61464,15982,1005,1,55.0,0.0
61465,15983,1012,1,49.0,0.0
61466,15983,1015,1,890.0,0.05
61467,15984,1011,3,520.0,0.05
61468,15985,1001,1,450.0,0.1
61469,15986,1003,1,89.0,0.2
61470,15987,1002,1,680.0,0.05
61471,15988,1013,1,95.0,0.05
61472,15989,1005,1,55.0,0.3
61473,15990,1018,1,175.0,0.05
61474,15991,1005,1,55.0,0.1
61475,15991,1017,3,45.0,0.0
61476,15992,1019,3,260.0,0.0
61477,15992,1004,1,160.0,0.2
61478,15993,1016,1,210.0,0.0
61479,15993,1014,1,149.0,0.0
61480,15993,1013,1,95.0,0.0
61481,15994,1014,2,149.0,0.1
61482,15995,1003,1,89.0,0.0
61483,15996,1014,1,149.0,0.2
61484,15997,1009,4,320.0,0.1
61485,15997,1004,1,160.0,0.05
61486,15998,1020,1,310.0,0.1
61487,15998,1007,1,75.0,0.15
61488,15998,1003,1,89.0,0.1
61489,15998,1006,3,130.0,0.1
61490,15998,1013,2,95.0,0.05
61491,15999,1013,1,95.0,0.0
61492,15999,1016,1,210.0,0.0
61493,15999,1007,1,75.0,0.0
61494,15999,1005,2,55.0,0.1
61495,16000,1018,1,175.0,0.1
61496,16000,1005,3,55.0,0.1
61497,16001,1016,1,210.0,0.3
61498,16002,1005,1,55.0,0.0
61499,16002,1009,1,320.0,0.0
61500,16003,1020,2,310.0,0.0
61501,16003,1015,1,890.0,0.05
61502,16004,1009,2,320.0,0.0
61503,16005,1009,1,320.0,0.05
61504,16005,1007,2,75.0,0.1
61505,16005,1017,2,45.0,0.15
61506,16006,1011,2,520.0,0.1
61507,16007,1007,1,75.0,0.0
61508,16008,1004,1,160.0,0.1
61509,16009,1011,1,520.0,0.0
61510,16009,1004,1,160.0,0.05
61511,16010,1020,1,310.0,0.1
61512,16010,1006,3,130.0,0.0
61513,16011,1006,1,130.0,0.2
61514,16011,1018,1,175.0,0.0
61515,16012,1019,2,260.0,0.0
61516,16013,1017,2,45.0,0.1
61517,16013,1018,1,175.0,0.1
61518,16014,1013,1,95.0,0.15
61519,16014,1020,2,310.0,0.0
61520,16015,1010,1,119.0,0.0
61521,16015,1014,2,149.0,0.0
61522,16016,1007,1,75.0,0.0
61523,16017,1003,1,89.0,0.0
61524,16017,1020,1,310.0,0.1
61525,16018,1011,3,520.0,0.05
61526,16018,1004,1,160.0,0.0
61527,16018,1018,1,175.0,0.0
61528,16019,1005,1,55.0,0.0
61529,16020,1007,1,75.0,0.0
61530,16020,1016,1,210.0,0.0
61531,16020,1019,1,260.0,0.1
61532,16020,1009,1,320.0,0.05
61533,16021,1020,1,310.0,0.1
61534,16021,1010,1,119.0,0.1
61535,16021,1006,1,130.0,0.05
61536,16021,1005,2,55.0,0.0
61537,16022,1016,1,210.0,0.15
61538,16022,1008,1,240.0,0.2
61539,16023,1005,1,55.0,0.0
61540,16023,1014,2,149.0,0.15
61541,16023,1017,2,45.0,0.25
61542,16024,1014,2,149.0,0.05
61543,16024,1011,1,520.0,0.15
61544,16024,1010,2,119.0,0.25
61545,16024,1002,1,680.0,0.05
61546,16025,1006,2,130.0,0.2
61547,16025,1008,1,240.0,0.0
61548,16025,1011,1,520.0,0.0
61549,16026,1013,1,95.0,0.0
61550,16027,1007,3,75.0,0.0
61551,16028,1013,1,95.0,0.15
61552,16029,1006,1,130.0,0.0
61553,16029,1016,4,210.0,0.0
61554,16030,1018,2,175.0,0.05
61555,16031,1017,1,45.0,0.05
61556,16031,1013,2,95.0,0.0
61557,16031,1005,2,55.0,0.0
61558,16031,1004,1,160.0,0.0
61559,16032,1012,3,49.0,0.05
61560,16032,1007,1,75.0,0.1
61561,16033,1003,1,89.0,0.0
61562,16034,1004,2,160.0,0.05
61563,16034,1015,1,890.0,0.2
61564,16034,1003,2,89.0,0.2
61565,16035,1007,1,75.0,0.0
61566,16035,1003,1,89.0,0.15
61567,16036,1012,4,49.0,0.0
61568,16036,1004,2,160.0,0.0
61569,16037,1007,1,75.0,0.3
61570,16037,1016,1,210.0,0.1
61571,16038,1005,1,55.0,0.05
61572,16038,1007,1,75.0,0.0
61573,16039,1018,2,175.0,0.1
61574,16040,1011,1,520.0,0.15
61575,16041,1002,1,680.0,0.15
61576,16041,1014,1,149.0,0.15
61577,16041,1013,1,95.0,0.0
61578,16041,1011,1,520.0,0.0
61579,16041,1005,1,55.0,0.0
61580,16042,1011,1,520.0,0.1
61581,16042,1020,1,310.0,0.0
61582,16043,1015,1,890.0,0.25
61583,16044,1001,1,450.0,0.0
61584,16044,1004,1,160.0,0.15
61585,16045,1004,1,160.0,0.05
61586,16045,1012,2,49.0,0.0
61587,16045,1013,1,95.0,0.25
61588,16046,1019,1,260.0,0.1
61589,16046,1010,1,119.0,0.0
61590,16046,1009,1,320.0,0.0
61591,16046,1011,1,520.0,0.0
61592,16047,1015,1,890.0,0.0
61593,16048,1015,2,890.0,0.05
61594,16049,1006,1,130.0,0.05
61595,16049,1020,1,310.0,0.0
61596,16049,1011,1,520.0,0.15
61597,16049,1001,1,450.0,0.05
61598,16050,1012,3,49.0,0.0
61599,16050,1016,1,210.0,0.0
61600,16050,1003,1,89.0,0.1
61601,16051,1011,1,520.0,0.1
61602,16052,1016,2,210.0,0.0
61603,16053,1018,1,175.0,0.0
61604,16054,1008,1,240.0,0.05
61605,16055,1018,1,175.0,0.0
61606,16055,1015,2,890.0,0.15
61607,16056,1003,1,89.0,0.2
61608,16057,1009,1,320.0,0.0
61609,16058,1001,3,450.0,0.05
61610,16058,1006,1,130.0,0.2
61611,16059,1001,1,450.0,0.1
61612,16059,1010,1,119.0,0.2
61613,16060,1013,1,95.0,0.05
61614,16060,1011,2,520.0,0.0
61615,16061,1011,1,520.0,0.0
61616,16061,1010,1,119.0,0.0
61617,16061,1009,1,320.0,0.1
61618,16062,1004,2,160.0,0.2
61619,16062,1002,1,680.0,0.3
61620,16062,1017,1,45.0,0.05
61621,16062,1010,1,119.0,0.15
61622,16063,1005,2,55.0,0.0
61623,16064,1007,2,75.0,0.1
61624,16064,1011,2,520.0,0.15
61625,16064,1001,2,450.0,0.15
61626,16065,1007,1,75.0,0.0
61627,16065,1003,1,89.0,0.1
61628,16065,1018,1,175.0,0.0
61629,16066,1016,1,210.0,0.0
61630,16067,1003,1,89.0,0.0
61631,16067,1018,3,175.0,0.15
61632,16068,1005,1,55.0,0.0
61633,16069,1020,1,310.0,0.0
61634,16069,1012,3,49.0,0.05
61635,16070,1017,1,45.0,0.05
61636,16071,1012,1,49.0,0.0
61637,16071,1013,1,95.0,0.05
61638,16072,1002,1,680.0,0.05
61639,16072,1016,1,210.0,0.0
61640,16073,1004,1,160.0,0.0
61641,16074,1005,1,55.0,0.0
61642,16075,1002,1,680.0,0.15
61643,16076,1015,1,890.0,0.2
61644,16076,1006,1,130.0,0.2
61645,16076,1002,1,680.0,0.0
61646,16077,1006,1,130.0,0.0
61647,16078,1005,2,55.0,0.0
61648,16078,1017,1,45.0,0.0
61649,16078,1015,1,890.0,0.0
61650,16078,1001,1,450.0,0.0
61651,16079,1016,2,210.0,0.05
61652,16079,1003,2,89.0,0.0
61653,16079,1013,2,95.0,0.15
61654,16079,1017,1,45.0,0.0
61655,16080,1009,1,320.0,0.0
61656,16081,1003,1,89.0,0.2
61657,16081,1001,1,450.0,0.15
61658,16082,1011,1,520.0,0.15
61659,16082,1016,2,210.0,0.05
61660,16083,1013,2,95.0,0.0
61661,16083,1020,2,310.0,0.0
61662,16084,1006,1,130.0,0.0
61663,16085,1010,1,119.0,0.0
61664,16085,1007,1,75.0,0.0
61665,16086,1011,1,520.0,0.1
61666,16087,1005,1,55.0,0.0
61667,16087,1009,2,320.0,0.0
61668,16087,1013,1,95.0,0.1
61669,16087,1006,1,130.0,0.0
61670,16088,1019,2,260.0,0.0
61671,16088,1016,2,210.0,0.0
61672,16089,1001,1,450.0,0.0
61673,16089,1018,1,175.0,0.1
61674,16089,1013,1,95.0,0.0
61675,16090,1006,1,130.0,0.1
61676,16090,1012,3,49.0,0.1
61677,16090,1007,1,75.0,0.1
61678,16090,1010,1,119.0,0.15
61679,16090,1014,1,149.0,0.05
61680,16091,1020,2,310.0,0.0
61681,16092,1014,2,149.0,0.0
61682,16092,1009,1,320.0,0.0
61683,16093,1017,2,45.0,0.15
61684,16094,1007,1,75.0,0.0
61685,16094,1002,1,680.0,0.0
61686,16094,1020,1,310.0,0.0
61687,16094,1014,3,149.0,0.0
61688,16095,1019,1,260.0,0.2
61689,16095,1002,1,680.0,0.2
61690,16096,1001,4,450.0,0.0
61691,16096,1014,1,149.0,0.0
61692,16096,1007,1,75.0,0.15
61693,16096,1002,3,680.0,0.15
61694,16097,1007,1,75.0,0.05
61695,16098,1010,2,119.0,0.1
61696,16099,1020,1,310.0,0.0
61697,16099,1015,1,890.0,0.0
61698,16100,1001,1,450.0,0.1
61699,16101,1003,1,89.0,0.05
61700,16102,1011,1,520.0,0.2
61701,16102,1007,1,75.0,0.0
61702,16102,1015,3,890.0,0.1
61703,16103,1018,1,175.0,0.0
61704,16103,1005,1,55.0,0.15
61705,16103,1015,1,890.0,0.0
61706,16104,1018,1,175.0,0.15
61707,16104,1016,1,210.0,0.0
61708,16104,1017,1,45.0,0.0
61709,16104,1020,1,310.0,0.2
61710,16104,1019,2,260.0,0.2
61711,16105,1010,1,119.0,0.1
61712,16105,1014,2,149.0,0.0
61713,16105,1001,1,450.0,0.2
61714,16105,1006,1,130.0,0.0
61715,16106,1015,1,890.0,0.15
61716,16106,1003,1,89.0,0.15
61717,16106,1010,3,119.0,0.15
61718,16107,1005,1,55.0,0.05
61719,16107,1004,1,160.0,0.0
61720,16108,1014,2,149.0,0.0
61721,16108,1007,2,75.0,0.2
61722,16109,1002,1,680.0,0.0
61723,16109,1015,1,890.0,0.0
61724,16109,1011,2,520.0,0.0
61725,16109,1019,1,260.0,0.0
61726,16110,1008,1,240.0,0.15
61727,16111,1014,1,149.0,0.05
61728,16112,1005,1,55.0,0.05
61729,16112,1020,2,310.0,0.05
61730,16112,1006,1,130.0,0.1
61731,16113,1001,1,450.0,0.05
61732,16114,1011,1,520.0,0.05
61733,16115,1009,1,320.0,0.0
61734,16115,1018,1,175.0,0.1
61735,16115,1020,1,310.0,0.05
61736,16116,1002,1,680.0,0.05
61737,16117,1018,1,175.0,0.05
61738,16117,1013,1,95.0,0.0
61739,16117,1004,1,160.0,0.1
61740,16117,1017,2,45.0,0.0
61741,16118,1014,1,149.0,0.1
61742,16118,1004,1,160.0,0.15
61743,16119,1005,1,55.0,0.05
61744,16119,1009,2,320.0,0.05
61745,16120,1002,1,680.0,0.15
61746,16120,1009,1,320.0,0.2
61747,16120,1003,3,89.0,0.1
61748,16121,1005,3,55.0,0.1
61749,16121,1009,2,320.0,0.2
61750,16122,1018,1,175.0,0.2
61751,16123,1007,1,75.0,0.0
61752,16123,1009,3,320.0,0.05
61753,16123,1002,2,680.0,0.05
61754,16124,1009,1,320.0,0.1
61755,16124,1017,3,45.0,0.1
61756,16124,1016,2,210.0,0.2
61757,16125,1008,1,240.0,0.05
61758,16126,1009,3,320.0,0.0
61759,16126,1005,1,55.0,0.2
61760,16127,1010,1,119.0,0.0
61761,16128,1016,2,210.0,0.0
61762,16128,1002,2,680.0,0.0
61763,16128,1006,1,130.0,0.0
61764,16129,1009,1,320.0,0.15
61765,16130,1015,1,890.0,0.0
61766,16130,1011,1,520.0,0.05
61767,16131,1014,1,149.0,0.0
61768,16131,1001,3,450.0,0.05
61769,16131,1013,1,95.0,0.05
61770,16132,1011,1,520.0,0.05
61771,16132,1008,1,240.0,0.0
61772,16133,1009,2,320.0,0.0
61773,16134,1014,2,149.0,0.15
61774,16134,1020,2,310.0,0.0
61775,16134,1001,3,450.0,0.0
61776,16135,1001,1,450.0,0.0
61777,16136,1015,1,890.0,0.05
61778,16136,1017,1,45.0,0.1
61779,16137,1016,1,210.0,0.25
61780,16138,1017,4,45.0,0.2
61781,16138,1014,1,149.0,0.0
61782,16139,1003,1,89.0,0.3
61783,16140,1017,2,45.0,0.1
61784,16140,1003,1,89.0,0.05
61785,16140,1016,1,210.0,0.15
61786,16141,1004,2,160.0,0.0
61787,16142,1020,1,310.0,0.0
61788,16142,1011,2,520.0,0.2
61789,16142,1005,1,55.0,0.0
61790,16142,1019,1,260.0,0.15
61791,16143,1006,2,130.0,0.1
61792,16144,1006,4,130.0,0.0
61793,16145,1006,3,130.0,0.2
61794,16146,1003,1,89.0,0.1
61795,16146,1014,2,149.0,0.0
61796,16147,1004,1,160.0,0.0
61797,16147,1018,1,175.0,0.05
61798,16148,1001,1,450.0,0.0
61799,16148,1009,2,320.0,0.05
61800,16149,1010,1,119.0,0.0
61801,16149,1008,1,240.0,0.0
61802,16149,1007,1,75.0,0.0
61803,16150,1009,1,320.0,0.2
61804,16150,1004,2,160.0,0.2
61805,16151,1016,1,210.0,0.1
61806,16151,1007,1,75.0,0.2
61807,16151,1001,1,450.0,0.1
61808,16152,1002,1,680.0,0.0
61809,16153,1019,1,260.0,0.05
61810,16154,1020,1,310.0,0.15
61811,16154,1001,1,450.0,0.0
61812,16154,1007,1,75.0,0.15
61813,16154,1014,1,149.0,0.0
61814,16154,1003,1,89.0,0.05
61815,16155,1019,1,260.0,0.0
61816,16156,1005,1,55.0,0.05
61817,16157,1013,2,95.0,0.15
61818,16157,1014,1,149.0,0.2
61819,16158,1019,1,260.0,0.2
61820,16159,1014,1,149.0,0.0
61821,16159,1010,1,119.0,0.0
61822,16160,1002,1,680.0,0.0
61823,16160,1018,1,175.0,0.05
61824,16161,1002,2,680.0,0.0
61825,16161,1005,1,55.0,0.2
61826,16162,1005,1,55.0,0.0
61827,16162,1017,1,45.0,0.0
61828,16162,1019,1,260.0,0.1
61829,16162,1007,1,75.0,0.0
61830,16163,1019,1,260.0,0.0
61831,16164,1016,1,210.0,0.0
61832,16164,1020,1,310.0,0.1
61833,16165,1008,1,240.0,0.0
61834,16165,1019,1,260.0,0.05
61835,16166,1013,1,95.0,0.0
61836,16167,1018,1,175.0,0.1
61837,16167,1007,1,75.0,0.1
61838,16168,1003,1,89.0,0.05
61839,16169,1016,1,210.0,0.0
61840,16170,1020,1,310.0,0.15
61841,16170,1004,2,160.0,0.2
61842,16170,1018,1,175.0,0.25
61843,16170,1003,2,89.0,0.0
61844,16170,1010,2,119.0,0.0
61845,16171,1014,3,149.0,0.05
61846,16172,1004,1,160.0,0.0
61847,16173,1006,1,130.0,0.0
61848,16174,1007,1,75.0,0.0
61849,16175,1015,1,890.0,0.2
61850,16176,1005,1,55.0,0.15
61851,16177,1011,1,520.0,0.0
61852,16177,1009,2,320.0,0.0
61853,16177,1017,4,45.0,0.0
61854,16177,1015,1,890.0,0.05
61855,16177,1016,1,210.0,0.0
61856,16178,1001,1,450.0,0.0
61857,16178,1018,1,175.0,0.0
61858,16178,1005,1,55.0,0.0
61859,16178,1008,2,240.0,0.25
61860,16178,1006,1,130.0,0.2
61861,16179,1007,1,75.0,0.15
61862,16180,1003,1,89.0,0.1
61863,16181,1018,2,175.0,0.0
61864,16182,1008,1,240.0,0.1
61865,16183,1003,1,89.0,0.2
61866,16184,1007,2,75.0,0.0
61867,16184,1015,2,890.0,0.1
61868,16184,1002,1,680.0,0.1
61869,16185,1014,1,149.0,0.0
61870,16185,1003,2,89.0,0.0
61871,16186,1012,1,49.0,0.0
61872,16187,1004,1,160.0,0.0
61873,16188,1003,1,89.0,0.0
61874,16189,1009,1,320.0,0.15
61875,16189,1007,1,75.0,0.2
61876,16190,1018,2,175.0,0.0
61877,16190,1012,1,49.0,0.25
61878,16190,1010,1,119.0,0.15
61879,16191,1011,2,520.0,0.0
61880,16191,1004,1,160.0,0.0
61881,16192,1013,1,95.0,0.0
61882,16192,1006,1,130.0,0.0
61883,16193,1003,1,89.0,0.05
61884,16193,1015,1,890.0,0.0
61885,16194,1009,1,320.0,0.0
61886,16194,1004,1,160.0,0.0
61887,16194,1017,1,45.0,0.05
61888,16194,1011,1,520.0,0.0
61889,16194,1001,1,450.0,0.05
61890,16195,1005,2,55.0,0.1
61891,16195,1012,1,49.0,0.2
61892,16195,1020,2,310.0,0.0
61893,16195,1015,1,890.0,0.05
61894,16196,1015,2,890.0,0.05
61895,16197,1018,2,175.0,0.1
61896,16198,1007,1,75.0,0.05
61897,16198,1017,2,45.0,0.0
61898,16199,1018,2,175.0,0.0
61899,16199,1017,1,45.0,0.0
61900,16200,1001,1,450.0,0.0
61901,16201,1005,1,55.0,0.1
61902,16202,1005,1,55.0,0.0
61903,16203,1002,1,680.0,0.0
61904,16203,1018,1,175.0,0.0
61905,16204,1013,1,95.0,0.2
61906,16205,1003,1,89.0,0.05
61907,16206,1020,4,310.0,0.0
61908,16207,1010,2,119.0,0.05
61909,16208,1019,4,260.0,0.0
61910,16208,1018,1,175.0,0.2
61911,16208,1020,1,310.0,0.1
61912,16209,1020,1,310.0,0.15
61913,16210,1006,1,130.0,0.0
61914,16210,1010,2,119.0,0.0
61915,16211,1010,1,119.0,0.15
61916,16212,1012,2,49.0,0.1
61917,16212,1002,3,680.0,0.0
61918,16212,1010,1,119.0,0.1
61919,16212,1014,1,149.0,0.05
61920,16213,1012,1,49.0,0.0
61921,16213,1006,1,130.0,0.05
61922,16214,1011,1,520.0,0.0
61923,16214,1014,2,149.0,0.1
61924,16214,1013,1,95.0,0.05
61925,16215,1014,1,149.0,0.2
61926,16215,1005,1,55.0,0.05
61927,16215,1012,1,49.0,0.1
61928,16216,1005,1,55.0,0.2
61929,16216,1018,1,175.0,0.05
61930,16216,1003,1,89.0,0.2
61931,16216,1001,3,450.0,0.05
61932,16217,1014,1,149.0,0.0
61933,16218,1013,1,95.0,0.05
61934,16218,1008,1,240.0,0.2
61935,16219,1016,3,210.0,0.1
61936,16220,1003,1,89.0,0.1
61937,16220,1009,2,320.0,0.0
61938,16221,1003,1,89.0,0.2
61939,16222,1015,2,890.0,0.0
61940,16222,1018,1,175.0,0.0
61941,16223,1017,1,45.0,0.0
61942,16223,1001,1,450.0,0.0
61943,16224,1006,2,130.0,0.15
61944,16225,1013,1,95.0,0.1
61945,16226,1007,1,75.0,0.0
61946,16226,1003,1,89.0,0.05
61947,16227,1016,1,210.0,0.0
61948,16227,1013,3,95.0,0.15
61949,16228,1002,1,680.0,0.0
61950,16229,1015,1,890.0,0.1
61951,16229,1001,1,450.0,0.1
61952,16229,1019,1,260.0,0.15
61953,16229,1002,2,680.0,0.05
61954,16230,1014,2,149.0,0.0
61955,16230,1008,1,240.0,0.15
61956,16231,1009,2,320.0,0.0
61957,16232,1002,4,680.0,0.0
61958,16232,1014,1,149.0,0.0
61959,16232,1004,1,160.0,0.0
61960,16233,1011,1,520.0,0.25
61961,16233,1017,1,45.0,0.1
61962,16233,1004,3,160.0,0.15
61963,16234,1014,1,149.0,0.1
61964,16234,1002,1,680.0,0.15
61965,16235,1009,1,320.0,0.0
61966,16235,1017,1,45.0,0.2
61967,16236,1007,2,75.0,0.05
61968,16236,1019,1,260.0,0.0
61969,16237,1017,3,45.0,0.1
61970,16237,1002,1,680.0,0.0
61971,16237,1005,1,55.0,0.15
61972,16238,1006,1,130.0,0.0
61973,16238,1015,1,890.0,0.1
61974,16239,1017,3,45.0,0.1
61975,16239,1007,2,75.0,0.0
61976,16239,1016,1,210.0,0.05
61977,16239,1001,3,450.0,0.15
61978,16240,1010,1,119.0,0.0
61979,16241,1014,3,149.0,0.2
61980,16241,1018,1,175.0,0.0
61981,16241,1016,1,210.0,0.0
61982,16242,1001,1,450.0,0.0
61983,16243,1009,1,320.0,0.1
61984,16243,1003,1,89.0,0.0
61985,16244,1011,1,520.0,0.0
61986,16245,1015,3,890.0,0.05
61987,16245,1020,2,310.0,0.1
61988,16245,1003,1,89.0,0.1
61989,16245,1011,1,520.0,0.1
61990,16246,1006,1,130.0,0.15
61991,16246,1007,2,75.0,0.0
61992,16247,1002,1,680.0,0.1
61993,16248,1005,1,55.0,0.05
61994,16248,1008,1,240.0,0.0
61995,16248,1010,1,119.0,0.0
61996,16248,1018,1,175.0,0.05
61997,16249,1012,2,49.0,0.1
61998,16250,1010,1,119.0,0.0
61999,16250,1020,1,310.0,0.0
62000,16250,1008,1,240.0,0.0
62001,16251,1008,1,240.0,0.0
62002,16251,1020,1,310.0,0.15
62003,16251,1004,2,160.0,0.05
62004,16251,1012,1,49.0,0.15
62005,16252,1011,1,520.0,0.1
62006,16252,1006,1,130.0,0.1
62007,16253,1006,2,130.0,0.15
62008,16254,1010,1,119.0,0.3
62009,16254,1007,1,75.0,0.0
62010,16254,1006,1,130.0,0.05
62011,16254,1002,3,680.0,0.0
62012,16255,1012,2,49.0,0.0
62013,16256,1002,2,680.0,0.1
62014,16256,1016,1,210.0,0.15
62015,16256,1009,1,320.0,0.0
62016,16256,1011,1,520.0,0.0
62017,16257,1003,1,89.0,0.15
62018,16257,1015,1,890.0,0.15
62019,16258,1019,1,260.0,0.15
62020,16259,1006,1,130.0,0.0
62021,16259,1004,2,160.0,0.0
62022,16260,1006,2,130.0,0.1
62023,16261,1018,1,175.0,0.0
62024,16262,1015,1,890.0,0.0
62025,16262,1009,2,320.0,0.2
62026,16262,1001,1,450.0,0.05
62027,16263,1011,1,520.0,0.0
62028,16264,1003,1,89.0,0.1
62029,16265,1003,1,89.0,0.0
62030,16265,1004,1,160.0,0.05
62031,16266,1003,2,89.0,0.0
62032,16267,1008,1,240.0,0.0
62033,16268,1016,1,210.0,0.0
62034,16268,1003,2,89.0,0.15
62035,16269,1019,1,260.0,0.15
62036,16270,1003,1,89.0,0.0
62037,16270,1017,3,45.0,0.0
62038,16271,1008,1,240.0,0.15
62039,16272,1017,2,45.0,0.0
62040,16272,1007,1,75.0,0.0
62041,16272,1003,1,89.0,0.1
62042,16273,1019,3,260.0,0.0
62043,16274,1007,3,75.0,0.1
62044,16274,1004,1,160.0,0.15
62045,16275,1014,1,149.0,0.0
62046,16275,1011,1,520.0,0.0
62047,16275,1002,1,680.0,0.2
62048,16275,1012,4,49.0,0.1
62049,16276,1011,1,520.0,0.0
62050,16277,1005,1,55.0,0.05
62051,16277,1016,1,210.0,0.05
62052,16278,1011,1,520.0,0.1
62053,16278,1015,1,890.0,0.05
62054,16278,1014,1,149.0,0.1
62055,16278,1001,1,450.0,0.05
62056,16278,1020,1,310.0,0.1
62057,16279,1018,1,175.0,0.15
62058,16279,1002,3,680.0,0.2
62059,16280,1018,3,175.0,0.05
62060,16281,1012,1,49.0,0.05
62061,16282,1001,1,450.0,0.0
62062,16283,1012,1,49.0,0.05
62063,16284,1012,2,49.0,0.1
62064,16284,1018,2,175.0,0.15
62065,16284,1017,1,45.0,0.15
62066,16284,1009,1,320.0,0.15
62067,16284,1002,1,680.0,0.05
62068,16285,1011,1,520.0,0.0
62069,16285,1018,2,175.0,0.0
62070,16285,1010,1,119.0,0.0
62071,16285,1002,3,680.0,0.1
62072,16286,1006,1,130.0,0.05
62073,16286,1007,2,75.0,0.1
62074,16287,1002,1,680.0,0.1
62075,16287,1005,1,55.0,0.15
62076,16288,1009,1,320.0,0.1
62077,16289,1014,1,149.0,0.2
62078,16290,1016,1,210.0,0.0
62079,16290,1015,1,890.0,0.05
62080,16291,1002,1,680.0,0.0
62081,16292,1020,1,310.0,0.05
62082,16292,1016,1,210.0,0.0
62083,16293,1012,2,49.0,0.1
62084,16294,1005,2,55.0,0.1
62085,16295,1014,1,149.0,0.1
62086,16296,1011,1,520.0,0.0
62087,16296,1008,1,240.0,0.0
62088,16297,1016,2,210.0,0.1
62089,16298,1004,2,160.0,0.0
62090,16299,1014,2,149.0,0.15
62091,16300,1013,1,95.0,0.1
62092,16301,1008,1,240.0,0.25
62093,16301,1002,4,680.0,0.15
62094,16302,1013,1,95.0,0.0
62095,16303,1008,3,240.0,0.0
62096,16303,1003,1,89.0,0.0
62097,16304,1002,1,680.0,0.0
62098,16304,1017,2,45.0,0.0
62099,16305,1011,3,520.0,0.0
62100,16306,1002,1,680.0,0.0
62101,16306,1007,1,75.0,0.1
62102,16307,1016,1,210.0,0.25
62103,16308,1002,1,680.0,0.0
62104,16309,1008,1,240.0,0.05
62105,16310,1009,3,320.0,0.25
62106,16311,1019,2,260.0,0.1
62107,16311,1005,1,55.0,0.2
62108,16312,1019,1,260.0,0.05
62109,16313,1019,1,260.0,0.0
62110,16314,1005,1,55.0,0.15
62111,16314,1012,1,49.0,0.0
62112,16314,1006,1,130.0,0.0
62113,16314,1014,1,149.0,0.05
62114,16314,1009,1,320.0,0.0
62115,16315,1011,2,520.0,0.25
62116,16315,1004,2,160.0,0.05
62117,16316,1004,1,160.0,0.1
62118,16317,1010,1,119.0,0.15
62119,16317,1018,1,175.0,0.1
62120,16318,1016,3,210.0,0.05
62121,16319,1008,1,240.0,0.1
62122,16320,1012,2,49.0,0.0
62123,16321,1007,1,75.0,0.05
62124,16322,1018,2,175.0,0.0
62125,16323,1018,1,175.0,0.0
62126,16324,1007,1,75.0,0.0
62127,16324,1011,1,520.0,0.1
62128,16324,1005,1,55.0,0.0
62129,16324,1010,2,119.0,0.0
62130,16325,1006,2,130.0,0.05
62131,16326,1018,2,175.0,0.3
62132,16327,1010,1,119.0,0.2
62133,16327,1005,1,55.0,0.0
62134,16327,1009,2,320.0,0.0
62135,16328,1009,1,320.0,0.0
62136,16328,1001,1,450.0,0.15
62137,16328,1014,1,149.0,0.05
62138,16329,1017,1,45.0,0.15
62139,16330,1009,1,320.0,0.15
62140,16331,1015,1,890.0,0.2
62141,16332,1015,1,890.0,0.05
62142,16333,1004,1,160.0,0.0
62143,16334,1008,1,240.0,0.0
62144,16335,1005,1,55.0,0.05
62145,16335,1001,2,450.0,0.0
62146,16335,1012,1,49.0,0.0
62147,16336,1003,1,89.0,0.0
62148,16337,1015,1,890.0,0.2
62149,16338,1015,2,890.0,0.0
62150,16339,1013,1,95.0,0.0
62151,16340,1014,1,149.0,0.1
62152,16341,1007,1,75.0,0.0
62153,16342,1007,2,75.0,0.0
62154,16342,1016,1,210.0,0.0
62155,16343,1014,1,149.0,0.1
62156,16343,1013,2,95.0,0.15
62157,16343,1003,1,89.0,0.1
62158,16343,1018,1,175.0,0.2
62159,16344,1015,1,890.0,0.1
62160,16344,1012,1,49.0,0.05
62161,16345,1019,2,260.0,0.0
62162,16345,1011,1,520.0,0.15
62163,16346,1009,1,320.0,0.1
62164,16347,1019,1,260.0,0.0
62165,16348,1005,1,55.0,0.15
62166,16349,1015,2,890.0,0.05
62167,16349,1003,1,89.0,0.1
62168,16350,1011,1,520.0,0.0
62169,16351,1020,2,310.0,0.0
62170,16352,1001,2,450.0,0.15
62171,16353,1010,3,119.0,0.0
62172,16353,1009,1,320.0,0.0
62173,16354,1006,1,130.0,0.05
62174,16355,1001,2,450.0,0.0
62175,16355,1011,1,520.0,0.0
62176,16355,1005,1,55.0,0.05
62177,16356,1016,1,210.0,0.0
62178,16357,1015,1,890.0,0.1
62179,16358,1004,2,160.0,0.1
62180,16358,1018,1,175.0,0.2
62181,16359,1015,2,890.0,0.05
62182,16359,1019,3,260.0,0.3
62183,16359,1006,2,130.0,0.25
62184,16360,1013,2,95.0,0.1
62185,16361,1019,1,260.0,0.05
62186,16362,1010,4,119.0,0.0
62187,16363,1019,1,260.0,0.05
62188,16364,1013,1,95.0,0.15
62189,16364,1019,1,260.0,0.05
62190,16365,1017,1,45.0,0.0
62191,16365,1020,1,310.0,0.0
62192,16366,1012,1,49.0,0.05
62193,16367,1019,3,260.0,0.0
62194,16367,1011,1,520.0,0.15
62195,16368,1002,1,680.0,0.0
62196,16369,1014,1,149.0,0.0
62197,16370,1008,1,240.0,0.0
62198,16370,1004,1,160.0,0.0
62199,16371,1001,1,450.0,0.1
62200,16372,1013,1,95.0,0.1
62201,16373,1004,2,160.0,0.05
62202,16373,1016,2,210.0,0.1
62203,16373,1002,3,680.0,0.25
62204,16374,1015,1,890.0,0.0
62205,16375,1015,1,890.0,0.0
62206,16376,1006,4,130.0,0.1
62207,16377,1013,1,95.0,0.0
62208,16378,1002,1,680.0,0.0
62209,16378,1011,1,520.0,0.0
62210,16379,1016,1,210.0,0.05
62211,16379,1018,1,175.0,0.0
62212,16380,1005,2,55.0,0.1
62213,16380,1003,1,89.0,0.15
62214,16380,1012,1,49.0,0.1
62215,16380,1014,3,149.0,0.0
62216,16380,1017,2,45.0,0.15
62217,16381,1011,2,520.0,0.15
62218,16382,1019,1,260.0,0.1
62219,16382,1016,1,210.0,0.05
62220,16383,1003,1,89.0,0.15
62221,16384,1018,1,175.0,0.2
62222,16384,1010,2,119.0,0.1
62223,16384,1013,3,95.0,0.15
62224,16385,1017,2,45.0,0.15
62225,16385,1005,1,55.0,0.1
62226,16385,1020,1,310.0,0.0
62227,16386,1006,1,130.0,0.0
62228,16387,1006,1,130.0,0.25
62229,16387,1005,1,55.0,0.1
62230,16387,1007,1,75.0,0.05
62231,16388,1020,1,310.0,0.0
62232,16389,1004,2,160.0,0.0
62233,16389,1011,1,520.0,0.0
62234,16390,1020,1,310.0,0.2
62235,16391,1005,1,55.0,0.0
62236,16391,1016,2,210.0,0.0
62237,16392,1004,4,160.0,0.15
62238,16393,1019,1,260.0,0.1
62239,16394,1006,3,130.0,0.0
62240,16395,1015,1,890.0,0.0
62241,16395,1001,3,450.0,0.0
62242,16395,1018,1,175.0,0.05
62243,16396,1017,1,45.0,0.1
62244,16397,1011,1,520.0,0.05
62245,16397,1010,1,119.0,0.0
62246,16398,1020,1,310.0,0.05
62247,16398,1013,1,95.0,0.25
62248,16399,1015,1,890.0,0.2
62249,16399,1011,4,520.0,0.1
62250,16399,1009,1,320.0,0.0
62251,16399,1001,1,450.0,0.0
62252,16399,1019,1,260.0,0.0
62253,16400,1016,1,210.0,0.1
62254,16400,1019,1,260.0,0.0
62255,16400,1005,3,55.0,0.05
62256,16401,1004,1,160.0,0.2
62257,16401,1018,1,175.0,0.15
62258,16402,1018,3,175.0,0.0
62259,16403,1005,1,55.0,0.0
62260,16404,1002,1,680.0,0.2
62261,16404,1008,1,240.0,0.0
62262,16404,1018,1,175.0,0.15
62263,16404,1004,1,160.0,0.1
62264,16405,1005,1,55.0,0.15
62265,16406,1009,3,320.0,0.05
62266,16406,1013,2,95.0,0.05
62267,16406,1006,1,130.0,0.05
62268,16407,1008,1,240.0,0.0
62269,16407,1009,2,320.0,0.05
62270,16408,1001,1,450.0,0.2
62271,16409,1004,1,160.0,0.05
62272,16409,1003,1,89.0,0.0
62273,16410,1002,1,680.0,0.0
62274,16411,1011,1,520.0,0.0
62275,16412,1004,1,160.0,0.0
62276,16412,1003,1,89.0,0.15
62277,16412,1005,1,55.0,0.0
62278,16412,1017,4,45.0,0.0
62279,16413,1006,1,130.0,0.15
62280,16413,1013,1,95.0,0.2
62281,16414,1017,1,45.0,0.0
62282,16414,1003,1,89.0,0.0
62283,16414,1011,1,520.0,0.2
62284,16415,1003,4,89.0,0.0
62285,16415,1016,1,210.0,0.25
62286,16416,1015,1,890.0,0.0
62287,16417,1005,1,55.0,0.0
62288,16417,1003,1,89.0,0.0
62289,16417,1015,1,890.0,0.05
62290,16417,1007,1,75.0,0.15
62291,16418,1010,2,119.0,0.0
62292,16419,1020,1,310.0,0.0
62293,16420,1005,1,55.0,0.0
62294,16420,1020,3,310.0,0.15
62295,16421,1010,2,119.0,0.0
62296,16421,1011,1,520.0,0.0
62297,16422,1012,1,49.0,0.0
62298,16423,1016,2,210.0,0.0
62299,16423,1014,1,149.0,0.0
62300,16423,1009,1,320.0,0.05
62301,16423,1001,1,450.0,0.05
62302,16424,1010,1,119.0,0.2
62303,16425,1016,1,210.0,0.0
62304,16425,1011,2,520.0,0.15
62305,16425,1020,1,310.0,0.1
62306,16425,1017,2,45.0,0.05
62307,16425,1013,1,95.0,0.1
62308,16426,1008,1,240.0,0.15
62309,16426,1006,1,130.0,0.05
62310,16426,1020,1,310.0,0.0
62311,16427,1013,1,95.0,0.1
62312,16427,1018,1,175.0,0.2
62313,16428,1010,1,119.0,0.0
62314,16429,1016,1,210.0,0.0
62315,16429,1002,2,680.0,0.0
62316,16429,1011,2,520.0,0.15
62317,16430,1012,1,49.0,0.0
62318,16430,1017,1,45.0,0.0
62319,16431,1001,2,450.0,0.0
62320,16431,1007,1,75.0,0.2
62321,16432,1005,1,55.0,0.2
62322,16432,1020,1,310.0,0.0
62323,16432,1009,3,320.0,0.05
62324,16433,1016,1,210.0,0.3
62325,16434,1007,2,75.0,0.0
62326,16434,1004,1,160.0,0.0
62327,16435,1003,1,89.0,0.0
62328,16436,1007,1,75.0,0.0
62329,16437,1001,3,450.0,0.05
62330,16437,1009,1,320.0,0.0
62331,16437,1015,1,890.0,0.2
62332,16437,1005,1,55.0,0.0
62333,16438,1010,1,119.0,0.2
62334,16438,1018,1,175.0,0.15
62335,16439,1014,1,149.0,0.0
62336,16439,1013,1,95.0,0.15
62337,16440,1004,2,160.0,0.0
62338,16441,1002,1,680.0,0.0
62339,16441,1010,1,119.0,0.1
62340,16441,1017,1,45.0,0.2
62341,16442,1013,1,95.0,0.25
62342,16443,1003,1,89.0,0.15
62343,16443,1008,1,240.0,0.15
62344,16444,1004,1,160.0,0.0
62345,16444,1001,1,450.0,0.0
62346,16445,1013,2,95.0,0.05
62347,16446,1019,1,260.0,0.0
62348,16446,1014,3,149.0,0.0
62349,16446,1006,4,130.0,0.15
62350,16446,1018,1,175.0,0.0
62351,16447,1012,1,49.0,0.1
62352,16447,1014,1,149.0,0.0
62353,16447,1004,1,160.0,0.0
62354,16448,1012,1,49.0,0.1
62355,16448,1016,1,210.0,0.1
62356,16449,1014,3,149.0,0.0
62357,16449,1012,1,49.0,0.0
62358,16449,1004,2,160.0,0.15
62359,16450,1009,1,320.0,0.25
62360,16451,1013,2,95.0,0.0
62361,16452,1004,1,160.0,0.05
62362,16453,1002,1,680.0,0.05
62363,16454,1008,1,240.0,0.0
62364,16454,1016,2,210.0,0.0
62365,16455,1005,4,55.0,0.0
62366,16455,1006,1,130.0,0.1
62367,16455,1020,1,310.0,0.1
62368,16455,1014,1,149.0,0.0
62369,16455,1017,1,45.0,0.05
62370,16456,1015,2,890.0,0.15
62371,16457,1001,1,450.0,0.2
62372,16458,1010,2,119.0,0.0
62373,16458,1008,3,240.0,0.15
62374,16459,1011,1,520.0,0.0
62375,16460,1016,1,210.0,0.15
62376,16461,1008,1,240.0,0.2
62377,16461,1012,1,49.0,0.0
62378,16461,1015,1,890.0,0.0
62379,16461,1009,1,320.0,0.0
62380,16462,1005,1,55.0,0.2
62381,16462,1007,1,75.0,0.15
62382,16463,1010,1,119.0,0.05
62383,16463,1002,4,680.0,0.15
62384,16463,1011,1,520.0,0.3
62385,16464,1007,1,75.0,0.0
62386,16465,1008,1,240.0,0.2
62387,16465,1010,1,119.0,0.05
62388,16466,1010,1,119.0,0.0
62389,16467,1002,1,680.0,0.15
62390,16467,1017,1,45.0,0.1
62391,16467,1005,2,55.0,0.1
62392,16468,1014,1,149.0,0.0
62393,16468,1001,2,450.0,0.15
62394,16468,1003,2,89.0,0.05
62395,16469,1012,1,49.0,0.1
62396,16469,1015,1,890.0,0.1
62397,16470,1019,1,260.0,0.1
62398,16470,1007,1,75.0,0.05
62399,16470,1004,1,160.0,0.0
62400,16471,1017,2,45.0,0.0
62401,16472,1009,1,320.0,0.0
62402,16472,1018,1,175.0,0.1
62403,16472,1013,1,95.0,0.0
62404,16473,1018,1,175.0,0.1
62405,16473,1019,1,260.0,0.0
62406,16474,1013,3,95.0,0.2
62407,16474,1003,1,89.0,0.0
62408,16475,1010,2,119.0,0.15
62409,16475,1005,1,55.0,0.0
62410,16475,1004,1,160.0,0.0
62411,16476,1012,1,49.0,0.05
62412,16476,1006,1,130.0,0.05
62413,16476,1015,1,890.0,0.0
62414,16477,1009,1,320.0,0.0
62415,16478,1006,1,130.0,0.1
62416,16478,1018,1,175.0,0.0
62417,16478,1014,1,149.0,0.2
62418,16479,1005,1,55.0,0.3
62419,16479,1009,2,320.0,0.0
62420,16479,1011,1,520.0,0.05
62421,16479,1012,1,49.0,0.0
62422,16480,1007,1,75.0,0.0
62423,16480,1018,1,175.0,0.0
62424,16481,1007,1,75.0,0.0
62425,16482,1015,1,890.0,0.0
62426,16482,1007,2,75.0,0.0
62427,16483,1016,1,210.0,0.2
62428,16484,1017,2,45.0,0.1
62429,16484,1016,1,210.0,0.2
62430,16484,1002,2,680.0,0.05
62431,16485,1013,2,95.0,0.1
62432,16485,1009,1,320.0,0.0
62433,16486,1003,1,89.0,0.1
62434,16486,1017,1,45.0,0.05
62435,16486,1015,2,890.0,0.1
62436,16486,1007,1,75.0,0.15
62437,16487,1012,1,49.0,0.0
62438,16487,1008,3,240.0,0.15
62439,16488,1001,1,450.0,0.1
62440,16488,1008,1,240.0,0.1
62441,16489,1020,2,310.0,0.15
62442,16489,1017,2,45.0,0.05
62443,16489,1007,1,75.0,0.0
62444,16490,1007,1,75.0,0.2
62445,16490,1013,1,95.0,0.05
62446,16491,1020,2,310.0,0.05
62447,16491,1019,2,260.0,0.1
62448,16491,1002,1,680.0,0.05
62449,16492,1001,1,450.0,0.15
62450,16493,1009,1,320.0,0.1
62451,16494,1015,1,890.0,0.25
62452,16495,1005,1,55.0,0.2
62453,16496,1012,1,49.0,0.0
62454,16497,1007,1,75.0,0.0
62455,16497,1018,1,175.0,0.2
62456,16498,1013,1,95.0,0.0
62457,16499,1005,1,55.0,0.2
62458,16500,1004,1,160.0,0.05
62459,16500,1018,2,175.0,0.0
62460,16500,1010,1,119.0,0.1
62461,16501,1002,2,680.0,0.1
62462,16502,1013,1,95.0,0.0
62463,16502,1003,1,89.0,0.15
62464,16503,1018,1,175.0,0.1
62465,16504,1002,2,680.0,0.0
62466,16504,1015,1,890.0,0.05
62467,16504,1017,3,45.0,0.05
62468,16505,1004,1,160.0,0.0
62469,16505,1002,1,680.0,0.05
62470,16505,1019,1,260.0,0.1
62471,16505,1006,1,130.0,0.0
62472,16506,1018,1,175.0,0.25
62473,16507,1008,1,240.0,0.05
62474,16508,1003,1,89.0,0.0
62475,16509,1012,2,49.0,0.15
62476,16509,1020,2,310.0,0.0
62477,16510,1010,1,119.0,0.05
62478,16510,1009,1,320.0,0.0
62479,16511,1004,1,160.0,0.1
62480,16511,1020,1,310.0,0.1
62481,16511,1014,1,149.0,0.25
62482,16512,1001,1,450.0,0.15
62483,16512,1017,2,45.0,0.0
62484,16513,1003,2,89.0,0.0
62485,16513,1019,1,260.0,0.05
62486,16513,1008,1,240.0,0.0
62487,16514,1018,1,175.0,0.1
62488,16515,1015,2,890.0,0.0
62489,16515,1002,1,680.0,0.0
62490,16516,1017,1,45.0,0.1
62491,16517,1003,3,89.0,0.05
62492,16518,1005,1,55.0,0.15
62493,16519,1002,1,680.0,0.05
62494,16520,1003,1,89.0,0.05
62495,16521,1015,1,890.0,0.15
62496,16522,1001,1,450.0,0.2
62497,16522,1004,1,160.0,0.0
62498,16522,1006,2,130.0,0.0
62499,16522,1020,1,310.0,0.0
62500,16522,1007,1,75.0,0.15
62501,16523,1007,1,75.0,0.15
62502,16524,1007,1,75.0,0.05
62503,16524,1001,1,450.0,0.15
62504,16525,1020,1,310.0,0.0
62505,16525,1001,1,450.0,0.05
62506,16526,1020,1,310.0,0.0
62507,16526,1002,1,680.0,0.15
62508,16526,1016,1,210.0,0.1
62509,16527,1002,1,680.0,0.0
62510,16528,1016,1,210.0,0.0
62511,16529,1017,1,45.0,0.15
62512,16529,1007,1,75.0,0.0
62513,16530,1016,2,210.0,0.1
62514,16530,1012,1,49.0,0.15
62515,16530,1004,2,160.0,0.2
62516,16531,1003,1,89.0,0.0
62517,16531,1011,1,520.0,0.0
62518,16531,1015,2,890.0,0.0
62519,16532,1020,1,310.0,0.0
62520,16533,1005,1,55.0,0.1
62521,16533,1019,1,260.0,0.0
62522,16534,1020,1,310.0,0.0
62523,16535,1016,1,210.0,0.1
62524,16535,1010,1,119.0,0.2
62525,16535,1005,1,55.0,0.0
62526,16536,1020,3,310.0,0.05
62527,16537,1004,1,160.0,0.0
62528,16537,1011,1,520.0,0.05
62529,16538,1018,1,175.0,0.0
62530,16538,1001,2,450.0,0.15
62531,16538,1019,3,260.0,0.0
62532,16538,1005,1,55.0,0.0
62533,16539,1020,1,310.0,0.0
62534,16540,1013,2,95.0,0.15
62535,16540,1011,1,520.0,0.1
62536,16541,1012,1,49.0,0.1
62537,16541,1015,1,890.0,0.0
62538,16542,1002,2,680.0,0.25
62539,16542,1018,1,175.0,0.05
62540,16542,1008,1,240.0,0.1
62541,16543,1018,1,175.0,0.0
62542,16544,1014,1,149.0,0.2
62543,16545,1013,1,95.0,0.15
62544,16546,1016,1,210.0,0.05
62545,16547,1002,2,680.0,0.0
62546,16547,1013,1,95.0,0.15
62547,16548,1018,1,175.0,0.2
62548,16549,1003,3,89.0,0.0
62549,16549,1014,1,149.0,0.0
62550,16550,1015,2,890.0,0.0
62551,16550,1009,1,320.0,0.0
62552,16551,1006,3,130.0,0.0
62553,16551,1001,1,450.0,0.0
62554,16551,1009,1,320.0,0.05
62555,16552,1015,4,890.0,0.1
62556,16552,1004,3,160.0,0.0
62557,16553,1012,2,49.0,0.0
62558,16554,1001,1,450.0,0.0
62559,16555,1014,3,149.0,0.15
62560,16556,1018,1,175.0,0.2
62561,16556,1012,1,49.0,0.05
62562,16557,1011,1,520.0,0.1
62563,16557,1005,1,55.0,0.05
62564,16558,1005,1,55.0,0.0
62565,16559,1020,2,310.0,0.05
62566,16559,1008,1,240.0,0.15
62567,16559,1004,2,160.0,0.05
62568,16560,1007,2,75.0,0.15
62569,16561,1020,1,310.0,0.15
62570,16562,1013,1,95.0,0.0
62571,16562,1006,2,130.0,0.0
62572,16562,1009,1,320.0,0.05
62573,16563,1019,2,260.0,0.15
62574,16564,1020,1,310.0,0.05
62575,16565,1002,1,680.0,0.1
62576,16566,1001,1,450.0,0.15
62577,16567,1011,1,520.0,0.25
62578,16567,1005,2,55.0,0.0
62579,16567,1003,1,89.0,0.1
62580,16568,1017,3,45.0,0.0
62581,16568,1009,1,320.0,0.0
62582,16569,1020,2,310.0,0.05
62583,16569,1001,2,450.0,0.05
62584,16570,1007,1,75.0,0.0
62585,16570,1011,1,520.0,0.05
62586,16571,1004,1,160.0,0.1
62587,16572,1020,1,310.0,0.0
62588,16572,1013,1,95.0,0.0
62589,16572,1018,1,175.0,0.05
62590,16573,1007,4,75.0,0.0
62591,16573,1011,1,520.0,0.05
62592,16573,1002,1,680.0,0.2
62593,16574,1008,1,240.0,0.2
62594,16575,1016,1,210.0,0.1
62595,16575,1001,2,450.0,0.0
62596,16575,1019,1,260.0,0.0
62597,16576,1010,1,119.0,0.0
62598,16577,1019,1,260.0,0.05
62599,16577,1011,1,520.0,0.0
62600,16577,1004,1,160.0,0.1
62601,16578,1017,1,45.0,0.1
62602,16578,1007,1,75.0,0.0
62603,16578,1006,3,130.0,0.0
62604,16579,1016,1,210.0,0.0
62605,16579,1010,1,119.0,0.0
62606,16580,1018,1,175.0,0.15
62607,16581,1006,2,130.0,0.15
62608,16582,1002,1,680.0,0.15
62609,16582,1009,1,320.0,0.15
62610,16583,1005,1,55.0,0.1
62611,16583,1007,1,75.0,0.0
62612,16583,1017,1,45.0,0.0
62613,16584,1011,1,520.0,0.1
62614,16584,1004,1,160.0,0.05
62615,16584,1015,1,890.0,0.0
62616,16585,1002,1,680.0,0.0
62617,16586,1003,1,89.0,0.0
62618,16586,1012,1,49.0,0.1
62619,16587,1009,1,320.0,0.05
62620,16588,1018,1,175.0,0.0
62621,16588,1012,1,49.0,0.0
62622,16589,1001,1,450.0,0.2
62623,16589,1011,1,520.0,0.3
62624,16590,1002,1,680.0,0.05
62625,16590,1017,1,45.0,0.2
62626,16590,1019,1,260.0,0.0
62627,16591,1013,1,95.0,0.0
62628,16591,1017,1,45.0,0.0
62629,16591,1002,2,680.0,0.2
62630,16592,1017,2,45.0,0.1
62631,16593,1018,1,175.0,0.0
62632,16593,1003,1,89.0,0.0
62633,16594,1019,2,260.0,0.05
62634,16595,1019,1,260.0,0.05
62635,16595,1013,1,95.0,0.15
62636,16596,1003,1,89.0,0.1
62637,16597,1018,1,175.0,0.1
62638,16597,1019,1,260.0,0.1
62639,16597,1016,1,210.0,0.05
62640,16597,1017,1,45.0,0.0
62641,16598,1008,2,240.0,0.0
62642,16599,1017,1,45.0,0.15
62643,16599,1018,1,175.0,0.2
62644,16599,1007,2,75.0,0.05
62645,16600,1010,1,119.0,0.15
62646,16600,1013,1,95.0,0.15
62647,16601,1019,1,260.0,0.0
62648,16602,1001,2,450.0,0.0
62649,16603,1009,2,320.0,0.0
62650,16604,1017,2,45.0,0.15
62651,16605,1013,2,95.0,0.25
62652,16606,1012,2,49.0,0.15
62653,16606,1013,1,95.0,0.15
62654,16606,1015,1,890.0,0.0
62655,16607,1016,2,210.0,0.2
62656,16607,1006,3,130.0,0.0
62657,16608,1003,1,89.0,0.0
62658,16609,1015,1,890.0,0.05
62659,16609,1014,1,149.0,0.0
62660,16610,1005,1,55.0,0.1
62661,16611,1003,1,89.0,0.0
62662,16611,1014,2,149.0,0.0
62663,16612,1011,1,520.0,0.05
62664,16612,1016,1,210.0,0.0
62665,16612,1017,2,45.0,0.05
62666,16612,1010,1,119.0,0.1
62667,16612,1013,2,95.0,0.15
62668,16613,1016,1,210.0,0.1
62669,16613,1005,1,55.0,0.0
62670,16614,1004,1,160.0,0.2
62671,16614,1009,2,320.0,0.15
62672,16615,1014,1,149.0,0.15
62673,16616,1017,1,45.0,0.3
62674,16616,1012,1,49.0,0.05
62675,16616,1005,1,55.0,0.2
62676,16617,1018,1,175.0,0.05
62677,16618,1001,1,450.0,0.0
62678,16618,1008,2,240.0,0.1
62679,16618,1011,1,520.0,0.2
62680,16618,1013,1,95.0,0.2
62681,16619,1014,2,149.0,0.05
62682,16619,1015,2,890.0,0.0
62683,16619,1016,1,210.0,0.0
62684,16620,1015,1,890.0,0.05
62685,16621,1017,2,45.0,0.1
62686,16622,1006,1,130.0,0.1
62687,16622,1009,1,320.0,0.15
62688,16622,1017,1,45.0,0.1
62689,16623,1004,1,160.0,0.1
62690,16623,1019,2,260.0,0.0
62691,16624,1017,2,45.0,0.0
62692,16625,1019,2,260.0,0.0
62693,16626,1017,1,45.0,0.0
62694,16627,1010,1,119.0,0.1
62695,16627,1020,1,310.0,0.05
62696,16628,1017,1,45.0,0.1
62697,16628,1002,1,680.0,0.0
62698,16628,1009,1,320.0,0.05
62699,16628,1010,1,119.0,0.0
62700,16629,1019,1,260.0,0.1
62701,16629,1005,2,55.0,0.0
62702,16630,1018,2,175.0,0.0
62703,16631,1018,1,175.0,0.15
62704,16632,1020,3,310.0,0.0
62705,16632,1018,1,175.0,0.15
62706,16633,1007,1,75.0,0.2
62707,16634,1005,4,55.0,0.1
62708,16635,1008,2,240.0,0.0
62709,16636,1001,1,450.0,0.0
62710,16637,1011,3,520.0,0.3
62711,16638,1003,1,89.0,0.0
62712,16639,1005,1,55.0,0.05
62713,16640,1009,2,320.0,0.05
62714,16640,1006,1,130.0,0.15
62715,16641,1011,1,520.0,0.2
62716,16642,1020,2,310.0,0.2
62717,16642,1013,2,95.0,0.0
62718,16643,1006,2,130.0,0.05
62719,16643,1004,1,160.0,0.0
62720,16643,1018,2,175.0,0.1
62721,16644,1018,1,175.0,0.15
62722,16645,1009,1,320.0,0.0
62723,16646,1020,1,310.0,0.0
62724,16647,1017,1,45.0,0.15
62725,16647,1016,1,210.0,0.2
62726,16648,1014,1,149.0,0.0
62727,16648,1005,2,55.0,0.05
62728,16649,1006,1,130.0,0.0
62729,16650,1010,3,119.0,0.0
62730,16651,1001,1,450.0,0.0
62731,16651,1012,1,49.0,0.15
62732,16651,1020,3,310.0,0.15
62733,16652,1019,1,260.0,0.1
62734,16652,1018,1,175.0,0.0
62735,16653,1010,1,119.0,0.0
62736,16654,1019,2,260.0,0.0
62737,16654,1013,1,95.0,0.0
62738,16654,1004,1,160.0,0.0
62739,16655,1007,1,75.0,0.15
62740,16656,1010,1,119.0,0.0
62741,16657,1004,3,160.0,0.05
62742,16657,1011,4,520.0,0.05
62743,16658,1011,1,520.0,0.0
62744,16659,1012,2,49.0,0.1
62745,16659,1010,1,119.0,0.15
62746,16660,1001,4,450.0,0.0
62747,16661,1008,3,240.0,0.2
62748,16661,1014,1,149.0,0.1
62749,16662,1019,1,260.0,0.0
62750,16663,1003,2,89.0,0.15
62751,16663,1017,1,45.0,0.0
62752,16664,1009,1,320.0,0.0
62753,16665,1010,1,119.0,0.0
62754,16665,1002,1,680.0,0.1
62755,16666,1003,1,89.0,0.15
62756,16667,1018,1,175.0,0.0
62757,16667,1002,2,680.0,0.15
62758,16667,1014,1,149.0,0.0
62759,16668,1008,2,240.0,0.2
62760,16669,1013,2,95.0,0.05
62761,16669,1010,1,119.0,0.0
62762,16669,1015,1,890.0,0.05
62763,16670,1010,1,119.0,0.05
62764,16670,1002,2,680.0,0.1
62765,16671,1009,1,320.0,0.25
62766,16671,1014,2,149.0,0.1
62767,16671,1002,1,680.0,0.0
62768,16671,1018,1,175.0,0.0
62769,16672,1006,2,130.0,0.0
62770,16672,1013,1,95.0,0.0
62771,16673,1013,1,95.0,0.05
62772,16673,1017,1,45.0,0.0
62773,16673,1009,2,320.0,0.0
62774,16673,1020,4,310.0,0.0
62775,16674,1001,1,450.0,0.05
62776,16675,1019,1,260.0,0.0
62777,16675,1012,2,49.0,0.0
62778,16675,1009,1,320.0,0.0
62779,16676,1007,1,75.0,0.15
62780,16676,1019,1,260.0,0.05
62781,16677,1019,2,260.0,0.2
62782,16677,1015,1,890.0,0.15
62783,16678,1019,1,260.0,0.05
62784,16679,1006,1,130.0,0.15
62785,16680,1001,3,450.0,0.1
62786,16680,1017,2,45.0,0.0
62787,16681,1015,2,890.0,0.1
62788,16682,1015,3,890.0,0.0
62789,16682,1013,1,95.0,0.0
62790,16683,1014,1,149.0,0.1
62791,16684,1011,1,520.0,0.1
62792,16684,1012,1,49.0,0.0
62793,16685,1018,1,175.0,0.1
62794,16686,1015,1,890.0,0.1
62795,16687,1007,1,75.0,0.0
62796,16687,1004,1,160.0,0.0
62797,16687,1009,2,320.0,0.0
62798,16688,1001,4,450.0,0.0
62799,16689,1010,2,119.0,0.1
62800,16690,1002,1,680.0,0.15
62801,16690,1016,1,210.0,0.05
62802,16691,1003,1,89.0,0.0
62803,16692,1001,1,450.0,0.2
62804,16692,1008,1,240.0,0.1
62805,16692,1004,1,160.0,0.15
62806,16693,1009,1,320.0,0.05
62807,16693,1005,1,55.0,0.05
62808,16694,1015,1,890.0,0.05
62809,16694,1009,1,320.0,0.05
62810,16694,1013,1,95.0,0.2
62811,16694,1006,1,130.0,0.15
62812,16694,1011,1,520.0,0.0
62813,16695,1009,1,320.0,0.0
62814,16695,1008,2,240.0,0.0
62815,16696,1009,1,320.0,0.1
62816,16697,1017,1,45.0,0.15
62817,16698,1020,1,310.0,0.1
62818,16699,1008,1,240.0,0.25
62819,16700,1014,1,149.0,0.05
62820,16701,1017,1,45.0,0.0
62821,16701,1006,1,130.0,0.1
62822,16701,1009,1,320.0,0.3
62823,16702,1018,1,175.0,0.0
62824,16703,1012,1,49.0,0.0
62825,16703,1020,1,310.0,0.15
62826,16704,1020,1,310.0,0.0
62827,16704,1014,1,149.0,0.0
62828,16704,1002,1,680.0,0.05
62829,16705,1019,1,260.0,0.1
62830,16705,1017,1,45.0,0.0
62831,16706,1014,1,149.0,0.05
62832,16707,1017,1,45.0,0.15
62833,16707,1014,1,149.0,0.0
62834,16707,1013,1,95.0,0.0
62835,16708,1001,2,450.0,0.0
62836,16708,1015,1,890.0,0.15
62837,16708,1006,1,130.0,0.05
62838,16708,1009,1,320.0,0.0
62839,16709,1014,1,149.0,0.05
62840,16710,1007,2,75.0,0.1
62841,16710,1018,1,175.0,0.0
62842,16711,1012,1,49.0,0.1
62843,16711,1018,4,175.0,0.2
62844,16711,1002,2,680.0,0.05
62845,16712,1005,3,55.0,0.05
62846,16713,1003,4,89.0,0.05
62847,16714,1001,1,450.0,0.0
62848,16714,1020,1,310.0,0.1
62849,16715,1008,2,240.0,0.0
62850,16716,1019,1,260.0,0.15
62851,16717,1006,1,130.0,0.0
62852,16718,1008,2,240.0,0.1
62853,16718,1003,1,89.0,0.1
62854,16718,1017,2,45.0,0.1
62855,16718,1020,1,310.0,0.0
62856,16719,1004,1,160.0,0.0
62857,16720,1011,1,520.0,0.0
62858,16721,1001,1,450.0,0.0
62859,16721,1006,2,130.0,0.1
62860,16722,1009,1,320.0,0.1
62861,16723,1010,1,119.0,0.0
62862,16724,1015,2,890.0,0.25
62863,16724,1006,1,130.0,0.05
62864,16725,1006,1,130.0,0.1
62865,16725,1015,1,890.0,0.15
62866,16726,1015,1,890.0,0.15
62867,16727,1009,2,320.0,0.0
62868,16728,1003,1,89.0,0.1
62869,16728,1005,1,55.0,0.15
62870,16728,1002,2,680.0,0.2
62871,16728,1019,1,260.0,0.05
62872,16729,1019,1,260.0,0.0
62873,16729,1007,1,75.0,0.0
62874,16730,1014,2,149.0,0.15
62875,16731,1002,1,680.0,0.0
62876,16732,1001,2,450.0,0.0
62877,16732,1003,1,89.0,0.0
62878,16733,1002,3,680.0,0.05
62879,16733,1018,2,175.0,0.0
62880,16733,1003,1,89.0,0.0
62881,16733,1007,2,75.0,0.0
62882,16734,1019,1,260.0,0.0
62883,16734,1012,1,49.0,0.15
62884,16735,1001,1,450.0,0.0
62885,16736,1002,1,680.0,0.1
62886,16736,1008,1,240.0,0.0
62887,16736,1011,1,520.0,0.1
62888,16737,1017,2,45.0,0.05
62889,16737,1016,1,210.0,0.1
62890,16737,1005,1,55.0,0.0
62891,16738,1007,1,75.0,0.05
62892,16738,1004,1,160.0,0.05
62893,16739,1003,1,89.0,0.0
62894,16739,1001,1,450.0,0.0
62895,16740,1020,1,310.0,0.0
62896,16740,1006,1,130.0,0.05
62897,16741,1017,1,45.0,0.0
62898,16742,1013,1,95.0,0.0
62899,16743,1006,1,130.0,0.0
62900,16744,1020,2,310.0,0.0
62901,16744,1007,1,75.0,0.0
62902,16744,1005,1,55.0,0.0
62903,16745,1009,1,320.0,0.05
62904,16746,1006,1,130.0,0.05
62905,16746,1009,3,320.0,0.15
62906,16747,1017,1,45.0,0.0
62907,16747,1019,1,260.0,0.2
62908,16748,1009,1,320.0,0.0
62909,16748,1017,1,45.0,0.15
62910,16748,1019,1,260.0,0.0
62911,16748,1002,1,680.0,0.1
62912,16749,1005,1,55.0,0.0
62913,16749,1010,1,119.0,0.05
62914,16749,1008,1,240.0,0.0
62915,16749,1002,1,680.0,0.1
62916,16750,1019,2,260.0,0.0
62917,16751,1005,1,55.0,0.1
62918,16752,1017,2,45.0,0.0
62919,16752,1016,1,210.0,0.05
62920,16753,1007,4,75.0,0.1
62921,16753,1005,1,55.0,0.15
62922,16754,1007,1,75.0,0.05
62923,16754,1018,1,175.0,0.0
62924,16755,1003,1,89.0,0.05
62925,16756,1013,1,95.0,0.1
62926,16756,1018,1,175.0,0.15
62927,16756,1012,1,49.0,0.0
62928,16756,1015,3,890.0,0.0
62929,16756,1020,1,310.0,0.2
62930,16757,1017,1,45.0,0.0
62931,16757,1007,1,75.0,0.0
62932,16758,1008,1,240.0,0.0
62933,16758,1010,1,119.0,0.0
62934,16759,1001,1,450.0,0.05
62935,16759,1015,1,890.0,0.05
62936,16760,1002,1,680.0,0.0
62937,16761,1011,1,520.0,0.0
62938,16762,1014,1,149.0,0.05
62939,16763,1017,1,45.0,0.0
62940,16763,1018,1,175.0,0.1
62941,16764,1003,1,89.0,0.2
62942,16765,1012,3,49.0,0.05
62943,16765,1008,1,240.0,0.2
62944,16766,1014,1,149.0,0.15
62945,16766,1006,1,130.0,0.0
62946,16767,1016,1,210.0,0.05
62947,16768,1015,1,890.0,0.05
62948,16768,1007,1,75.0,0.05
62949,16768,1001,1,450.0,0.15
62950,16768,1005,2,55.0,0.0
62951,16769,1011,1,520.0,0.25
62952,16769,1003,1,89.0,0.1
62953,16770,1006,1,130.0,0.2
62954,16771,1004,1,160.0,0.0
62955,16771,1020,1,310.0,0.1
62956,16771,1015,1,890.0,0.15
62957,16771,1012,1,49.0,0.0
62958,16771,1014,2,149.0,0.2
62959,16772,1013,2,95.0,0.1
62960,16772,1011,2,520.0,0.0
62961,16772,1009,2,320.0,0.0
62962,16772,1015,2,890.0,0.0
62963,16773,1017,1,45.0,0.0
62964,16773,1002,1,680.0,0.15
62965,16774,1005,1,55.0,0.1
62966,16775,1002,1,680.0,0.1
62967,16775,1007,1,75.0,0.15
62968,16775,1010,2,119.0,0.0
62969,16775,1009,1,320.0,0.15
62970,16776,1017,2,45.0,0.05
62971,16776,1014,1,149.0,0.0
62972,16776,1019,1,260.0,0.25
62973,16777,1002,1,680.0,0.0
62974,16778,1009,2,320.0,0.0
62975,16778,1020,1,310.0,0.0
62976,16779,1015,1,890.0,0.25
62977,16779,1009,1,320.0,0.15
62978,16780,1014,2,149.0,0.0
62979,16780,1011,1,520.0,0.0
62980,16780,1013,1,95.0,0.0
62981,16781,1002,1,680.0,0.0
62982,16782,1013,1,95.0,0.1
62983,16783,1012,1,49.0,0.15
62984,16784,1011,1,520.0,0.0
62985,16785,1014,1,149.0,0.1
62986,16785,1008,1,240.0,0.0
62987,16785,1011,2,520.0,0.05
62988,16785,1001,2,450.0,0.0
62989,16786,1001,1,450.0,0.0
62990,16786,1013,1,95.0,0.05
62991,16786,1020,1,310.0,0.1
62992,16787,1018,2,175.0,0.0
62993,16788,1007,1,75.0,0.0
62994,16788,1009,1,320.0,0.0
62995,16789,1001,1,450.0,0.15
62996,16789,1020,2,310.0,0.0
62997,16790,1001,1,450.0,0.0
62998,16791,1016,2,210.0,0.15
62999,16791,1014,3,149.0,0.25
63000,16792,1012,1,49.0,0.1
63001,16793,1008,4,240.0,0.05
63002,16793,1018,2,175.0,0.05
63003,16794,1002,3,680.0,0.05
63004,16794,1003,4,89.0,0.05
63005,16795,1005,1,55.0,0.05
63006,16796,1017,1,45.0,0.15
63007,16797,1020,1,310.0,0.0
63008,16798,1019,1,260.0,0.1
63009,16799,1003,1,89.0,0.05
63010,16799,1005,1,55.0,0.1
63011,16799,1007,1,75.0,0.0
63012,16799,1014,1,149.0,0.0
63013,16799,1006,2,130.0,0.0
63014,16800,1016,1,210.0,0.0
63015,16801,1015,3,890.0,0.0
63016,16801,1017,3,45.0,0.2
63017,16801,1019,1,260.0,0.0
63018,16802,1017,1,45.0,0.05
63019,16803,1019,1,260.0,0.05
63020,16804,1001,1,450.0,0.0
63021,16805,1007,2,75.0,0.0
63022,16806,1004,1,160.0,0.1
63023,16807,1008,4,240.0,0.1
63024,16808,1006,1,130.0,0.1
63025,16808,1005,1,55.0,0.0
63026,16809,1007,1,75.0,0.15
63027,16809,1016,1,210.0,0.1
63028,16809,1020,1,310.0,0.3
63029,16809,1011,1,520.0,0.2
63030,16810,1011,1,520.0,0.2
63031,16810,1005,1,55.0,0.2
63032,16811,1019,1,260.0,0.15
63033,16811,1007,1,75.0,0.0
63034,16812,1005,1,55.0,0.05
63035,16812,1017,1,45.0,0.0
63036,16813,1019,1,260.0,0.0
63037,16813,1001,2,450.0,0.0
63038,16813,1005,1,55.0,0.2
63039,16814,1018,1,175.0,0.0
63040,16814,1007,1,75.0,0.15
63041,16815,1016,1,210.0,0.0
63042,16816,1013,1,95.0,0.0
63043,16816,1003,2,89.0,0.15
63044,16817,1010,1,119.0,0.15
63045,16817,1020,1,310.0,0.15
63046,16817,1002,1,680.0,0.0
63047,16817,1004,2,160.0,0.1
63048,16818,1012,1,49.0,0.05
63049,16818,1004,2,160.0,0.15
63050,16818,1008,1,240.0,0.0
63051,16819,1017,1,45.0,0.0
63052,16819,1010,1,119.0,0.0
63053,16820,1019,1,260.0,0.15
63054,16821,1010,1,119.0,0.1
63055,16821,1004,1,160.0,0.2
63056,16822,1013,1,95.0,0.05
63057,16823,1003,1,89.0,0.0
63058,16824,1006,1,130.0,0.0
63059,16825,1020,1,310.0,0.0
63060,16826,1008,2,240.0,0.0
63061,16826,1001,1,450.0,0.05
63062,16826,1003,1,89.0,0.05
63063,16827,1016,1,210.0,0.0
63064,16828,1020,1,310.0,0.15
63065,16828,1019,1,260.0,0.15
63066,16828,1008,1,240.0,0.0
63067,16828,1010,1,119.0,0.2
63068,16829,1007,1,75.0,0.05
63069,16830,1013,1,95.0,0.0
63070,16831,1018,1,175.0,0.15
63071,16831,1010,1,119.0,0.0
63072,16831,1001,1,450.0,0.0
63073,16832,1013,2,95.0,0.1
63074,16833,1002,2,680.0,0.1
63075,16834,1007,2,75.0,0.05
63076,16834,1012,3,49.0,0.1
63077,16834,1009,1,320.0,0.1
63078,16834,1008,1,240.0,0.05
63079,16835,1003,1,89.0,0.0
63080,16835,1016,1,210.0,0.0
63081,16836,1007,1,75.0,0.1
63082,16837,1010,1,119.0,0.0
63083,16837,1020,1,310.0,0.0
63084,16837,1008,1,240.0,0.0
63085,16838,1001,1,450.0,0.1
63086,16838,1017,1,45.0,0.2
63087,16839,1017,1,45.0,0.05
63088,16840,1010,1,119.0,0.0
63089,16840,1006,1,130.0,0.0
63090,16840,1014,1,149.0,0.0
63091,16841,1001,1,450.0,0.0
63092,16842,1001,1,450.0,0.1
63093,16843,1011,2,520.0,0.05
63094,16843,1005,1,55.0,0.1
63095,16843,1020,1,310.0,0.1
63096,16844,1002,1,680.0,0.1
63097,16845,1004,2,160.0,0.2
63098,16846,1005,2,55.0,0.0
63099,16846,1007,1,75.0,0.2
63100,16847,1020,1,310.0,0.0
63101,16847,1009,1,320.0,0.0
63102,16847,1011,2,520.0,0.05
63103,16848,1011,1,520.0,0.2
63104,16849,1014,2,149.0,0.0
63105,16850,1019,1,260.0,0.05
63106,16851,1017,2,45.0,0.0
63107,16851,1002,2,680.0,0.15
63108,16852,1005,1,55.0,0.05
63109,16852,1004,1,160.0,0.05
63110,16852,1018,1,175.0,0.1
63111,16852,1006,1,130.0,0.0
63112,16853,1006,3,130.0,0.1
63113,16853,1014,1,149.0,0.0
63114,16853,1013,3,95.0,0.1
63115,16854,1008,1,240.0,0.25
63116,16855,1012,2,49.0,0.1
63117,16855,1007,1,75.0,0.05
63118,16856,1017,1,45.0,0.05
63119,16857,1016,1,210.0,0.15
63120,16858,1013,1,95.0,0.05
63121,16859,1011,1,520.0,0.0
63122,16860,1008,1,240.0,0.05
63123,16860,1015,4,890.0,0.05
63124,16861,1016,3,210.0,0.0
63125,16862,1017,1,45.0,0.0
63126,16863,1019,1,260.0,0.1
63127,16864,1002,2,680.0,0.0
63128,16864,1013,1,95.0,0.0
63129,16865,1012,1,49.0,0.2
63130,16865,1007,1,75.0,0.0
63131,16866,1008,1,240.0,0.15
63132,16867,1020,1,310.0,0.25
63133,16868,1010,1,119.0,0.05
63134,16869,1014,4,149.0,0.05
63135,16869,1008,1,240.0,0.0
63136,16869,1002,2,680.0,0.0
63137,16870,1005,1,55.0,0.2
63138,16870,1001,1,450.0,0.0
63139,16870,1015,1,890.0,0.2
63140,16870,1012,1,49.0,0.0
63141,16871,1018,2,175.0,0.0
63142,16871,1009,1,320.0,0.0
63143,16871,1005,1,55.0,0.25
63144,16872,1012,1,49.0,0.0
63145,16872,1010,1,119.0,0.1
63146,16872,1007,1,75.0,0.0
63147,16873,1004,2,160.0,0.1
63148,16873,1006,1,130.0,0.1
63149,16873,1013,1,95.0,0.0
63150,16874,1002,2,680.0,0.0
63151,16875,1019,1,260.0,0.2
63152,16875,1018,1,175.0,0.1
63153,16875,1009,1,320.0,0.05
63154,16875,1016,1,210.0,0.0
63155,16876,1012,1,49.0,0.15
63156,16876,1006,2,130.0,0.05
63157,16877,1013,2,95.0,0.05
63158,16877,1008,1,240.0,0.0
63159,16878,1017,2,45.0,0.0
63160,16879,1007,2,75.0,0.0
63161,16879,1012,1,49.0,0.0
63162,16880,1011,1,520.0,0.0
63163,16880,1018,2,175.0,0.0
63164,16881,1013,1,95.0,0.1
63165,16882,1009,1,320.0,0.1
63166,16882,1010,1,119.0,0.05
63167,16882,1007,1,75.0,0.1
63168,16883,1006,1,130.0,0.1
63169,16883,1005,1,55.0,0.0
63170,16884,1012,1,49.0,0.0
63171,16885,1017,1,45.0,0.0
63172,16885,1013,1,95.0,0.0
63173,16885,1020,2,310.0,0.0
63174,16886,1018,1,175.0,0.05
63175,16887,1016,3,210.0,0.0
63176,16887,1004,3,160.0,0.0
63177,16888,1004,1,160.0,0.1
63178,16889,1015,1,890.0,0.0
63179,16889,1013,1,95.0,0.05
63180,16889,1020,1,310.0,0.3
63181,16890,1019,1,260.0,0.1
63182,16891,1004,1,160.0,0.0
63183,16892,1002,1,680.0,0.0
63184,16892,1004,3,160.0,0.0
63185,16893,1006,1,130.0,0.0
63186,16894,1015,1,890.0,0.2
63187,16895,1015,1,890.0,0.0
63188,16895,1017,1,45.0,0.05
63189,16896,1009,1,320.0,0.05
63190,16896,1006,1,130.0,0.15
63191,16896,1004,1,160.0,0.3
63192,16897,1008,1,240.0,0.05
63193,16898,1016,2,210.0,0.1
63194,16899,1019,2,260.0,0.3
63195,16899,1013,1,95.0,0.0
63196,16900,1001,1,450.0,0.0
63197,16900,1011,1,520.0,0.0
63198,16900,1018,1,175.0,0.15
63199,16901,1009,1,320.0,0.1
63200,16901,1002,1,680.0,0.1
63201,16902,1001,3,450.0,0.0
63202,16903,1011,1,520.0,0.0
63203,16903,1001,2,450.0,0.0
63204,16903,1016,3,210.0,0.05
63205,16904,1013,1,95.0,0.0
63206,16904,1003,1,89.0,0.05
63207,16904,1001,2,450.0,0.0
63208,16904,1004,1,160.0,0.0
63209,16905,1010,1,119.0,0.1
63210,16906,1005,1,55.0,0.15
63211,16906,1011,1,520.0,0.0
63212,16906,1012,1,49.0,0.15
63213,16906,1006,1,130.0,0.0
63214,16907,1011,1,520.0,0.0
63215,16908,1004,2,160.0,0.2
63216,16908,1018,2,175.0,0.0
63217,16909,1007,2,75.0,0.0
63218,16909,1003,1,89.0,0.0
63219,16910,1012,1,49.0,0.0
63220,16911,1004,1,160.0,0.0
63221,16911,1012,4,49.0,0.1
63222,16912,1017,1,45.0,0.15
63223,16913,1018,1,175.0,0.15
63224,16913,1020,1,310.0,0.0
63225,16913,1002,1,680.0,0.15
63226,16913,1019,1,260.0,0.2
63227,16914,1012,1,49.0,0.0
63228,16914,1013,1,95.0,0.0
63229,16914,1007,1,75.0,0.05
63230,16915,1015,1,890.0,0.05
63231,16915,1011,1,520.0,0.05
63232,16915,1014,1,149.0,0.0
63233,16916,1010,1,119.0,0.0
63234,16917,1015,2,890.0,0.0
63235,16917,1014,1,149.0,0.0
63236,16918,1007,1,75.0,0.0
63237,16919,1011,1,520.0,0.05
63238,16920,1013,1,95.0,0.1
63239,16920,1001,2,450.0,0.15
63240,16921,1015,3,890.0,0.1
63241,16921,1003,1,89.0,0.0
63242,16922,1007,2,75.0,0.1
63243,16923,1014,1,149.0,0.05
63244,16924,1007,1,75.0,0.0
63245,16925,1001,1,450.0,0.0
63246,16925,1006,4,130.0,0.0
63247,16925,1014,2,149.0,0.15
63248,16926,1014,1,149.0,0.0
63249,16927,1003,2,89.0,0.0
63250,16927,1001,2,450.0,0.0
63251,16927,1007,1,75.0,0.0
63252,16928,1020,2,310.0,0.05
63253,16929,1014,1,149.0,0.15
63254,16930,1018,1,175.0,0.0
63255,16930,1007,1,75.0,0.15
63256,16930,1004,1,160.0,0.1
63257,16930,1006,1,130.0,0.0
63258,16931,1016,1,210.0,0.0
63259,16932,1014,1,149.0,0.0
63260,16932,1004,1,160.0,0.0
63261,16932,1010,1,119.0,0.05
63262,16933,1015,2,890.0,0.0
63263,16934,1007,1,75.0,0.0
63264,16934,1010,1,119.0,0.0
63265,16934,1016,1,210.0,0.0
63266,16935,1006,1,130.0,0.0
63267,16936,1013,1,95.0,0.0
63268,16936,1003,2,89.0,0.2
63269,16937,1014,1,149.0,0.0
63270,16938,1001,1,450.0,0.2
63271,16938,1007,1,75.0,0.05
63272,16938,1019,1,260.0,0.15
63273,16939,1007,1,75.0,0.0
63274,16940,1016,2,210.0,0.0
63275,16941,1013,3,95.0,0.0
63276,16941,1002,1,680.0,0.05
63277,16941,1015,1,890.0,0.2
63278,16941,1003,1,89.0,0.1
63279,16942,1014,1,149.0,0.0
63280,16943,1001,1,450.0,0.05
63281,16943,1009,1,320.0,0.1
63282,16944,1009,1,320.0,0.0
63283,16944,1010,2,119.0,0.0
63284,16945,1018,2,175.0,0.15
63285,16946,1017,1,45.0,0.0
63286,16947,1017,3,45.0,0.05
63287,16948,1007,2,75.0,0.05
63288,16949,1010,1,119.0,0.1
63289,16949,1013,1,95.0,0.0
63290,16949,1019,1,260.0,0.1
63291,16950,1016,1,210.0,0.15
63292,16951,1003,1,89.0,0.0
63293,16951,1009,1,320.0,0.0
63294,16951,1012,1,49.0,0.05
63295,16951,1013,3,95.0,0.05
63296,16952,1008,2,240.0,0.0
63297,16952,1010,1,119.0,0.0
63298,16953,1015,4,890.0,0.1
63299,16953,1010,1,119.0,0.1
63300,16953,1009,1,320.0,0.1
63301,16954,1004,1,160.0,0.05
63302,16955,1007,1,75.0,0.0
63303,16955,1018,1,175.0,0.0
63304,16956,1017,1,45.0,0.0
63305,16956,1013,2,95.0,0.0
63306,16957,1006,2,130.0,0.1
63307,16957,1010,2,119.0,0.0
63308,16957,1019,1,260.0,0.0
63309,16958,1008,1,240.0,0.0
63310,16959,1001,1,450.0,0.05
63311,16959,1020,3,310.0,0.0
63312,16959,1011,1,520.0,0.0
63313,16959,1003,1,89.0,0.05
63314,16960,1006,1,130.0,0.1
63315,16960,1015,1,890.0,0.05
63316,16960,1002,1,680.0,0.25
63317,16961,1019,1,260.0,0.15
63318,16962,1005,1,55.0,0.1
63319,16962,1002,1,680.0,0.0
63320,16963,1017,1,45.0,0.05
63321,16963,1003,2,89.0,0.0
63322,16964,1015,1,890.0,0.0
63323,16965,1003,1,89.0,0.05
63324,16965,1020,1,310.0,0.25
63325,16966,1011,2,520.0,0.0
63326,16966,1010,1,119.0,0.0
63327,16967,1013,1,95.0,0.0
63328,16967,1007,1,75.0,0.2
63329,16968,1009,1,320.0,0.0
63330,16969,1010,1,119.0,0.05
63331,16969,1003,1,89.0,0.0
63332,16969,1005,4,55.0,0.0
63333,16969,1018,1,175.0,0.05
63334,16969,1017,1,45.0,0.05
63335,16970,1019,1,260.0,0.1
63336,16971,1014,1,149.0,0.0
63337,16971,1012,1,49.0,0.0
63338,16972,1015,1,890.0,0.05
63339,16973,1005,1,55.0,0.0
63340,16973,1017,1,45.0,0.1
63341,16974,1003,1,89.0,0.15
63342,16975,1004,4,160.0,0.1
63343,16975,1007,2,75.0,0.1
63344,16976,1010,1,119.0,0.15
63345,16977,1019,1,260.0,0.1
63346,16978,1012,1,49.0,0.25
63347,16978,1007,1,75.0,0.0
63348,16978,1008,3,240.0,0.0
63349,16978,1015,1,890.0,0.15
63350,16978,1004,1,160.0,0.15
63351,16979,1010,1,119.0,0.0
63352,16980,1012,1,49.0,0.05
63353,16981,1009,1,320.0,0.0
63354,16981,1003,1,89.0,0.0
63355,16981,1018,1,175.0,0.0
63356,16981,1002,2,680.0,0.0
63357,16982,1007,1,75.0,0.0
63358,16983,1011,1,520.0,0.05
63359,16984,1013,2,95.0,0.0
63360,16984,1005,2,55.0,0.0
63361,16984,1002,1,680.0,0.0
63362,16984,1014,4,149.0,0.0
63363,16985,1010,1,119.0,0.0
63364,16985,1003,1,89.0,0.05
63365,16986,1011,1,520.0,0.0
63366,16986,1001,1,450.0,0.25
63367,16986,1015,1,890.0,0.1
63368,16986,1007,1,75.0,0.0
63369,16986,1020,1,310.0,0.15
63370,16987,1013,1,95.0,0.0
63371,16987,1001,1,450.0,0.2
63372,16988,1016,1,210.0,0.05
63373,16988,1020,1,310.0,0.25
63374,16989,1004,1,160.0,0.1
63375,16989,1020,1,310.0,0.2
63376,16990,1015,1,890.0,0.0
63377,16991,1007,1,75.0,0.05
63378,16991,1019,1,260.0,0.0
63379,16992,1011,2,520.0,0.0
63380,16992,1020,4,310.0,0.1
63381,16992,1018,2,175.0,0.0
63382,16992,1017,1,45.0,0.0
63383,16993,1012,4,49.0,0.25
63384,16993,1017,1,45.0,0.0
63385,16993,1018,1,175.0,0.2
63386,16994,1019,1,260.0,0.0
63387,16994,1002,2,680.0,0.1
63388,16995,1007,3,75.0,0.15
63389,16995,1020,1,310.0,0.05
63390,16995,1009,1,320.0,0.05
63391,16996,1014,1,149.0,0.15
63392,16997,1011,1,520.0,0.15
63393,16997,1006,1,130.0,0.05
63394,16997,1020,1,310.0,0.05
63395,16998,1003,1,89.0,0.0
63396,16998,1011,4,520.0,0.1
63397,16999,1006,1,130.0,0.0
63398,17000,1006,1,130.0,0.0
63399,17000,1010,1,119.0,0.15
63400,17000,1007,1,75.0,0.0
63401,17001,1011,1,520.0,0.15
63402,17001,1003,1,89.0,0.1
63403,17001,1005,1,55.0,0.0
63404,17001,1008,1,240.0,0.0
63405,17002,1013,1,95.0,0.1
63406,17003,1003,2,89.0,0.2
63407,17003,1009,1,320.0,0.05
63408,17003,1016,1,210.0,0.1
63409,17003,1010,1,119.0,0.1
63410,17004,1019,1,260.0,0.0
63411,17004,1007,2,75.0,0.05
63412,17005,1014,1,149.0,0.15
63413,17006,1016,1,210.0,0.0
63414,17006,1014,3,149.0,0.15
63415,17007,1019,1,260.0,0.0
63416,17008,1015,2,890.0,0.0
63417,17009,1018,1,175.0,0.15
63418,17010,1020,1,310.0,0.1
63419,17010,1015,1,890.0,0.0
63420,17010,1002,1,680.0,0.15
63421,17011,1015,3,890.0,0.0
63422,17011,1006,1,130.0,0.0
63423,17012,1006,3,130.0,0.0
63424,17013,1008,1,240.0,0.0
63425,17013,1014,2,149.0,0.0
63426,17014,1014,1,149.0,0.0
63427,17015,1015,1,890.0,0.2
63428,17016,1005,1,55.0,0.0
63429,17016,1006,1,130.0,0.1
63430,17017,1019,1,260.0,0.05
63431,17018,1009,1,320.0,0.05
63432,17018,1010,1,119.0,0.1
63433,17019,1002,1,680.0,0.0
63434,17019,1018,1,175.0,0.0
63435,17020,1016,1,210.0,0.0
63436,17020,1019,1,260.0,0.1
63437,17020,1003,2,89.0,0.0
63438,17020,1005,1,55.0,0.0
63439,17020,1014,3,149.0,0.1
63440,17021,1018,1,175.0,0.0
63441,17021,1001,1,450.0,0.2
63442,17022,1007,1,75.0,0.1
63443,17023,1016,1,210.0,0.0
63444,17023,1011,1,520.0,0.05
63445,17023,1007,2,75.0,0.3
63446,17024,1008,1,240.0,0.0
63447,17025,1002,1,680.0,0.0
63448,17025,1012,1,49.0,0.05
63449,17026,1019,1,260.0,0.0
63450,17027,1004,1,160.0,0.15
63451,17027,1011,1,520.0,0.0
63452,17027,1018,2,175.0,0.2
63453,17027,1016,1,210.0,0.05
63454,17028,1008,1,240.0,0.0
63455,17028,1005,1,55.0,0.1
63456,17029,1010,3,119.0,0.15
63457,17029,1002,1,680.0,0.0
63458,17029,1017,1,45.0,0.15
63459,17030,1016,1,210.0,0.0
63460,17030,1020,1,310.0,0.0
63461,17030,1019,2,260.0,0.0
63462,17030,1017,1,45.0,0.0
63463,17031,1006,1,130.0,0.3
63464,17032,1019,1,260.0,0.0
63465,17032,1018,1,175.0,0.0
63466,17032,1008,1,240.0,0.0
63467,17032,1011,1,520.0,0.05
63468,17033,1011,1,520.0,0.2
63469,17033,1012,1,49.0,0.0
63470,17034,1016,1,210.0,0.0
63471,17035,1008,1,240.0,0.0
63472,17036,1002,1,680.0,0.0
63473,17037,1005,1,55.0,0.1
63474,17037,1002,1,680.0,0.3
63475,17037,1001,2,450.0,0.15
63476,17038,1002,1,680.0,0.0
63477,17039,1001,1,450.0,0.0
63478,17040,1017,2,45.0,0.05
63479,17040,1015,1,890.0,0.0
63480,17041,1005,2,55.0,0.05
63481,17041,1019,1,260.0,0.0
63482,17041,1018,1,175.0,0.0
63483,17042,1009,1,320.0,0.1
63484,17042,1004,1,160.0,0.05
63485,17043,1012,1,49.0,0.0
63486,17044,1008,1,240.0,0.15
63487,17044,1013,3,95.0,0.0
63488,17045,1005,4,55.0,0.0
63489,17046,1017,1,45.0,0.1
63490,17046,1011,1,520.0,0.1
63491,17046,1007,1,75.0,0.15
63492,17047,1001,1,450.0,0.0
63493,17047,1006,1,130.0,0.05
63494,17048,1005,1,55.0,0.0
63495,17048,1018,1,175.0,0.05
63496,17048,1014,1,149.0,0.1
63497,17049,1003,1,89.0,0.05
63498,17049,1011,1,520.0,0.0
63499,17049,1005,1,55.0,0.1
63500,17050,1009,3,320.0,0.15
63501,17051,1010,1,119.0,0.05
63502,17051,1001,1,450.0,0.05
63503,17052,1020,1,310.0,0.1
63504,17053,1001,1,450.0,0.1
63505,17053,1019,1,260.0,0.1
63506,17054,1015,1,890.0,0.15
63507,17054,1013,1,95.0,0.15
63508,17055,1001,1,450.0,0.0
63509,17055,1016,1,210.0,0.1
63510,17056,1018,1,175.0,0.05
63511,17056,1007,1,75.0,0.2
63512,17056,1012,2,49.0,0.0
63513,17056,1017,1,45.0,0.1
63514,17057,1013,1,95.0,0.15
63515,17057,1002,3,680.0,0.2
63516,17057,1011,1,520.0,0.15
63517,17057,1015,1,890.0,0.2
63518,17057,1008,1,240.0,0.0
63519,17058,1012,1,49.0,0.0
63520,17059,1006,2,130.0,0.3
63521,17059,1009,2,320.0,0.15
63522,17060,1013,1,95.0,0.2
63523,17061,1004,1,160.0,0.1
63524,17061,1010,2,119.0,0.0
63525,17062,1005,1,55.0,0.0
63526,17062,1017,1,45.0,0.0
63527,17063,1016,1,210.0,0.05
63528,17063,1011,2,520.0,0.0
63529,17063,1009,1,320.0,0.0
63530,17064,1004,3,160.0,0.0
63531,17064,1003,1,89.0,0.2
63532,17065,1013,1,95.0,0.05
63533,17065,1020,2,310.0,0.1
63534,17065,1012,1,49.0,0.2
63535,17066,1017,1,45.0,0.1
63536,17067,1011,2,520.0,0.0
63537,17068,1018,1,175.0,0.0
63538,17068,1001,1,450.0,0.0
63539,17069,1004,1,160.0,0.0
63540,17069,1010,1,119.0,0.05
63541,17070,1006,2,130.0,0.0
63542,17071,1013,1,95.0,0.15
63543,17071,1006,1,130.0,0.2
63544,17072,1003,2,89.0,0.1
63545,17073,1013,1,95.0,0.0
63546,17074,1019,1,260.0,0.0
63547,17075,1017,1,45.0,0.0
63548,17075,1020,1,310.0,0.15
63549,17076,1008,1,240.0,0.0
63550,17076,1017,3,45.0,0.2
63551,17076,1016,2,210.0,0.1
63552,17076,1018,1,175.0,0.15
63553,17077,1012,1,49.0,0.1
63554,17077,1016,1,210.0,0.0
63555,17078,1013,1,95.0,0.0
63556,17079,1002,1,680.0,0.0
63557,17080,1008,1,240.0,0.1
63558,17081,1006,1,130.0,0.05
63559,17082,1006,1,130.0,0.1
63560,17082,1015,3,890.0,0.0
63561,17082,1001,1,450.0,0.2
63562,17083,1007,1,75.0,0.1
63563,17084,1015,1,890.0,0.05
63564,17084,1003,1,89.0,0.15
63565,17084,1007,2,75.0,0.05
63566,17084,1010,1,119.0,0.2
63567,17085,1015,1,890.0,0.0
63568,17085,1009,2,320.0,0.0
63569,17085,1019,1,260.0,0.15
63570,17086,1015,1,890.0,0.0
63571,17087,1002,1,680.0,0.15
63572,17087,1019,1,260.0,0.05
63573,17087,1018,1,175.0,0.1
63574,17088,1018,1,175.0,0.1
63575,17088,1004,1,160.0,0.0
63576,17089,1003,1,89.0,0.0
63577,17090,1004,2,160.0,0.05
63578,17090,1019,1,260.0,0.0
63579,17091,1019,1,260.0,0.15
63580,17091,1010,3,119.0,0.05
63581,17091,1012,1,49.0,0.0
63582,17091,1008,1,240.0,0.0
63583,17091,1004,2,160.0,0.0
63584,17092,1015,4,890.0,0.0
63585,17092,1020,2,310.0,0.05
63586,17093,1007,1,75.0,0.05
63587,17094,1014,1,149.0,0.0
63588,17095,1020,1,310.0,0.2
63589,17095,1006,1,130.0,0.1
63590,17096,1020,2,310.0,0.05
63591,17097,1011,2,520.0,0.0
63592,17098,1007,1,75.0,0.05
63593,17099,1007,1,75.0,0.05
63594,17100,1016,4,210.0,0.15
63595,17100,1011,1,520.0,0.0
63596,17100,1004,1,160.0,0.0
63597,17101,1008,1,240.0,0.05
63598,17101,1007,4,75.0,0.05
63599,17102,1003,1,89.0,0.0
63600,17103,1007,1,75.0,0.0
63601,17103,1012,2,49.0,0.15
63602,17104,1007,1,75.0,0.15
63603,17104,1003,2,89.0,0.15
63604,17105,1007,1,75.0,0.25
63605,17105,1003,1,89.0,0.0
63606,17105,1010,2,119.0,0.15
63607,17106,1005,3,55.0,0.1
63608,17106,1015,1,890.0,0.2
63609,17107,1004,1,160.0,0.0
63610,17107,1005,1,55.0,0.1
63611,17107,1006,1,130.0,0.0
63612,17108,1009,2,320.0,0.0
63613,17109,1013,1,95.0,0.0
63614,17109,1020,1,310.0,0.0
63615,17110,1003,2,89.0,0.0
63616,17110,1006,1,130.0,0.2
63617,17110,1015,1,890.0,0.1
63618,17111,1015,1,890.0,0.05
63619,17111,1017,1,45.0,0.0
63620,17111,1012,1,49.0,0.0
63621,17112,1012,1,49.0,0.0
63622,17112,1007,2,75.0,0.0
63623,17113,1014,1,149.0,0.2
63624,17114,1005,1,55.0,0.0
63625,17114,1012,1,49.0,0.05
63626,17114,1002,1,680.0,0.0
63627,17115,1010,4,119.0,0.05
63628,17115,1014,1,149.0,0.0
63629,17115,1006,1,130.0,0.15
63630,17115,1020,1,310.0,0.2
63631,17116,1016,2,210.0,0.1
63632,17116,1006,1,130.0,0.0
63633,17117,1004,1,160.0,0.05
63634,17117,1014,1,149.0,0.1
63635,17118,1003,1,89.0,0.0
63636,17119,1014,1,149.0,0.1
63637,17119,1003,1,89.0,0.05
63638,17119,1005,1,55.0,0.15
63639,17120,1013,1,95.0,0.05
63640,17121,1014,1,149.0,0.0
63641,17121,1006,1,130.0,0.15
63642,17122,1018,1,175.0,0.05
63643,17123,1015,2,890.0,0.0
63644,17123,1004,1,160.0,0.05
63645,17123,1003,1,89.0,0.2
63646,17124,1007,1,75.0,0.05
63647,17125,1017,1,45.0,0.15
63648,17126,1012,1,49.0,0.15
63649,17126,1008,1,240.0,0.0
63650,17127,1001,1,450.0,0.05
63651,17127,1019,1,260.0,0.25
63652,17128,1011,1,520.0,0.0
63653,17128,1013,1,95.0,0.0
63654,17129,1012,2,49.0,0.05
63655,17129,1017,1,45.0,0.0
63656,17129,1002,1,680.0,0.05
63657,17130,1019,1,260.0,0.05
63658,17130,1011,1,520.0,0.0
63659,17130,1013,1,95.0,0.05
63660,17131,1014,2,149.0,0.15
63661,17132,1008,1,240.0,0.1
63662,17133,1008,1,240.0,0.1
63663,17133,1002,1,680.0,0.0
63664,17133,1018,2,175.0,0.1
63665,17134,1020,1,310.0,0.0
63666,17135,1013,1,95.0,0.1
63667,17136,1006,1,130.0,0.1
63668,17136,1003,2,89.0,0.15
63669,17136,1017,1,45.0,0.2
63670,17137,1009,1,320.0,0.0
63671,17138,1013,1,95.0,0.15
63672,17138,1007,1,75.0,0.3
63673,17139,1014,1,149.0,0.1
63674,17140,1004,1,160.0,0.0
63675,17140,1013,1,95.0,0.05
63676,17141,1019,1,260.0,0.0
63677,17142,1020,1,310.0,0.0
63678,17143,1001,1,450.0,0.0
63679,17143,1017,1,45.0,0.05
63680,17144,1005,1,55.0,0.0
63681,17144,1015,2,890.0,0.0
63682,17144,1013,1,95.0,0.0
63683,17145,1002,1,680.0,0.05
63684,17146,1003,1,89.0,0.1
63685,17146,1017,1,45.0,0.0
63686,17146,1009,1,320.0,0.2
63687,17147,1019,2,260.0,0.15
63688,17147,1014,2,149.0,0.0
63689,17148,1006,2,130.0,0.0
63690,17148,1010,1,119.0,0.0
63691,17148,1017,2,45.0,0.0
63692,17149,1009,1,320.0,0.15
63693,17150,1011,3,520.0,0.1
63694,17151,1009,2,320.0,0.1
63695,17151,1013,1,95.0,0.0
63696,17152,1010,2,119.0,0.2
63697,17152,1011,1,520.0,0.0
63698,17153,1001,1,450.0,0.0
63699,17153,1010,1,119.0,0.1
63700,17154,1003,1,89.0,0.15
63701,17155,1012,1,49.0,0.1
63702,17155,1007,1,75.0,0.05
63703,17155,1008,1,240.0,0.1
63704,17156,1005,1,55.0,0.0
63705,17157,1011,1,520.0,0.0
63706,17157,1002,1,680.0,0.15
63707,17157,1005,2,55.0,0.0
63708,17157,1018,1,175.0,0.0
63709,17157,1014,1,149.0,0.15
63710,17158,1014,1,149.0,0.1
63711,17158,1010,1,119.0,0.0
63712,17159,1018,2,175.0,0.0
63713,17160,1017,1,45.0,0.15
63714,17160,1004,1,160.0,0.1
63715,17160,1012,1,49.0,0.0
63716,17161,1017,1,45.0,0.15
63717,17161,1020,1,310.0,0.0
63718,17161,1016,1,210.0,0.0
63719,17162,1008,4,240.0,0.05
63720,17163,1019,2,260.0,0.0
63721,17163,1016,1,210.0,0.0
63722,17164,1012,1,49.0,0.1
63723,17165,1018,1,175.0,0.05
63724,17165,1005,1,55.0,0.0
63725,17166,1006,1,130.0,0.1
63726,17166,1012,2,49.0,0.0
63727,17166,1003,2,89.0,0.3
63728,17166,1010,1,119.0,0.05
63729,17166,1017,1,45.0,0.15
63730,17167,1017,3,45.0,0.0
63731,17167,1013,1,95.0,0.0
63732,17167,1009,2,320.0,0.1
63733,17168,1013,1,95.0,0.0
63734,17169,1018,2,175.0,0.0
63735,17169,1003,1,89.0,0.15
63736,17169,1020,1,310.0,0.15
63737,17170,1006,1,130.0,0.0
63738,17170,1020,1,310.0,0.15
63739,17170,1002,2,680.0,0.0
63740,17171,1007,1,75.0,0.0
63741,17172,1020,2,310.0,0.1
63742,17173,1010,1,119.0,0.0
63743,17174,1007,1,75.0,0.0
63744,17175,1006,2,130.0,0.0
63745,17176,1007,1,75.0,0.05
63746,17177,1016,3,210.0,0.1
63747,17177,1003,1,89.0,0.1
63748,17178,1002,1,680.0,0.0
63749,17179,1019,1,260.0,0.2
63750,17179,1003,2,89.0,0.05
63751,17180,1019,1,260.0,0.0
63752,17181,1020,1,310.0,0.15
63753,17182,1011,1,520.0,0.0
63754,17183,1007,1,75.0,0.0
63755,17183,1014,1,149.0,0.25
63756,17183,1017,4,45.0,0.1
63757,17184,1020,1,310.0,0.0
63758,17184,1009,1,320.0,0.0
63759,17185,1001,1,450.0,0.0
63760,17185,1009,1,320.0,0.0
63761,17186,1017,1,45.0,0.05
63762,17186,1013,2,95.0,0.05
63763,17186,1018,2,175.0,0.15
63764,17186,1007,1,75.0,0.0
63765,17187,1014,2,149.0,0.1
63766,17188,1001,2,450.0,0.0
63767,17188,1013,1,95.0,0.05
63768,17188,1018,1,175.0,0.1
63769,17188,1005,2,55.0,0.0
63770,17188,1015,1,890.0,0.1
63771,17189,1020,1,310.0,0.1
63772,17190,1018,1,175.0,0.0
63773,17190,1007,1,75.0,0.0
63774,17190,1013,1,95.0,0.0
63775,17190,1019,2,260.0,0.05
63776,17190,1017,1,45.0,0.0
63777,17191,1005,3,55.0,0.0
63778,17191,1018,2,175.0,0.0
63779,17191,1006,3,130.0,0.05
63780,17192,1017,1,45.0,0.0
63781,17192,1014,1,149.0,0.25
63782,17192,1002,1,680.0,0.0
63783,17193,1012,1,49.0,0.0
63784,17193,1016,4,210.0,0.15
63785,17193,1015,1,890.0,0.1
63786,17194,1017,1,45.0,0.0
63787,17195,1005,2,55.0,0.1
63788,17195,1010,1,119.0,0.0
63789,17196,1002,1,680.0,0.0
63790,17197,1009,1,320.0,0.0
63791,17197,1019,1,260.0,0.0
63792,17197,1003,2,89.0,0.2
63793,17198,1016,2,210.0,0.3
63794,17199,1016,1,210.0,0.0
63795,17199,1013,1,95.0,0.0
63796,17200,1013,1,95.0,0.15
63797,17201,1012,4,49.0,0.0
63798,17201,1001,1,450.0,0.15
63799,17201,1018,1,175.0,0.1
63800,17201,1017,2,45.0,0.05
63801,17202,1005,1,55.0,0.1
63802,17202,1016,1,210.0,0.0
63803,17203,1004,1,160.0,0.15
63804,17204,1006,1,130.0,0.1
63805,17204,1018,1,175.0,0.0
63806,17205,1008,1,240.0,0.2
63807,17205,1011,2,520.0,0.0
63808,17206,1020,1,310.0,0.1
63809,17207,1009,1,320.0,0.0
63810,17207,1020,1,310.0,0.15
63811,17207,1002,1,680.0,0.15
63812,17207,1014,1,149.0,0.1
63813,17208,1015,1,890.0,0.0
63814,17208,1004,1,160.0,0.0
63815,17209,1012,1,49.0,0.2
63816,17209,1001,2,450.0,0.0
63817,17209,1020,2,310.0,0.1
63818,17209,1016,3,210.0,0.1
63819,17210,1003,2,89.0,0.1
63820,17210,1013,1,95.0,0.1
63821,17210,1001,2,450.0,0.2
63822,17210,1010,3,119.0,0.05
63823,17211,1018,2,175.0,0.2
63824,17212,1004,1,160.0,0.05
63825,17213,1004,1,160.0,0.0
63826,17214,1004,1,160.0,0.0
63827,17215,1007,1,75.0,0.0
63828,17215,1015,1,890.0,0.0
63829,17215,1013,1,95.0,0.05
63830,17216,1012,1,49.0,0.1
63831,17216,1010,1,119.0,0.05
63832,17217,1018,3,175.0,0.0
63833,17218,1018,1,175.0,0.0
63834,17218,1002,1,680.0,0.1
63835,17218,1009,1,320.0,0.1
63836,17219,1009,2,320.0,0.0
63837,17220,1016,1,210.0,0.05
63838,17221,1010,1,119.0,0.1
63839,17222,1001,1,450.0,0.15
63840,17223,1007,1,75.0,0.15
63841,17223,1016,1,210.0,0.0
63842,17224,1008,3,240.0,0.0
63843,17224,1012,1,49.0,0.0
63844,17224,1007,1,75.0,0.15
63845,17225,1002,1,680.0,0.0
63846,17226,1005,1,55.0,0.15
63847,17227,1006,1,130.0,0.2
63848,17227,1020,1,310.0,0.0
63849,17227,1016,2,210.0,0.15
63850,17228,1018,2,175.0,0.0
63851,17228,1020,1,310.0,0.0
63852,17229,1020,1,310.0,0.05
63853,17230,1002,1,680.0,0.2
63854,17230,1005,1,55.0,0.0
63855,17231,1008,1,240.0,0.0
63856,17231,1014,2,149.0,0.0
63857,17232,1013,1,95.0,0.1
63858,17232,1003,1,89.0,0.0
63859,17233,1001,2,450.0,0.2
63860,17234,1018,1,175.0,0.1
63861,17234,1019,1,260.0,0.0
63862,17235,1014,1,149.0,0.15
63863,17235,1010,1,119.0,0.05
63864,17235,1003,1,89.0,0.2
63865,17235,1020,1,310.0,0.15
63866,17236,1012,1,49.0,0.0
63867,17236,1006,1,130.0,0.0
63868,17236,1019,1,260.0,0.2
63869,17236,1010,2,119.0,0.1
63870,17237,1010,2,119.0,0.0
63871,17237,1009,2,320.0,0.05
63872,17237,1004,1,160.0,0.0
63873,17238,1013,1,95.0,0.05
63874,17239,1018,2,175.0,0.2
63875,17240,1004,1,160.0,0.15
63876,17241,1005,1,55.0,0.1
63877,17242,1013,1,95.0,0.0
63878,17242,1020,2,310.0,0.0
63879,17242,1004,1,160.0,0.1
63880,17243,1017,1,45.0,0.1
63881,17243,1011,2,520.0,0.05
63882,17243,1008,1,240.0,0.05
63883,17244,1012,1,49.0,0.0
63884,17245,1012,1,49.0,0.0
63885,17246,1011,1,520.0,0.0
63886,17247,1012,1,49.0,0.0
63887,17247,1010,1,119.0,0.05
63888,17248,1020,2,310.0,0.15
63889,17249,1013,1,95.0,0.1
63890,17250,1002,1,680.0,0.05
63891,17251,1012,1,49.0,0.05
63892,17252,1011,1,520.0,0.0
63893,17252,1004,1,160.0,0.1
63894,17253,1017,1,45.0,0.15
63895,17254,1008,1,240.0,0.0
63896,17254,1003,1,89.0,0.15
63897,17254,1009,1,320.0,0.2
63898,17255,1017,1,45.0,0.0
63899,17255,1009,3,320.0,0.0
63900,17256,1006,1,130.0,0.15
63901,17257,1010,1,119.0,0.05
63902,17257,1011,1,520.0,0.15
63903,17258,1010,1,119.0,0.2
63904,17258,1013,2,95.0,0.15
63905,17259,1010,1,119.0,0.2
63906,17259,1009,1,320.0,0.25
63907,17260,1011,4,520.0,0.05
63908,17261,1002,1,680.0,0.1
63909,17261,1006,1,130.0,0.2
63910,17261,1003,1,89.0,0.15
63911,17261,1014,1,149.0,0.1
63912,17261,1016,1,210.0,0.0
63913,17262,1002,1,680.0,0.1
63914,17262,1008,1,240.0,0.0
63915,17263,1002,1,680.0,0.0
63916,17264,1012,1,49.0,0.15
63917,17265,1019,3,260.0,0.05
63918,17266,1004,1,160.0,0.1
63919,17266,1018,1,175.0,0.15
63920,17266,1006,1,130.0,0.2
63921,17267,1011,1,520.0,0.1
63922,17268,1007,1,75.0,0.05
63923,17269,1014,1,149.0,0.0
63924,17269,1004,1,160.0,0.0
63925,17269,1019,1,260.0,0.0
63926,17270,1004,1,160.0,0.15
63927,17271,1003,1,89.0,0.15
63928,17272,1010,1,119.0,0.25
63929,17272,1018,4,175.0,0.1
63930,17272,1020,1,310.0,0.15
63931,17273,1011,1,520.0,0.0
63932,17273,1016,1,210.0,0.0
63933,17274,1012,2,49.0,0.15
63934,17275,1012,1,49.0,0.0
63935,17276,1003,1,89.0,0.1
63936,17276,1012,1,49.0,0.1
63937,17276,1002,2,680.0,0.2
63938,17276,1007,2,75.0,0.2
63939,17276,1008,1,240.0,0.2
63940,17277,1001,1,450.0,0.0
63941,17277,1002,1,680.0,0.2
63942,17278,1005,1,55.0,0.0
63943,17278,1020,1,310.0,0.2
63944,17278,1018,1,175.0,0.2
63945,17278,1002,2,680.0,0.0
63946,17279,1019,1,260.0,0.0
63947,17279,1012,1,49.0,0.0
63948,17279,1011,2,520.0,0.0
63949,17280,1017,1,45.0,0.0
63950,17280,1007,1,75.0,0.0
63951,17281,1001,1,450.0,0.0
63952,17281,1004,1,160.0,0.1
63953,17281,1020,1,310.0,0.1
63954,17282,1005,1,55.0,0.0
63955,17283,1008,1,240.0,0.0
63956,17284,1005,2,55.0,0.1
63957,17285,1014,1,149.0,0.0
63958,17285,1011,1,520.0,0.0
63959,17286,1001,1,450.0,0.15
63960,17286,1007,1,75.0,0.05
63961,17286,1013,1,95.0,0.0
63962,17287,1006,1,130.0,0.0
63963,17288,1009,1,320.0,0.0
63964,17288,1001,3,450.0,0.0
63965,17289,1018,2,175.0,0.05
63966,17289,1003,3,89.0,0.0
63967,17290,1008,1,240.0,0.15
63968,17290,1002,1,680.0,0.0
63969,17290,1017,1,45.0,0.1
63970,17291,1019,2,260.0,0.05
63971,17291,1002,2,680.0,0.2
63972,17291,1015,2,890.0,0.15
63973,17291,1006,2,130.0,0.1
63974,17292,1002,1,680.0,0.2
63975,17293,1010,2,119.0,0.15
63976,17294,1005,1,55.0,0.0
63977,17294,1003,2,89.0,0.05
63978,17294,1014,1,149.0,0.0
63979,17295,1014,2,149.0,0.1
63980,17295,1008,1,240.0,0.0
63981,17296,1013,1,95.0,0.15
63982,17296,1016,2,210.0,0.05
63983,17297,1002,1,680.0,0.0
63984,17298,1005,1,55.0,0.15
63985,17298,1003,1,89.0,0.0
63986,17298,1020,1,310.0,0.1
63987,17299,1012,1,49.0,0.05
63988,17299,1020,2,310.0,0.2
63989,17299,1002,1,680.0,0.15
63990,17300,1016,3,210.0,0.15
63991,17301,1013,2,95.0,0.0
63992,17301,1018,2,175.0,0.05
63993,17302,1017,1,45.0,0.0
63994,17302,1006,2,130.0,0.0
63995,17303,1015,1,890.0,0.2
63996,17303,1016,1,210.0,0.0
63997,17304,1012,1,49.0,0.0
63998,17305,1004,2,160.0,0.0
63999,17306,1011,1,520.0,0.15
64000,17307,1020,3,310.0,0.0
64001,17307,1003,1,89.0,0.2
64002,17308,1006,1,130.0,0.3
64003,17309,1005,1,55.0,0.0
64004,17309,1019,1,260.0,0.05
64005,17310,1015,1,890.0,0.05
64006,17310,1007,1,75.0,0.05
64007,17311,1004,1,160.0,0.0
64008,17312,1015,1,890.0,0.15
64009,17313,1005,1,55.0,0.0
64010,17313,1006,1,130.0,0.2
64011,17313,1018,3,175.0,0.0
64012,17314,1002,1,680.0,0.0
64013,17315,1017,1,45.0,0.05
64014,17316,1015,1,890.0,0.15
64015,17317,1011,1,520.0,0.0
64016,17317,1012,4,49.0,0.0
64017,17317,1019,1,260.0,0.0
64018,17317,1007,2,75.0,0.05
64019,17318,1005,1,55.0,0.2
64020,17318,1016,2,210.0,0.1
64021,17319,1020,1,310.0,0.2
64022,17320,1017,1,45.0,0.0
64023,17320,1016,2,210.0,0.0
64024,17320,1001,1,450.0,0.0
64025,17321,1007,1,75.0,0.0
64026,17322,1013,1,95.0,0.0
64027,17323,1018,1,175.0,0.05
64028,17323,1015,1,890.0,0.0
64029,17323,1020,1,310.0,0.0
64030,17323,1013,1,95.0,0.05
64031,17323,1019,4,260.0,0.0
64032,17324,1009,1,320.0,0.1
64033,17325,1013,1,95.0,0.05
64034,17325,1010,1,119.0,0.0
64035,17325,1016,1,210.0,0.05
64036,17326,1020,1,310.0,0.1
64037,17327,1019,1,260.0,0.05
64038,17327,1003,1,89.0,0.0
64039,17328,1012,1,49.0,0.1
64040,17329,1019,1,260.0,0.1
64041,17329,1004,2,160.0,0.0
64042,17329,1011,1,520.0,0.1
64043,17330,1018,1,175.0,0.0
64044,17330,1013,1,95.0,0.2
64045,17330,1004,1,160.0,0.1
64046,17331,1004,1,160.0,0.15
64047,17331,1007,1,75.0,0.2
64048,17332,1002,3,680.0,0.05
64049,17333,1011,1,520.0,0.05
64050,17334,1015,2,890.0,0.15
64051,17335,1005,1,55.0,0.15
64052,17335,1009,1,320.0,0.15
64053,17336,1002,2,680.0,0.25
64054,17336,1005,1,55.0,0.0
64055,17337,1013,1,95.0,0.1
64056,17337,1011,1,520.0,0.15
64057,17338,1007,4,75.0,0.0
64058,17338,1019,4,260.0,0.2
64059,17339,1013,1,95.0,0.1
64060,17339,1012,2,49.0,0.0
64061,17339,1018,2,175.0,0.1
64062,17339,1020,1,310.0,0.2
64063,17339,1003,1,89.0,0.0
64064,17340,1014,2,149.0,0.15
64065,17341,1013,1,95.0,0.0
64066,17342,1002,1,680.0,0.0
64067,17343,1002,2,680.0,0.0
64068,17343,1004,2,160.0,0.0
64069,17344,1005,4,55.0,0.0
64070,17344,1016,1,210.0,0.05
64071,17345,1006,1,130.0,0.3
64072,17345,1002,1,680.0,0.0
64073,17346,1017,2,45.0,0.0
64074,17347,1006,1,130.0,0.15
64075,17347,1001,1,450.0,0.0
64076,17348,1010,1,119.0,0.05
64077,17348,1008,1,240.0,0.05
64078,17348,1019,1,260.0,0.0
64079,17349,1007,2,75.0,0.2
64080,17349,1010,1,119.0,0.15
64081,17350,1002,2,680.0,0.05
64082,17350,1006,1,130.0,0.05
64083,17350,1004,1,160.0,0.1
64084,17351,1004,1,160.0,0.15
64085,17352,1001,1,450.0,0.0
64086,17353,1011,1,520.0,0.0
64087,17353,1018,1,175.0,0.0
64088,17354,1015,1,890.0,0.15
64089,17354,1009,3,320.0,0.0
64090,17355,1009,1,320.0,0.1
64091,17356,1017,1,45.0,0.05
64092,17357,1014,1,149.0,0.05
64093,17357,1018,1,175.0,0.1
64094,17358,1018,1,175.0,0.05
64095,17358,1001,3,450.0,0.05
64096,17359,1004,2,160.0,0.1
64097,17359,1016,1,210.0,0.15
64098,17360,1017,1,45.0,0.15
64099,17360,1020,1,310.0,0.0
64100,17361,1009,1,320.0,0.15
64101,17362,1020,1,310.0,0.15
64102,17362,1002,1,680.0,0.15
64103,17362,1005,2,55.0,0.0
64104,17363,1001,1,450.0,0.05
64105,17363,1003,2,89.0,0.1
64106,17363,1015,1,890.0,0.1
64107,17364,1003,1,89.0,0.0
64108,17365,1002,2,680.0,0.0
64109,17366,1015,3,890.0,0.1
64110,17367,1009,1,320.0,0.05
64111,17367,1005,1,55.0,0.0
64112,17367,1014,2,149.0,0.0
64113,17368,1008,1,240.0,0.05
64114,17369,1007,1,75.0,0.05
64115,17369,1018,1,175.0,0.05
64116,17369,1009,1,320.0,0.25
64117,17370,1009,4,320.0,0.2
64118,17370,1019,2,260.0,0.0
64119,17371,1006,1,130.0,0.15
64120,17372,1017,4,45.0,0.15
64121,17372,1006,1,130.0,0.15
64122,17373,1001,1,450.0,0.15
64123,17373,1007,2,75.0,0.0
64124,17374,1007,2,75.0,0.05
64125,17375,1017,2,45.0,0.15
64126,17375,1002,1,680.0,0.05
64127,17376,1003,2,89.0,0.15
64128,17377,1020,2,310.0,0.0
64129,17378,1009,1,320.0,0.15
64130,17379,1017,1,45.0,0.0
64131,17380,1017,1,45.0,0.1
64132,17380,1003,3,89.0,0.0
64133,17380,1006,1,130.0,0.0
64134,17381,1009,1,320.0,0.15
64135,17381,1003,2,89.0,0.15
64136,17382,1009,1,320.0,0.0
64137,17382,1017,1,45.0,0.0
64138,17382,1006,1,130.0,0.05
64139,17383,1003,2,89.0,0.05
64140,17383,1018,1,175.0,0.05
64141,17384,1012,1,49.0,0.0
64142,17384,1020,1,310.0,0.1
64143,17385,1007,1,75.0,0.1
64144,17385,1003,2,89.0,0.15
64145,17385,1018,3,175.0,0.2
64146,17385,1009,1,320.0,0.3
64147,17386,1001,1,450.0,0.0
64148,17387,1019,2,260.0,0.15
64149,17387,1009,1,320.0,0.1
64150,17388,1002,1,680.0,0.0
64151,17388,1011,1,520.0,0.2
64152,17389,1015,1,890.0,0.0
64153,17390,1018,1,175.0,0.05
64154,17390,1004,1,160.0,0.0
64155,17390,1007,1,75.0,0.0
64156,17391,1017,3,45.0,0.0
64157,17391,1003,1,89.0,0.0
64158,17391,1009,1,320.0,0.2
64159,17392,1003,1,89.0,0.0
64160,17392,1009,1,320.0,0.0
64161,17392,1017,1,45.0,0.0
64162,17393,1008,1,240.0,0.0
64163,17393,1020,1,310.0,0.15
64164,17394,1010,3,119.0,0.2
64165,17395,1013,1,95.0,0.05
64166,17395,1014,1,149.0,0.0
64167,17395,1002,1,680.0,0.2
64168,17395,1011,1,520.0,0.0
64169,17396,1004,1,160.0,0.0
64170,17396,1011,1,520.0,0.0
64171,17397,1006,1,130.0,0.1
64172,17397,1019,1,260.0,0.0
64173,17397,1017,1,45.0,0.0
64174,17398,1017,1,45.0,0.15
64175,17399,1008,1,240.0,0.0
64176,17399,1006,1,130.0,0.0
64177,17400,1015,2,890.0,0.0
64178,17401,1008,3,240.0,0.1
64179,17401,1004,1,160.0,0.15
64180,17402,1003,2,89.0,0.1
64181,17403,1007,1,75.0,0.1
64182,17403,1010,1,119.0,0.2
64183,17404,1020,1,310.0,0.15
64184,17405,1010,1,119.0,0.05
64185,17405,1011,1,520.0,0.15
64186,17405,1016,1,210.0,0.15
64187,17405,1012,1,49.0,0.2
64188,17406,1001,1,450.0,0.0
64189,17407,1004,1,160.0,0.05
64190,17407,1014,1,149.0,0.0
64191,17408,1003,1,89.0,0.05
64192,17408,1001,1,450.0,0.0
64193,17408,1002,3,680.0,0.0
64194,17409,1020,1,310.0,0.0
64195,17409,1002,1,680.0,0.05
64196,17410,1002,2,680.0,0.0
64197,17410,1009,2,320.0,0.15
64198,17410,1015,1,890.0,0.1
64199,17411,1007,2,75.0,0.05
64200,17412,1013,1,95.0,0.0
64201,17413,1014,1,149.0,0.0
64202,17414,1013,2,95.0,0.05
64203,17415,1008,1,240.0,0.05
64204,17416,1009,1,320.0,0.15
64205,17416,1010,2,119.0,0.1
64206,17416,1012,2,49.0,0.0
64207,17417,1004,1,160.0,0.0
64208,17417,1012,2,49.0,0.1
64209,17417,1016,1,210.0,0.1
64210,17418,1002,1,680.0,0.1
64211,17419,1008,1,240.0,0.1
64212,17420,1007,1,75.0,0.0
64213,17421,1014,1,149.0,0.25
64214,17421,1005,1,55.0,0.0
64215,17421,1008,1,240.0,0.15
64216,17422,1007,2,75.0,0.1
64217,17423,1009,2,320.0,0.0
64218,17423,1005,1,55.0,0.0
64219,17423,1008,2,240.0,0.0
64220,17423,1012,1,49.0,0.2
64221,17424,1016,2,210.0,0.15
64222,17424,1017,1,45.0,0.1
64223,17425,1006,1,130.0,0.0
64224,17426,1019,1,260.0,0.0
64225,17426,1014,2,149.0,0.15
64226,17427,1006,1,130.0,0.1
64227,17428,1003,1,89.0,0.15
64228,17429,1016,1,210.0,0.0
64229,17430,1003,1,89.0,0.05
64230,17430,1014,1,149.0,0.0
64231,17431,1005,2,55.0,0.05
64232,17432,1012,2,49.0,0.0
64233,17432,1015,1,890.0,0.0
64234,17433,1015,1,890.0,0.0
64235,17433,1007,2,75.0,0.15
64236,17433,1011,1,520.0,0.0
64237,17433,1013,1,95.0,0.1
64238,17434,1015,1,890.0,0.2
64239,17435,1017,2,45.0,0.0
64240,17435,1005,3,55.0,0.0
64241,17436,1004,2,160.0,0.05
64242,17436,1005,1,55.0,0.0
64243,17437,1004,2,160.0,0.0
64244,17437,1009,2,320.0,0.05
64245,17437,1016,3,210.0,0.0
64246,17438,1020,1,310.0,0.2
64247,17438,1013,1,95.0,0.05
64248,17439,1010,1,119.0,0.0
64249,17440,1020,2,310.0,0.1
64250,17440,1017,2,45.0,0.05
64251,17440,1001,1,450.0,0.05
64252,17440,1010,2,119.0,0.0
64253,17441,1016,1,210.0,0.05
64254,17441,1015,1,890.0,0.15
64255,17442,1001,1,450.0,0.0
64256,17442,1009,1,320.0,0.05
64257,17442,1016,1,210.0,0.0
64258,17442,1002,1,680.0,0.0
64259,17443,1014,1,149.0,0.0
64260,17444,1008,1,240.0,0.0
64261,17445,1019,1,260.0,0.15
64262,17445,1018,1,175.0,0.0
64263,17445,1003,1,89.0,0.0
64264,17446,1014,2,149.0,0.1
64265,17447,1004,1,160.0,0.2
64266,17448,1015,1,890.0,0.15
64267,17448,1014,2,149.0,0.0
64268,17449,1005,4,55.0,0.1
64269,17450,1011,2,520.0,0.1
64270,17451,1004,1,160.0,0.0
64271,17452,1019,1,260.0,0.1
64272,17453,1008,1,240.0,0.0
64273,17454,1020,1,310.0,0.3
64274,17455,1005,1,55.0,0.25
64275,17456,1013,1,95.0,0.2
64276,17457,1009,1,320.0,0.05
64277,17458,1003,1,89.0,0.3
64278,17458,1017,1,45.0,0.15
64279,17458,1018,2,175.0,0.05
64280,17458,1002,3,680.0,0.15
64281,17458,1015,1,890.0,0.0
64282,17459,1008,2,240.0,0.1
64283,17460,1005,1,55.0,0.2
64284,17460,1018,1,175.0,0.0
64285,17461,1017,2,45.0,0.1
64286,17461,1015,2,890.0,0.1
64287,17462,1004,1,160.0,0.1
64288,17463,1005,1,55.0,0.0
64289,17464,1002,1,680.0,0.2
64290,17465,1008,2,240.0,0.05
64291,17465,1007,2,75.0,0.0
64292,17466,1007,1,75.0,0.0
64293,17467,1004,1,160.0,0.0
64294,17467,1018,1,175.0,0.0
64295,17467,1005,1,55.0,0.05
64296,17467,1013,1,95.0,0.0
64297,17467,1010,3,119.0,0.05
64298,17468,1002,2,680.0,0.0
64299,17469,1016,1,210.0,0.05
64300,17470,1008,1,240.0,0.2
64301,17470,1012,1,49.0,0.0
64302,17471,1015,1,890.0,0.0
64303,17471,1020,2,310.0,0.2
64304,17472,1017,1,45.0,0.05
64305,17472,1003,1,89.0,0.05
64306,17472,1007,1,75.0,0.05
64307,17473,1007,3,75.0,0.15
64308,17473,1018,1,175.0,0.1
64309,17473,1003,1,89.0,0.15
64310,17473,1013,2,95.0,0.1
64311,17474,1013,1,95.0,0.0
64312,17475,1001,1,450.0,0.05
64313,17476,1015,1,890.0,0.0
64314,17476,1007,1,75.0,0.25
64315,17476,1018,1,175.0,0.05
64316,17477,1006,1,130.0,0.0
64317,17477,1002,1,680.0,0.0
64318,17477,1013,3,95.0,0.0
64319,17478,1011,1,520.0,0.05
64320,17478,1016,1,210.0,0.0
64321,17478,1018,2,175.0,0.0
64322,17479,1008,1,240.0,0.1
64323,17479,1012,1,49.0,0.15
64324,17479,1019,1,260.0,0.1
64325,17480,1013,1,95.0,0.1
64326,17481,1008,1,240.0,0.2
64327,17481,1012,2,49.0,0.15
64328,17482,1009,1,320.0,0.05
64329,17482,1004,1,160.0,0.2
64330,17483,1002,1,680.0,0.05
64331,17484,1012,2,49.0,0.15
64332,17485,1006,1,130.0,0.1
64333,17485,1013,1,95.0,0.0
64334,17485,1012,2,49.0,0.05
64335,17486,1020,1,310.0,0.15
64336,17487,1001,1,450.0,0.0
64337,17488,1009,1,320.0,0.1
64338,17488,1019,1,260.0,0.25
64339,17488,1018,1,175.0,0.15
64340,17488,1011,1,520.0,0.25
64341,17489,1010,1,119.0,0.0
64342,17489,1012,2,49.0,0.05
64343,17489,1005,1,55.0,0.05
64344,17489,1009,2,320.0,0.0
64345,17490,1013,1,95.0,0.1
64346,17491,1015,1,890.0,0.05
64347,17491,1019,2,260.0,0.15
64348,17492,1013,1,95.0,0.05
64349,17492,1012,1,49.0,0.0
64350,17493,1006,1,130.0,0.0
64351,17493,1011,1,520.0,0.0
64352,17494,1017,1,45.0,0.0
64353,17494,1019,1,260.0,0.1
64354,17494,1006,2,130.0,0.1
64355,17494,1011,1,520.0,0.0
64356,17495,1007,1,75.0,0.1
64357,17496,1015,1,890.0,0.0
64358,17497,1002,1,680.0,0.1
64359,17498,1013,1,95.0,0.0
64360,17499,1012,1,49.0,0.0
64361,17500,1003,1,89.0,0.15
64362,17501,1007,1,75.0,0.05
64363,17501,1012,1,49.0,0.15
64364,17502,1011,1,520.0,0.0
64365,17502,1020,1,310.0,0.2
64366,17503,1008,1,240.0,0.0
64367,17503,1018,2,175.0,0.05
64368,17504,1003,2,89.0,0.0
64369,17504,1020,1,310.0,0.0
64370,17504,1016,1,210.0,0.2
64371,17505,1020,1,310.0,0.0
64372,17505,1017,1,45.0,0.0
64373,17506,1007,1,75.0,0.1
64374,17506,1020,1,310.0,0.05
64375,17506,1006,1,130.0,0.0
64376,17506,1009,1,320.0,0.1
64377,17507,1016,1,210.0,0.0
64378,17507,1012,1,49.0,0.0
64379,17508,1019,1,260.0,0.05
64380,17508,1007,1,75.0,0.1
64381,17509,1020,1,310.0,0.2
64382,17509,1002,1,680.0,0.0
64383,17510,1014,1,149.0,0.05
64384,17510,1007,1,75.0,0.0
64385,17511,1002,1,680.0,0.0
64386,17511,1018,1,175.0,0.05
64387,17511,1016,1,210.0,0.0
64388,17512,1017,1,45.0,0.2
64389,17512,1016,1,210.0,0.0
64390,17512,1020,3,310.0,0.2
64391,17513,1009,1,320.0,0.1
64392,17513,1016,1,210.0,0.2
64393,17514,1017,2,45.0,0.05
64394,17515,1002,1,680.0,0.1
64395,17516,1002,2,680.0,0.0
64396,17516,1020,4,310.0,0.0
64397,17517,1014,1,149.0,0.0
64398,17518,1006,1,130.0,0.0
64399,17518,1017,1,45.0,0.1
64400,17519,1008,1,240.0,0.05
64401,17520,1016,1,210.0,0.2
64402,17521,1016,1,210.0,0.0
64403,17521,1005,1,55.0,0.0
64404,17522,1018,1,175.0,0.0
64405,17522,1020,1,310.0,0.1
64406,17523,1018,2,175.0,0.2
64407,17523,1008,1,240.0,0.0
64408,17524,1002,1,680.0,0.25
64409,17524,1007,2,75.0,0.1
64410,17525,1014,1,149.0,0.0
64411,17526,1011,1,520.0,0.15
64412,17526,1017,2,45.0,0.05
64413,17526,1019,1,260.0,0.0
64414,17527,1016,4,210.0,0.1
64415,17528,1014,1,149.0,0.1
64416,17529,1017,3,45.0,0.0
64417,17529,1016,3,210.0,0.0
64418,17529,1007,1,75.0,0.05
64419,17530,1011,1,520.0,0.0
64420,17530,1007,1,75.0,0.05
64421,17530,1016,1,210.0,0.0
64422,17531,1001,1,450.0,0.0
64423,17531,1013,2,95.0,0.2
64424,17532,1008,1,240.0,0.0
64425,17532,1013,1,95.0,0.0
64426,17533,1010,3,119.0,0.0
64427,17533,1014,1,149.0,0.0
64428,17534,1014,1,149.0,0.2
64429,17535,1004,1,160.0,0.05
64430,17535,1017,1,45.0,0.1
64431,17536,1012,1,49.0,0.0
64432,17536,1009,1,320.0,0.15
64433,17536,1020,2,310.0,0.15
64434,17536,1006,1,130.0,0.0
64435,17536,1018,1,175.0,0.05
64436,17537,1009,1,320.0,0.15
64437,17537,1017,3,45.0,0.05
64438,17537,1003,2,89.0,0.0
64439,17538,1019,2,260.0,0.05
64440,17539,1008,2,240.0,0.0
64441,17540,1020,3,310.0,0.0
64442,17541,1011,1,520.0,0.0
64443,17542,1013,1,95.0,0.0
64444,17542,1008,4,240.0,0.0
64445,17542,1017,2,45.0,0.05
64446,17543,1018,1,175.0,0.2
64447,17543,1009,1,320.0,0.2
64448,17543,1008,1,240.0,0.0
64449,17544,1007,1,75.0,0.0
64450,17545,1001,1,450.0,0.15
64451,17545,1011,1,520.0,0.15
64452,17545,1004,2,160.0,0.05
64453,17545,1012,1,49.0,0.0
64454,17546,1014,2,149.0,0.1
64455,17546,1003,2,89.0,0.0
64456,17547,1007,1,75.0,0.0
64457,17547,1008,1,240.0,0.1
64458,17547,1004,1,160.0,0.1
64459,17548,1007,2,75.0,0.0
64460,17548,1020,1,310.0,0.0
64461,17548,1019,1,260.0,0.0
64462,17549,1008,1,240.0,0.1
64463,17549,1017,3,45.0,0.1
64464,17550,1020,1,310.0,0.05
64465,17550,1018,1,175.0,0.15
64466,17551,1001,1,450.0,0.05
64467,17551,1012,1,49.0,0.0
64468,17552,1018,1,175.0,0.0
64469,17552,1019,1,260.0,0.0
64470,17553,1004,1,160.0,0.0
64471,17553,1019,1,260.0,0.05
64472,17554,1012,1,49.0,0.15
64473,17554,1004,1,160.0,0.2
64474,17554,1014,3,149.0,0.0
64475,17555,1015,1,890.0,0.0
64476,17556,1003,2,89.0,0.1
64477,17556,1015,1,890.0,0.0
64478,17557,1020,2,310.0,0.0
64479,17558,1005,1,55.0,0.1
64480,17558,1003,1,89.0,0.1
64481,17559,1018,1,175.0,0.05
64482,17560,1008,1,240.0,0.0
64483,17560,1006,2,130.0,0.0
64484,17560,1019,1,260.0,0.15
64485,17560,1011,1,520.0,0.0
64486,17561,1006,4,130.0,0.05
64487,17561,1007,1,75.0,0.1
64488,17562,1005,1,55.0,0.0
64489,17563,1001,1,450.0,0.0
64490,17563,1006,1,130.0,0.05
64491,17563,1005,2,55.0,0.15
64492,17564,1015,1,890.0,0.0
64493,17565,1018,2,175.0,0.1
64494,17565,1010,2,119.0,0.1
64495,17566,1012,1,49.0,0.0
64496,17566,1020,1,310.0,0.0
64497,17566,1003,2,89.0,0.0
64498,17566,1017,1,45.0,0.15
64499,17566,1018,1,175.0,0.1
64500,17567,1012,1,49.0,0.0
64501,17567,1010,1,119.0,0.0
64502,17567,1004,1,160.0,0.1
64503,17567,1008,2,240.0,0.0
64504,17567,1003,1,89.0,0.1
64505,17568,1002,3,680.0,0.0
64506,17568,1016,1,210.0,0.15
64507,17568,1008,3,240.0,0.0
64508,17568,1009,1,320.0,0.15
64509,17568,1007,1,75.0,0.1
64510,17569,1011,1,520.0,0.05
64511,17570,1002,1,680.0,0.15
64512,17571,1015,2,890.0,0.05
64513,17572,1012,1,49.0,0.0
64514,17572,1003,2,89.0,0.1
64515,17573,1001,2,450.0,0.0
64516,17574,1008,2,240.0,0.0
64517,17575,1012,2,49.0,0.05
64518,17576,1010,1,119.0,0.05
64519,17576,1006,1,130.0,0.1
64520,17576,1001,1,450.0,0.15
64521,17577,1011,1,520.0,0.0
64522,17577,1016,2,210.0,0.1
64523,17577,1019,1,260.0,0.05
64524,17578,1012,2,49.0,0.05
64525,17579,1018,1,175.0,0.1
64526,17580,1009,1,320.0,0.2
64527,17580,1018,2,175.0,0.2
64528,17580,1006,1,130.0,0.0
64529,17580,1016,1,210.0,0.15
64530,17581,1015,1,890.0,0.05
64531,17581,1017,1,45.0,0.0
64532,17582,1001,1,450.0,0.1
64533,17583,1007,1,75.0,0.15
64534,17583,1005,1,55.0,0.15
64535,17584,1005,3,55.0,0.15
64536,17585,1002,3,680.0,0.0
64537,17586,1006,1,130.0,0.0
64538,17586,1014,1,149.0,0.1
64539,17586,1012,3,49.0,0.0
64540,17587,1011,1,520.0,0.15
64541,17587,1008,1,240.0,0.05
64542,17587,1019,2,260.0,0.0
64543,17588,1006,2,130.0,0.05
64544,17589,1017,1,45.0,0.25
64545,17590,1008,1,240.0,0.0
64546,17590,1002,1,680.0,0.05
64547,17590,1014,1,149.0,0.15
64548,17591,1012,1,49.0,0.05
64549,17592,1020,4,310.0,0.0
64550,17593,1016,3,210.0,0.0
64551,17593,1011,1,520.0,0.0
64552,17594,1001,1,450.0,0.0
64553,17595,1012,1,49.0,0.0
64554,17596,1013,1,95.0,0.0
64555,17596,1006,1,130.0,0.1
64556,17596,1012,1,49.0,0.05
64557,17596,1017,2,45.0,0.0
64558,17597,1017,1,45.0,0.0
64559,17597,1002,1,680.0,0.05
64560,17598,1009,1,320.0,0.2
64561,17598,1018,1,175.0,0.1
64562,17598,1007,1,75.0,0.0
64563,17598,1017,1,45.0,0.0
64564,17599,1003,1,89.0,0.1
64565,17599,1007,4,75.0,0.15
64566,17600,1003,2,89.0,0.2
64567,17601,1018,1,175.0,0.1
64568,17601,1008,2,240.0,0.15
64569,17601,1006,1,130.0,0.2
64570,17602,1016,1,210.0,0.05
64571,17603,1011,1,520.0,0.0
64572,17603,1017,1,45.0,0.0
64573,17604,1002,1,680.0,0.0
64574,17605,1006,2,130.0,0.0
64575,17605,1008,1,240.0,0.0
64576,17605,1004,1,160.0,0.05
64577,17606,1006,3,130.0,0.05
64578,17606,1007,1,75.0,0.2
64579,17607,1019,1,260.0,0.0
64580,17608,1011,1,520.0,0.0
64581,17609,1012,1,49.0,0.0
64582,17609,1005,2,55.0,0.0
64583,17610,1001,1,450.0,0.1
64584,17610,1018,1,175.0,0.1
64585,17611,1017,1,45.0,0.15
64586,17611,1012,1,49.0,0.05
64587,17611,1006,3,130.0,0.0
64588,17611,1013,2,95.0,0.1
64589,17611,1007,1,75.0,0.15
64590,17612,1020,4,310.0,0.0
64591,17613,1008,1,240.0,0.15
64592,17614,1014,1,149.0,0.1
64593,17615,1002,1,680.0,0.15
64594,17616,1007,1,75.0,0.1
64595,17616,1003,2,89.0,0.05
64596,17616,1014,1,149.0,0.0
64597,17616,1020,1,310.0,0.0
64598,17616,1019,1,260.0,0.1
64599,17617,1010,1,119.0,0.1
64600,17617,1019,1,260.0,0.15
64601,17618,1009,1,320.0,0.05
64602,17619,1012,1,49.0,0.05
64603,17619,1020,1,310.0,0.0
64604,17619,1011,1,520.0,0.0
64605,17620,1010,1,119.0,0.0
64606,17621,1012,2,49.0,0.05
64607,17622,1005,3,55.0,0.0
64608,17622,1008,1,240.0,0.0
64609,17623,1018,2,175.0,0.0
64610,17623,1016,1,210.0,0.15
64611,17624,1005,2,55.0,0.0
64612,17624,1008,1,240.0,0.0
64613,17625,1018,3,175.0,0.1
64614,17625,1019,1,260.0,0.05
64615,17625,1006,1,130.0,0.0
64616,17625,1010,2,119.0,0.1
64617,17626,1009,2,320.0,0.05
64618,17627,1020,1,310.0,0.15
64619,17628,1003,2,89.0,0.15
64620,17629,1007,2,75.0,0.0
64621,17630,1020,1,310.0,0.0
64622,17630,1004,1,160.0,0.0
64623,17630,1014,1,149.0,0.05
64624,17631,1012,2,49.0,0.05
64625,17631,1019,1,260.0,0.0
64626,17631,1018,1,175.0,0.1
64627,17632,1007,1,75.0,0.05
64628,17632,1013,1,95.0,0.0
64629,17632,1008,1,240.0,0.0
64630,17633,1006,2,130.0,0.05
64631,17634,1001,2,450.0,0.2
64632,17635,1017,1,45.0,0.05
64633,17635,1014,1,149.0,0.1
64634,17636,1017,1,45.0,0.3
64635,17637,1020,1,310.0,0.2
64636,17638,1007,1,75.0,0.0
64637,17639,1010,1,119.0,0.1
64638,17639,1006,1,130.0,0.25
64639,17640,1010,2,119.0,0.05
64640,17640,1020,1,310.0,0.15
64641,17641,1011,2,520.0,0.0
64642,17641,1006,1,130.0,0.0
64643,17641,1013,2,95.0,0.1
64644,17642,1001,1,450.0,0.0
64645,17642,1018,1,175.0,0.1
64646,17642,1016,1,210.0,0.0
64647,17643,1006,1,130.0,0.0
64648,17643,1019,1,260.0,0.0
64649,17644,1015,2,890.0,0.05
64650,17645,1001,1,450.0,0.1
64651,17646,1014,2,149.0,0.0
64652,17646,1017,1,45.0,0.0
64653,17646,1004,3,160.0,0.1
64654,17647,1005,1,55.0,0.0
64655,17648,1010,1,119.0,0.0
64656,17648,1016,1,210.0,0.2
64657,17649,1020,1,310.0,0.15
64658,17650,1007,1,75.0,0.0
64659,17650,1017,1,45.0,0.2
64660,17650,1004,1,160.0,0.0
64661,17651,1012,1,49.0,0.0
64662,17651,1008,1,240.0,0.0
64663,17652,1007,1,75.0,0.15
64664,17652,1003,1,89.0,0.2
64665,17653,1017,1,45.0,0.05
64666,17654,1006,1,130.0,0.0
64667,17654,1009,1,320.0,0.05
64668,17655,1004,1,160.0,0.2
64669,17655,1017,1,45.0,0.0
64670,17655,1018,3,175.0,0.05
64671,17656,1020,2,310.0,0.0
64672,17656,1005,1,55.0,0.15
64673,17657,1003,1,89.0,0.0
64674,17657,1011,1,520.0,0.0
64675,17658,1019,1,260.0,0.0
64676,17659,1006,1,130.0,0.0
64677,17660,1019,1,260.0,0.0
64678,17661,1011,1,520.0,0.05
64679,17662,1019,1,260.0,0.0
64680,17662,1008,1,240.0,0.1
64681,17662,1009,1,320.0,0.05
64682,17662,1017,1,45.0,0.05
64683,17662,1005,2,55.0,0.15
64684,17663,1003,1,89.0,0.0
64685,17664,1017,1,45.0,0.0
64686,17664,1020,1,310.0,0.15
64687,17665,1003,2,89.0,0.0
64688,17665,1018,1,175.0,0.0
64689,17666,1007,1,75.0,0.1
64690,17667,1015,2,890.0,0.15
64691,17668,1017,1,45.0,0.2
64692,17668,1016,1,210.0,0.1
64693,17668,1005,1,55.0,0.15
64694,17669,1006,1,130.0,0.0
64695,17669,1019,2,260.0,0.0
64696,17670,1002,1,680.0,0.0
64697,17671,1007,1,75.0,0.0
64698,17671,1013,3,95.0,0.05
64699,17672,1018,1,175.0,0.05
64700,17672,1004,1,160.0,0.0
64701,17672,1001,1,450.0,0.0
64702,17672,1016,2,210.0,0.0
64703,17672,1008,2,240.0,0.05
64704,17673,1016,1,210.0,0.05
64705,17674,1008,1,240.0,0.15
64706,17674,1014,1,149.0,0.15
64707,17675,1013,1,95.0,0.0
64708,17675,1016,1,210.0,0.15
64709,17676,1016,1,210.0,0.05
64710,17676,1010,1,119.0,0.0
64711,17676,1011,1,520.0,0.0
64712,17677,1016,1,210.0,0.0
64713,17677,1002,2,680.0,0.1
64714,17677,1008,3,240.0,0.2
64715,17678,1001,3,450.0,0.0
64716,17679,1004,1,160.0,0.0
64717,17679,1010,1,119.0,0.0
64718,17680,1013,1,95.0,0.0
64719,17680,1008,2,240.0,0.05
64720,17680,1017,1,45.0,0.15
64721,17680,1003,1,89.0,0.0
64722,17680,1016,2,210.0,0.0
64723,17681,1020,1,310.0,0.25
64724,17681,1013,1,95.0,0.2
64725,17682,1005,1,55.0,0.05
64726,17682,1017,1,45.0,0.0
64727,17682,1020,1,310.0,0.1
64728,17683,1019,1,260.0,0.0
64729,17683,1004,2,160.0,0.0
64730,17684,1009,4,320.0,0.0
64731,17685,1014,1,149.0,0.15
64732,17686,1020,1,310.0,0.0
64733,17687,1014,1,149.0,0.1
64734,17687,1008,2,240.0,0.1
64735,17687,1013,1,95.0,0.1
64736,17688,1015,4,890.0,0.0
64737,17688,1017,3,45.0,0.0
64738,17689,1016,1,210.0,0.0
64739,17689,1006,1,130.0,0.05
64740,17690,1011,2,520.0,0.05
64741,17690,1017,1,45.0,0.1
64742,17690,1003,1,89.0,0.0
64743,17691,1008,1,240.0,0.05
64744,17691,1003,1,89.0,0.0
64745,17692,1017,3,45.0,0.0
64746,17692,1013,1,95.0,0.1
64747,17693,1017,2,45.0,0.0
64748,17694,1016,2,210.0,0.0
64749,17694,1018,1,175.0,0.0
64750,17695,1016,1,210.0,0.05
64751,17696,1007,1,75.0,0.0
64752,17697,1006,1,130.0,0.15
64753,17697,1010,1,119.0,0.3
64754,17697,1001,1,450.0,0.1
64755,17697,1007,1,75.0,0.1
64756,17697,1013,1,95.0,0.05
64757,17698,1006,2,130.0,0.15
64758,17698,1001,2,450.0,0.05
64759,17699,1008,1,240.0,0.0
64760,17700,1007,1,75.0,0.15
64761,17701,1014,1,149.0,0.0
64762,17702,1012,1,49.0,0.0
64763,17703,1003,3,89.0,0.0
64764,17703,1010,1,119.0,0.15
64765,17703,1014,1,149.0,0.05
64766,17703,1006,4,130.0,0.0
64767,17704,1008,1,240.0,0.05
64768,17704,1007,1,75.0,0.15
64769,17704,1010,1,119.0,0.2
64770,17705,1016,1,210.0,0.05
64771,17705,1007,1,75.0,0.05
64772,17706,1015,1,890.0,0.1
64773,17707,1016,1,210.0,0.0
64774,17707,1007,1,75.0,0.05
64775,17708,1004,3,160.0,0.05
64776,17708,1017,1,45.0,0.0
64777,17708,1018,1,175.0,0.0
64778,17709,1019,2,260.0,0.2
64779,17710,1015,1,890.0,0.0
64780,17711,1005,1,55.0,0.0
64781,17711,1006,2,130.0,0.1
64782,17712,1003,2,89.0,0.0
64783,17712,1013,1,95.0,0.1
64784,17713,1018,1,175.0,0.0
64785,17714,1009,1,320.0,0.05
64786,17714,1016,3,210.0,0.15
64787,17715,1014,1,149.0,0.15
64788,17716,1010,1,119.0,0.1
64789,17717,1012,1,49.0,0.0
64790,17718,1012,1,49.0,0.0
64791,17719,1017,1,45.0,0.0
64792,17719,1008,1,240.0,0.0
64793,17720,1011,2,520.0,0.0
64794,17720,1017,2,45.0,0.0
64795,17720,1005,1,55.0,0.15
64796,17721,1005,1,55.0,0.05
64797,17722,1014,3,149.0,0.0
64798,17722,1006,1,130.0,0.0
64799,17723,1010,1,119.0,0.05
64800,17724,1004,2,160.0,0.0
64801,17725,1016,2,210.0,0.0
64802,17726,1014,1,149.0,0.3
64803,17727,1012,1,49.0,0.0
64804,17728,1020,1,310.0,0.05
64805,17728,1016,1,210.0,0.1
64806,17728,1005,2,55.0,0.05
64807,17729,1002,1,680.0,0.0
64808,17729,1006,1,130.0,0.1
64809,17730,1009,1,320.0,0.25
64810,17730,1005,1,55.0,0.05
64811,17730,1012,1,49.0,0.15
64812,17731,1019,2,260.0,0.0
64813,17731,1011,1,520.0,0.2
64814,17732,1001,1,450.0,0.0
64815,17733,1013,1,95.0,0.0
64816,17733,1004,2,160.0,0.05
64817,17733,1018,1,175.0,0.2
64818,17733,1003,1,89.0,0.2
64819,17734,1003,1,89.0,0.0
64820,17735,1011,1,520.0,0.05
64821,17735,1017,1,45.0,0.0
64822,17735,1010,1,119.0,0.05
64823,17736,1006,1,130.0,0.05
64824,17736,1007,1,75.0,0.0
64825,17736,1020,1,310.0,0.0
64826,17736,1015,1,890.0,0.0
64827,17736,1004,1,160.0,0.05
64828,17737,1020,2,310.0,0.0
64829,17737,1001,1,450.0,0.0
64830,17738,1006,1,130.0,0.1
64831,17738,1018,1,175.0,0.05
64832,17739,1017,1,45.0,0.0
64833,17739,1008,1,240.0,0.0
64834,17739,1016,1,210.0,0.1
64835,17740,1014,1,149.0,0.2
64836,17741,1013,1,95.0,0.2
64837,17742,1007,2,75.0,0.15
64838,17742,1004,4,160.0,0.0
64839,17742,1019,1,260.0,0.05
64840,17742,1016,1,210.0,0.0
64841,17742,1017,1,45.0,0.1
64842,17743,1014,2,149.0,0.0
64843,17744,1008,1,240.0,0.0
64844,17745,1019,1,260.0,0.15
64845,17745,1015,1,890.0,0.05
64846,17746,1013,1,95.0,0.0
64847,17746,1003,1,89.0,0.05
64848,17747,1011,3,520.0,0.1
64849,17747,1019,1,260.0,0.2
64850,17748,1019,1,260.0,0.1
64851,17748,1011,2,520.0,0.1
64852,17748,1004,1,160.0,0.15
64853,17748,1007,1,75.0,0.0
64854,17748,1009,1,320.0,0.05
64855,17749,1013,1,95.0,0.0
64856,17749,1006,2,130.0,0.0
64857,17750,1018,2,175.0,0.0
64858,17751,1016,1,210.0,0.0
64859,17751,1010,1,119.0,0.15
64860,17752,1007,1,75.0,0.15
64861,17752,1012,1,49.0,0.05
64862,17752,1014,4,149.0,0.1
64863,17753,1003,1,89.0,0.0
64864,17753,1015,1,890.0,0.0
64865,17753,1010,1,119.0,0.05
64866,17753,1012,1,49.0,0.3
64867,17754,1006,1,130.0,0.05
64868,17754,1020,2,310.0,0.0
64869,17754,1002,1,680.0,0.1
64870,17755,1005,1,55.0,0.0
64871,17755,1008,1,240.0,0.05
64872,17756,1013,2,95.0,0.0
64873,17757,1018,1,175.0,0.05
64874,17757,1005,1,55.0,0.15
64875,17757,1012,2,49.0,0.15
64876,17757,1019,1,260.0,0.0
64877,17758,1012,4,49.0,0.1
64878,17758,1006,1,130.0,0.05
64879,17758,1018,1,175.0,0.0
64880,17759,1010,2,119.0,0.1
64881,17759,1015,2,890.0,0.3
64882,17759,1006,1,130.0,0.1
64883,17759,1008,1,240.0,0.2
64884,17759,1018,1,175.0,0.05
64885,17760,1015,1,890.0,0.3
64886,17761,1010,1,119.0,0.0
64887,17761,1007,1,75.0,0.0
64888,17761,1015,2,890.0,0.0
64889,17761,1002,1,680.0,0.15
64890,17762,1020,1,310.0,0.25
64891,17762,1014,1,149.0,0.0
64892,17762,1007,1,75.0,0.0
64893,17762,1004,1,160.0,0.2
64894,17763,1018,1,175.0,0.0
64895,17763,1009,2,320.0,0.0
64896,17763,1014,1,149.0,0.05
64897,17764,1011,1,520.0,0.15
64898,17764,1008,3,240.0,0.1
64899,17764,1006,1,130.0,0.2
64900,17764,1001,1,450.0,0.05
64901,17765,1015,1,890.0,0.15
64902,17765,1010,1,119.0,0.2
64903,17765,1014,1,149.0,0.15
64904,17766,1011,1,520.0,0.0
64905,17767,1019,3,260.0,0.05
64906,17768,1006,2,130.0,0.05
64907,17769,1012,1,49.0,0.0
64908,17769,1010,1,119.0,0.0
64909,17769,1006,3,130.0,0.0
64910,17770,1018,1,175.0,0.1
64911,17771,1010,1,119.0,0.1
64912,17771,1005,1,55.0,0.0
64913,17771,1016,1,210.0,0.2
64914,17772,1004,2,160.0,0.0
64915,17772,1001,1,450.0,0.0
64916,17773,1012,2,49.0,0.2
64917,17774,1011,2,520.0,0.0
64918,17775,1008,1,240.0,0.0
64919,17776,1017,1,45.0,0.15
64920,17776,1012,1,49.0,0.0
64921,17777,1016,3,210.0,0.15
64922,17777,1007,1,75.0,0.05
64923,17777,1020,1,310.0,0.1
64924,17777,1006,1,130.0,0.05
64925,17778,1013,1,95.0,0.05
64926,17778,1010,1,119.0,0.05
64927,17778,1014,4,149.0,0.1
64928,17779,1014,1,149.0,0.15
64929,17780,1003,1,89.0,0.0
64930,17781,1002,1,680.0,0.0
64931,17781,1009,1,320.0,0.2
64932,17782,1007,1,75.0,0.1
64933,17782,1014,4,149.0,0.0
64934,17783,1001,2,450.0,0.15
64935,17783,1010,3,119.0,0.05
64936,17784,1014,1,149.0,0.0
64937,17784,1001,2,450.0,0.05
64938,17785,1007,2,75.0,0.1
64939,17785,1020,1,310.0,0.15
64940,17785,1017,1,45.0,0.3
64941,17786,1010,2,119.0,0.0
64942,17787,1003,1,89.0,0.0
64943,17788,1005,1,55.0,0.0
64944,17789,1014,1,149.0,0.1
64945,17789,1004,1,160.0,0.0
64946,17789,1020,1,310.0,0.0
64947,17789,1018,1,175.0,0.0
64948,17790,1017,1,45.0,0.1
64949,17791,1015,1,890.0,0.05
64950,17792,1020,1,310.0,0.0
64951,17793,1002,2,680.0,0.1
64952,17794,1006,1,130.0,0.0
64953,17794,1018,1,175.0,0.05
64954,17794,1020,1,310.0,0.15
64955,17795,1011,2,520.0,0.0
64956,17796,1013,1,95.0,0.0
64957,17796,1010,1,119.0,0.0
64958,17797,1001,3,450.0,0.1
64959,17798,1010,2,119.0,0.0
64960,17798,1002,2,680.0,0.1
64961,17798,1018,1,175.0,0.15
64962,17798,1011,1,520.0,0.15
64963,17799,1020,1,310.0,0.1
64964,17800,1010,2,119.0,0.1
64965,17800,1018,2,175.0,0.05
64966,17800,1012,1,49.0,0.1
64967,17801,1014,1,149.0,0.15
64968,17802,1002,1,680.0,0.0
64969,17802,1016,2,210.0,0.05
64970,17803,1001,1,450.0,0.0
64971,17803,1020,1,310.0,0.05
64972,17803,1007,1,75.0,0.05
64973,17804,1019,2,260.0,0.05
64974,17804,1012,1,49.0,0.0
64975,17805,1018,2,175.0,0.0
64976,17805,1015,1,890.0,0.05
64977,17805,1008,2,240.0,0.25
64978,17805,1001,1,450.0,0.0
64979,17806,1003,1,89.0,0.05
64980,17806,1015,3,890.0,0.25
64981,17806,1008,2,240.0,0.15
64982,17806,1011,1,520.0,0.0
64983,17806,1013,1,95.0,0.0
64984,17807,1015,2,890.0,0.0
64985,17807,1020,1,310.0,0.2
64986,17808,1020,1,310.0,0.2
64987,17808,1016,1,210.0,0.0
64988,17809,1016,1,210.0,0.15
64989,17809,1014,1,149.0,0.1
64990,17810,1015,1,890.0,0.15
64991,17810,1014,2,149.0,0.0
64992,17810,1004,1,160.0,0.0
64993,17811,1013,1,95.0,0.1
64994,17812,1019,3,260.0,0.1
64995,17812,1009,1,320.0,0.1
64996,17813,1010,2,119.0,0.0
64997,17814,1020,2,310.0,0.1
64998,17814,1015,1,890.0,0.1
64999,17815,1007,1,75.0,0.0
65000,17815,1003,1,89.0,0.05
65001,17815,1009,2,320.0,0.0
65002,17816,1006,1,130.0,0.05
65003,17816,1013,1,95.0,0.0
65004,17816,1012,1,49.0,0.0
65005,17817,1004,1,160.0,0.0
65006,17817,1020,1,310.0,0.1
65007,17817,1015,3,890.0,0.0
65008,17817,1006,2,130.0,0.1
65009,17818,1016,1,210.0,0.0
65010,17818,1007,1,75.0,0.0
65011,17819,1005,1,55.0,0.1
65012,17819,1011,1,520.0,0.15
65013,17820,1007,2,75.0,0.05
65014,17821,1009,1,320.0,0.0
65015,17822,1020,1,310.0,0.0
65016,17822,1007,1,75.0,0.0
65017,17823,1016,2,210.0,0.0
65018,17824,1004,1,160.0,0.2
65019,17824,1003,1,89.0,0.0
65020,17824,1001,1,450.0,0.0
65021,17825,1004,1,160.0,0.1
65022,17825,1013,1,95.0,0.05
65023,17826,1015,1,890.0,0.1
65024,17826,1012,1,49.0,0.15
65025,17826,1019,1,260.0,0.0
65026,17827,1006,1,130.0,0.0
65027,17828,1017,1,45.0,0.2
65028,17828,1015,1,890.0,0.0
65029,17828,1005,1,55.0,0.0
65030,17829,1020,1,310.0,0.0
65031,17830,1001,3,450.0,0.0
65032,17830,1007,2,75.0,0.1
65033,17831,1016,1,210.0,0.1
65034,17832,1001,2,450.0,0.25
65035,17833,1015,3,890.0,0.2
65036,17834,1018,1,175.0,0.05
65037,17835,1004,1,160.0,0.0
65038,17836,1019,1,260.0,0.0
65039,17837,1013,1,95.0,0.15
65040,17837,1018,2,175.0,0.25
65041,17837,1014,1,149.0,0.05
65042,17838,1016,1,210.0,0.1
65043,17839,1015,1,890.0,0.05
65044,17840,1011,1,520.0,0.0
65045,17840,1001,3,450.0,0.0
65046,17840,1017,1,45.0,0.05
65047,17840,1018,1,175.0,0.1
65048,17841,1006,2,130.0,0.15
65049,17841,1008,1,240.0,0.15
65050,17842,1013,2,95.0,0.15
65051,17843,1010,4,119.0,0.0
65052,17843,1003,1,89.0,0.1
65053,17844,1001,1,450.0,0.0
65054,17845,1015,1,890.0,0.0
65055,17845,1003,2,89.0,0.0
65056,17845,1008,2,240.0,0.05
65057,17846,1010,2,119.0,0.1
65058,17846,1006,1,130.0,0.1
65059,17846,1007,1,75.0,0.05
65060,17846,1019,2,260.0,0.25
65061,17847,1008,2,240.0,0.1
65062,17848,1015,1,890.0,0.15
65063,17848,1019,1,260.0,0.1
65064,17849,1020,3,310.0,0.0
65065,17849,1018,2,175.0,0.2
65066,17849,1013,2,95.0,0.0
65067,17850,1013,1,95.0,0.0
65068,17851,1002,2,680.0,0.0
65069,17852,1020,1,310.0,0.0
65070,17852,1007,1,75.0,0.05
65071,17853,1017,1,45.0,0.0
65072,17854,1008,2,240.0,0.15
65073,17855,1008,1,240.0,0.0
65074,17855,1013,1,95.0,0.15
65075,17856,1019,2,260.0,0.2
65076,17856,1003,1,89.0,0.0
65077,17856,1016,2,210.0,0.0
65078,17857,1020,1,310.0,0.05
65079,17857,1005,1,55.0,0.1
65080,17858,1004,1,160.0,0.0
65081,17858,1010,1,119.0,0.0
65082,17859,1011,1,520.0,0.15
65083,17859,1014,1,149.0,0.1
65084,17860,1009,1,320.0,0.0
65085,17861,1003,1,89.0,0.05
65086,17862,1010,1,119.0,0.0
65087,17862,1018,1,175.0,0.05
65088,17862,1017,1,45.0,0.1
65089,17862,1006,1,130.0,0.05
65090,17863,1013,1,95.0,0.15
65091,17864,1005,1,55.0,0.15
65092,17864,1010,1,119.0,0.1
65093,17864,1007,1,75.0,0.1
65094,17865,1003,1,89.0,0.0
65095,17866,1006,1,130.0,0.2
65096,17866,1004,1,160.0,0.0
65097,17866,1019,1,260.0,0.0
65098,17867,1014,2,149.0,0.15
65099,17867,1012,1,49.0,0.15
65100,17868,1020,1,310.0,0.2
65101,17868,1016,1,210.0,0.0
65102,17869,1015,4,890.0,0.0
65103,17869,1017,1,45.0,0.1
65104,17870,1013,2,95.0,0.0
65105,17871,1011,1,520.0,0.15
65106,17871,1010,1,119.0,0.2
65107,17872,1011,3,520.0,0.0
65108,17872,1017,1,45.0,0.0
65109,17873,1006,1,130.0,0.0
65110,17873,1005,3,55.0,0.0
65111,17874,1015,1,890.0,0.1
65112,17875,1001,1,450.0,0.05
65113,17876,1013,2,95.0,0.1
65114,17876,1012,1,49.0,0.15
65115,17877,1020,1,310.0,0.3
65116,17878,1016,2,210.0,0.1
65117,17879,1009,1,320.0,0.0
65118,17879,1011,1,520.0,0.1
65119,17879,1012,3,49.0,0.0
65120,17880,1005,1,55.0,0.0
65121,17880,1017,1,45.0,0.1
65122,17881,1005,2,55.0,0.15
65123,17882,1020,1,310.0,0.1
65124,17882,1008,1,240.0,0.25
65125,17882,1018,1,175.0,0.0
65126,17882,1005,1,55.0,0.05
65127,17883,1005,1,55.0,0.1
65128,17884,1008,1,240.0,0.0
65129,17884,1019,2,260.0,0.0
65130,17885,1014,1,149.0,0.1
65131,17886,1003,1,89.0,0.15
65132,17886,1002,1,680.0,0.15
65133,17886,1017,1,45.0,0.2
65134,17886,1012,1,49.0,0.2
65135,17887,1020,1,310.0,0.05
65136,17887,1013,1,95.0,0.1
65137,17888,1006,1,130.0,0.1
65138,17888,1005,1,55.0,0.05
65139,17889,1005,1,55.0,0.0
65140,17890,1002,1,680.0,0.25
65141,17891,1001,2,450.0,0.1
65142,17891,1012,1,49.0,0.0
65143,17891,1006,1,130.0,0.2
65144,17892,1017,1,45.0,0.0
65145,17892,1014,2,149.0,0.2
65146,17892,1006,2,130.0,0.0
65147,17893,1016,1,210.0,0.0
65148,17894,1011,1,520.0,0.15
65149,17895,1007,1,75.0,0.05
65150,17895,1019,1,260.0,0.1
65151,17896,1001,1,450.0,0.0
65152,17896,1004,1,160.0,0.1
65153,17896,1012,2,49.0,0.1
65154,17897,1009,1,320.0,0.15
65155,17898,1001,1,450.0,0.05
65156,17898,1013,1,95.0,0.0
65157,17898,1010,2,119.0,0.0
65158,17898,1004,1,160.0,0.0
65159,17899,1004,1,160.0,0.15
65160,17899,1007,1,75.0,0.0
65161,17899,1013,1,95.0,0.0
65162,17899,1016,1,210.0,0.0
65163,17899,1003,1,89.0,0.05
65164,17900,1019,1,260.0,0.1
65165,17901,1012,4,49.0,0.0
65166,17902,1011,1,520.0,0.2
65167,17903,1004,1,160.0,0.1
65168,17903,1017,1,45.0,0.0
65169,17904,1015,1,890.0,0.0
65170,17904,1020,2,310.0,0.05
65171,17904,1006,1,130.0,0.0
65172,17905,1009,1,320.0,0.1
65173,17905,1004,1,160.0,0.1
65174,17906,1014,1,149.0,0.0
65175,17906,1001,1,450.0,0.05
65176,17907,1018,1,175.0,0.1
65177,17908,1005,2,55.0,0.05
65178,17908,1015,1,890.0,0.0
65179,17909,1002,3,680.0,0.0
65180,17909,1003,1,89.0,0.0
65181,17910,1012,1,49.0,0.0
65182,17911,1010,1,119.0,0.1
65183,17912,1005,1,55.0,0.05
65184,17912,1014,1,149.0,0.0
65185,17913,1001,1,450.0,0.25
65186,17913,1011,1,520.0,0.2
65187,17913,1003,1,89.0,0.0
65188,17913,1007,1,75.0,0.0
65189,17913,1018,1,175.0,0.0
65190,17914,1014,1,149.0,0.0
65191,17914,1009,1,320.0,0.0
65192,17914,1006,2,130.0,0.0
65193,17915,1001,3,450.0,0.0
65194,17915,1015,1,890.0,0.1
65195,17916,1017,1,45.0,0.15
65196,17917,1005,1,55.0,0.0
65197,17917,1002,1,680.0,0.0
65198,17917,1016,1,210.0,0.0
65199,17917,1003,2,89.0,0.0
65200,17918,1011,1,520.0,0.0
65201,17919,1013,1,95.0,0.0
65202,17919,1009,1,320.0,0.1
65203,17919,1018,1,175.0,0.0
65204,17919,1015,2,890.0,0.25
65205,17920,1012,1,49.0,0.2
65206,17920,1001,1,450.0,0.0
65207,17920,1019,1,260.0,0.0
65208,17921,1002,1,680.0,0.05
65209,17922,1013,2,95.0,0.0
65210,17922,1005,1,55.0,0.0
65211,17923,1002,1,680.0,0.05
65212,17924,1006,1,130.0,0.1
65213,17925,1013,1,95.0,0.0
65214,17926,1003,1,89.0,0.0
65215,17926,1017,1,45.0,0.0
65216,17927,1005,1,55.0,0.05
65217,17927,1015,1,890.0,0.0
65218,17927,1004,1,160.0,0.1
65219,17928,1005,1,55.0,0.0
65220,17928,1017,1,45.0,0.0
65221,17928,1016,1,210.0,0.05
65222,17929,1016,1,210.0,0.0
65223,17929,1001,1,450.0,0.0
65224,17929,1005,1,55.0,0.0
65225,17929,1008,4,240.0,0.0
65226,17930,1018,1,175.0,0.1
65227,17930,1017,1,45.0,0.05
65228,17930,1005,1,55.0,0.1
65229,17931,1011,1,520.0,0.15
65230,17932,1007,2,75.0,0.1
65231,17932,1013,1,95.0,0.25
65232,17932,1015,2,890.0,0.0
65233,17932,1012,1,49.0,0.0
65234,17933,1015,1,890.0,0.0
65235,17933,1019,4,260.0,0.0
65236,17933,1016,1,210.0,0.05
65237,17934,1010,1,119.0,0.0
65238,17935,1013,1,95.0,0.15
65239,17935,1003,1,89.0,0.15
65240,17935,1009,3,320.0,0.3
65241,17936,1011,1,520.0,0.0
65242,17937,1003,1,89.0,0.1
65243,17938,1012,1,49.0,0.05
65244,17938,1005,1,55.0,0.0
65245,17938,1014,1,149.0,0.1
65246,17939,1020,2,310.0,0.05
65247,17940,1015,2,890.0,0.15
65248,17940,1018,1,175.0,0.0
65249,17940,1003,1,89.0,0.0
65250,17940,1010,3,119.0,0.0
65251,17941,1005,1,55.0,0.05
65252,17941,1020,1,310.0,0.0
65253,17941,1001,1,450.0,0.0
65254,17941,1015,1,890.0,0.05
65255,17942,1004,1,160.0,0.0
65256,17942,1015,1,890.0,0.15
65257,17943,1019,1,260.0,0.15
65258,17944,1005,1,55.0,0.15
65259,17944,1020,2,310.0,0.0
65260,17945,1012,1,49.0,0.05
65261,17945,1020,1,310.0,0.15
65262,17946,1009,2,320.0,0.0
65263,17947,1009,1,320.0,0.05
65264,17947,1018,1,175.0,0.0
65265,17948,1016,1,210.0,0.0
65266,17949,1010,2,119.0,0.0
65267,17950,1006,4,130.0,0.2
65268,17951,1001,1,450.0,0.0
65269,17952,1012,1,49.0,0.0
65270,17953,1003,2,89.0,0.1
65271,17953,1009,1,320.0,0.0
65272,17954,1008,1,240.0,0.0
65273,17955,1020,1,310.0,0.15
65274,17955,1004,1,160.0,0.0
65275,17955,1009,2,320.0,0.1
65276,17956,1015,1,890.0,0.0
65277,17956,1003,1,89.0,0.15
65278,17956,1020,1,310.0,0.15
65279,17956,1006,1,130.0,0.05
65280,17956,1010,1,119.0,0.05
65281,17957,1012,2,49.0,0.05
65282,17957,1011,1,520.0,0.0
65283,17958,1005,2,55.0,0.0
65284,17958,1019,1,260.0,0.0
65285,17959,1002,1,680.0,0.0
65286,17959,1014,1,149.0,0.0
65287,17960,1002,1,680.0,0.0
65288,17960,1007,1,75.0,0.05
65289,17960,1016,1,210.0,0.0
65290,17961,1016,1,210.0,0.1
65291,17961,1015,1,890.0,0.0
65292,17962,1008,1,240.0,0.1
65293,17962,1003,1,89.0,0.05
65294,17962,1006,1,130.0,0.15
65295,17962,1013,2,95.0,0.0
65296,17962,1014,1,149.0,0.05
65297,17963,1009,1,320.0,0.1
65298,17963,1020,2,310.0,0.1
65299,17964,1013,1,95.0,0.1
65300,17964,1018,1,175.0,0.0
65301,17964,1008,1,240.0,0.15
65302,17965,1009,1,320.0,0.0
65303,17966,1016,1,210.0,0.15
65304,17966,1001,1,450.0,0.15
65305,17966,1017,3,45.0,0.3
65306,17967,1015,2,890.0,0.0
65307,17968,1014,1,149.0,0.15
65308,17968,1012,1,49.0,0.0
65309,17969,1017,2,45.0,0.0
65310,17970,1016,3,210.0,0.05
65311,17970,1009,4,320.0,0.0
65312,17971,1018,1,175.0,0.0
65313,17971,1016,1,210.0,0.1
65314,17971,1005,1,55.0,0.05
65315,17972,1019,1,260.0,0.0
65316,17972,1008,1,240.0,0.05
65317,17973,1010,1,119.0,0.2
65318,17974,1001,1,450.0,0.1
65319,17975,1015,1,890.0,0.0
65320,17976,1019,2,260.0,0.0
65321,17977,1006,1,130.0,0.0
65322,17978,1005,1,55.0,0.0
65323,17979,1003,1,89.0,0.1
65324,17980,1002,1,680.0,0.0
65325,17981,1011,1,520.0,0.2
65326,17981,1010,1,119.0,0.1
65327,17981,1003,2,89.0,0.15
65328,17982,1008,3,240.0,0.1
65329,17982,1002,1,680.0,0.0
65330,17982,1017,1,45.0,0.0
65331,17983,1003,1,89.0,0.2
65332,17983,1014,1,149.0,0.0
65333,17983,1005,2,55.0,0.0
65334,17984,1001,1,450.0,0.1
65335,17985,1006,2,130.0,0.0
65336,17985,1012,1,49.0,0.1
65337,17985,1010,1,119.0,0.05
65338,17985,1011,1,520.0,0.15
65339,17985,1014,1,149.0,0.0
65340,17986,1019,1,260.0,0.15
65341,17987,1008,1,240.0,0.0
65342,17988,1015,2,890.0,0.15
65343,17988,1004,1,160.0,0.0
65344,17989,1009,1,320.0,0.05
65345,17989,1008,3,240.0,0.1
65346,17990,1007,1,75.0,0.0
65347,17991,1005,1,55.0,0.0
65348,17992,1005,1,55.0,0.25
65349,17993,1015,1,890.0,0.0
65350,17993,1006,1,130.0,0.0
65351,17994,1001,1,450.0,0.2
65352,17995,1018,1,175.0,0.2
65353,17996,1016,1,210.0,0.1
65354,17996,1012,1,49.0,0.0
65355,17997,1020,1,310.0,0.2
65356,17997,1007,2,75.0,0.05
65357,17998,1018,2,175.0,0.0
65358,17999,1011,2,520.0,0.0
65359,18000,1020,1,310.0,0.15
65360,18001,1020,1,310.0,0.05
65361,18002,1011,2,520.0,0.0
65362,18003,1019,1,260.0,0.0
65363,18003,1007,1,75.0,0.0
65364,18004,1020,2,310.0,0.0
65365,18005,1018,1,175.0,0.1
65366,18005,1016,2,210.0,0.0
65367,18005,1020,1,310.0,0.1
65368,18006,1012,1,49.0,0.1
65369,18007,1011,1,520.0,0.15
65370,18008,1009,1,320.0,0.15
65371,18009,1003,4,89.0,0.0
65372,18010,1011,1,520.0,0.1
65373,18011,1003,1,89.0,0.0
65374,18012,1008,1,240.0,0.3
65375,18012,1006,1,130.0,0.0
65376,18012,1007,2,75.0,0.1
65377,18013,1019,1,260.0,0.0
65378,18013,1003,4,89.0,0.1
65379,18013,1014,2,149.0,0.2
65380,18014,1012,1,49.0,0.1
65381,18014,1013,2,95.0,0.1
65382,18015,1020,2,310.0,0.2
65383,18016,1018,2,175.0,0.0
65384,18017,1001,1,450.0,0.0
65385,18018,1005,1,55.0,0.1
65386,18018,1012,1,49.0,0.2
65387,18019,1014,1,149.0,0.05
65388,18019,1015,1,890.0,0.05
65389,18020,1018,2,175.0,0.0
65390,18020,1008,1,240.0,0.0
65391,18020,1005,3,55.0,0.05
65392,18020,1010,1,119.0,0.0
65393,18021,1008,4,240.0,0.1
65394,18021,1017,1,45.0,0.05
65395,18022,1002,1,680.0,0.0
65396,18022,1013,4,95.0,0.0
65397,18023,1010,2,119.0,0.0
65398,18023,1015,1,890.0,0.25
65399,18023,1019,1,260.0,0.1
65400,18024,1020,2,310.0,0.15
65401,18025,1016,1,210.0,0.05
65402,18025,1002,2,680.0,0.15
65403,18026,1018,2,175.0,0.0
65404,18026,1007,1,75.0,0.1
65405,18027,1015,1,890.0,0.05
65406,18027,1011,1,520.0,0.0
65407,18028,1014,1,149.0,0.0
65408,18028,1012,1,49.0,0.05
65409,18029,1004,1,160.0,0.05
65410,18030,1017,2,45.0,0.0
65411,18030,1004,2,160.0,0.1
65412,18031,1018,1,175.0,0.15
65413,18032,1016,1,210.0,0.1
65414,18032,1017,1,45.0,0.1
65415,18032,1006,1,130.0,0.0
65416,18033,1008,1,240.0,0.15
65417,18034,1002,2,680.0,0.1
65418,18034,1013,2,95.0,0.1
65419,18035,1004,3,160.0,0.05
65420,18035,1006,1,130.0,0.3
65421,18035,1013,2,95.0,0.05
65422,18036,1003,1,89.0,0.05
65423,18037,1010,1,119.0,0.0
65424,18038,1014,2,149.0,0.05
65425,18039,1013,1,95.0,0.0
65426,18039,1001,1,450.0,0.2
65427,18039,1008,3,240.0,0.0
65428,18040,1006,1,130.0,0.15
65429,18040,1014,2,149.0,0.2
65430,18041,1018,3,175.0,0.05
65431,18042,1019,1,260.0,0.2
65432,18042,1003,1,89.0,0.05
65433,18043,1005,1,55.0,0.0
65434,18044,1002,2,680.0,0.0
65435,18044,1014,1,149.0,0.0
65436,18044,1010,1,119.0,0.0
65437,18044,1016,1,210.0,0.1
65438,18045,1005,1,55.0,0.2
65439,18046,1001,1,450.0,0.05
65440,18047,1019,1,260.0,0.0
65441,18047,1011,3,520.0,0.2
65442,18047,1009,2,320.0,0.0
65443,18047,1016,1,210.0,0.0
65444,18048,1012,1,49.0,0.0
65445,18049,1019,1,260.0,0.0
65446,18049,1018,2,175.0,0.05
65447,18049,1017,1,45.0,0.0
65448,18050,1020,2,310.0,0.1
65449,18050,1010,1,119.0,0.05
65450,18050,1016,1,210.0,0.2
65451,18051,1002,1,680.0,0.0
65452,18052,1020,2,310.0,0.0
65453,18052,1010,1,119.0,0.0
65454,18052,1006,1,130.0,0.0
65455,18053,1011,1,520.0,0.0
65456,18053,1001,1,450.0,0.0
65457,18054,1013,2,95.0,0.0
65458,18054,1017,1,45.0,0.0
65459,18055,1006,1,130.0,0.05
65460,18055,1002,2,680.0,0.0
65461,18055,1015,2,890.0,0.1
65462,18056,1015,1,890.0,0.0
65463,18056,1017,1,45.0,0.0
65464,18057,1017,1,45.0,0.05
65465,18057,1003,2,89.0,0.1
65466,18058,1012,1,49.0,0.1
65467,18059,1016,1,210.0,0.25
65468,18059,1001,2,450.0,0.15
65469,18060,1003,2,89.0,0.25
65470,18060,1019,3,260.0,0.2
65471,18060,1004,2,160.0,0.0
65472,18061,1018,3,175.0,0.05
65473,18061,1002,3,680.0,0.05
65474,18061,1017,1,45.0,0.15
65475,18062,1003,1,89.0,0.1
65476,18063,1018,1,175.0,0.0
65477,18064,1017,1,45.0,0.1
65478,18065,1019,1,260.0,0.15
65479,18066,1015,1,890.0,0.0
65480,18066,1019,1,260.0,0.05
65481,18067,1013,1,95.0,0.0
65482,18067,1005,1,55.0,0.1
65483,18068,1018,1,175.0,0.3
65484,18069,1007,2,75.0,0.05
65485,18069,1002,1,680.0,0.05
65486,18070,1005,2,55.0,0.0
65487,18070,1018,1,175.0,0.05
65488,18071,1005,2,55.0,0.05
65489,18072,1003,2,89.0,0.15
65490,18073,1004,1,160.0,0.05
65491,18073,1003,1,89.0,0.1
65492,18074,1015,1,890.0,0.1
65493,18075,1017,1,45.0,0.1
65494,18076,1004,1,160.0,0.15
65495,18077,1008,2,240.0,0.0
65496,18077,1006,1,130.0,0.05
65497,18078,1013,1,95.0,0.15
65498,18079,1010,1,119.0,0.0
65499,18079,1004,1,160.0,0.15
65500,18080,1018,1,175.0,0.0
65501,18081,1014,1,149.0,0.0
65502,18081,1006,3,130.0,0.0
65503,18082,1013,3,95.0,0.1
65504,18083,1017,1,45.0,0.05
65505,18084,1003,1,89.0,0.0
65506,18084,1007,1,75.0,0.0
65507,18085,1004,2,160.0,0.0
65508,18086,1006,1,130.0,0.3
65509,18087,1016,1,210.0,0.0
65510,18088,1010,2,119.0,0.0
65511,18088,1019,1,260.0,0.0
65512,18088,1013,1,95.0,0.1
65513,18088,1015,3,890.0,0.0
65514,18089,1020,1,310.0,0.05
65515,18089,1014,3,149.0,0.0
65516,18089,1017,2,45.0,0.05
65517,18090,1007,1,75.0,0.05
65518,18091,1010,1,119.0,0.0
65519,18091,1002,1,680.0,0.15
65520,18091,1012,1,49.0,0.15
65521,18091,1005,1,55.0,0.0
65522,18091,1011,1,520.0,0.15
65523,18092,1013,2,95.0,0.0
65524,18092,1008,1,240.0,0.0
65525,18092,1001,1,450.0,0.0
65526,18093,1002,2,680.0,0.0
65527,18093,1018,1,175.0,0.0
65528,18094,1003,1,89.0,0.0
65529,18095,1018,1,175.0,0.1
65530,18095,1008,1,240.0,0.15
65531,18095,1015,1,890.0,0.0
65532,18096,1011,1,520.0,0.0
65533,18097,1010,3,119.0,0.05
65534,18097,1020,1,310.0,0.1
65535,18097,1019,1,260.0,0.05
65536,18098,1016,1,210.0,0.2
65537,18098,1011,1,520.0,0.0
65538,18098,1010,1,119.0,0.0
65539,18098,1001,2,450.0,0.0
65540,18099,1001,1,450.0,0.1
65541,18100,1008,1,240.0,0.0
65542,18101,1005,1,55.0,0.0
65543,18101,1003,1,89.0,0.15
65544,18101,1004,1,160.0,0.0
65545,18102,1006,1,130.0,0.1
65546,18102,1007,1,75.0,0.1
65547,18103,1004,2,160.0,0.05
65548,18104,1004,1,160.0,0.05
65549,18104,1002,1,680.0,0.1
65550,18104,1015,1,890.0,0.05
65551,18104,1012,2,49.0,0.0
65552,18105,1006,1,130.0,0.0
65553,18106,1004,1,160.0,0.0
65554,18107,1014,1,149.0,0.0
65555,18107,1011,1,520.0,0.0
65556,18107,1004,2,160.0,0.15
65557,18108,1014,1,149.0,0.0
65558,18109,1019,1,260.0,0.15
65559,18110,1016,1,210.0,0.25
65560,18111,1020,1,310.0,0.2
65561,18112,1002,3,680.0,0.1
65562,18113,1014,2,149.0,0.15
65563,18113,1011,1,520.0,0.2
65564,18113,1010,1,119.0,0.0
65565,18113,1016,1,210.0,0.2
65566,18114,1015,1,890.0,0.0
65567,18115,1003,1,89.0,0.05
65568,18116,1015,1,890.0,0.0
65569,18116,1016,1,210.0,0.05
65570,18117,1002,1,680.0,0.25
65571,18118,1011,1,520.0,0.0
65572,18118,1007,1,75.0,0.1
65573,18119,1020,1,310.0,0.15
65574,18119,1013,1,95.0,0.0
65575,18120,1006,1,130.0,0.1
65576,18120,1001,1,450.0,0.05
65577,18121,1010,1,119.0,0.0
65578,18121,1007,1,75.0,0.3
65579,18122,1012,1,49.0,0.0
65580,18123,1019,1,260.0,0.0
65581,18123,1010,2,119.0,0.15
65582,18124,1004,1,160.0,0.0
65583,18124,1002,2,680.0,0.3
65584,18124,1018,4,175.0,0.1
65585,18124,1011,2,520.0,0.25
65586,18125,1003,1,89.0,0.0
65587,18125,1010,1,119.0,0.0
65588,18126,1013,1,95.0,0.0
65589,18126,1015,1,890.0,0.0
65590,18126,1004,1,160.0,0.0
65591,18127,1002,1,680.0,0.0
65592,18128,1007,1,75.0,0.0
65593,18129,1020,1,310.0,0.05
65594,18130,1009,1,320.0,0.05
65595,18130,1013,1,95.0,0.0
65596,18131,1012,1,49.0,0.05
65597,18132,1012,1,49.0,0.1
65598,18132,1008,1,240.0,0.0
65599,18133,1012,1,49.0,0.0
65600,18133,1002,2,680.0,0.0
65601,18134,1014,2,149.0,0.05
65602,18134,1008,1,240.0,0.0
65603,18135,1001,2,450.0,0.2
65604,18135,1020,2,310.0,0.0
65605,18136,1001,2,450.0,0.05
65606,18137,1006,1,130.0,0.1
65607,18138,1007,1,75.0,0.0
65608,18138,1002,3,680.0,0.1
65609,18138,1004,1,160.0,0.0
65610,18139,1006,1,130.0,0.0
65611,18139,1009,1,320.0,0.1
65612,18139,1011,1,520.0,0.15
65613,18140,1008,1,240.0,0.15
65614,18140,1016,1,210.0,0.1
65615,18141,1020,1,310.0,0.05
65616,18142,1015,1,890.0,0.05
65617,18142,1003,1,89.0,0.2
65618,18142,1018,1,175.0,0.05
65619,18143,1011,1,520.0,0.0
65620,18143,1005,1,55.0,0.0
65621,18143,1002,1,680.0,0.1
65622,18144,1018,1,175.0,0.05
65623,18144,1006,2,130.0,0.0
65624,18144,1014,1,149.0,0.0
65625,18145,1008,1,240.0,0.0
65626,18146,1020,2,310.0,0.1
65627,18146,1006,2,130.0,0.0
65628,18146,1018,1,175.0,0.0
65629,18147,1008,1,240.0,0.1
65630,18147,1005,1,55.0,0.0
65631,18147,1004,1,160.0,0.25
65632,18147,1009,1,320.0,0.0
65633,18147,1002,1,680.0,0.05
65634,18148,1004,1,160.0,0.15
65635,18148,1007,1,75.0,0.15
65636,18149,1007,1,75.0,0.0
65637,18149,1002,1,680.0,0.0
65638,18150,1018,1,175.0,0.1
65639,18150,1006,1,130.0,0.1
65640,18150,1013,1,95.0,0.3
65641,18151,1018,1,175.0,0.05
65642,18151,1014,1,149.0,0.05
65643,18152,1008,1,240.0,0.15
65644,18152,1014,1,149.0,0.1
65645,18152,1010,2,119.0,0.0
65646,18153,1009,3,320.0,0.1
65647,18154,1020,1,310.0,0.0
65648,18154,1012,1,49.0,0.0
65649,18155,1009,3,320.0,0.1
65650,18156,1019,3,260.0,0.2
65651,18156,1014,2,149.0,0.25
65652,18156,1009,2,320.0,0.25
65653,18157,1016,1,210.0,0.0
65654,18157,1011,1,520.0,0.1
65655,18158,1018,1,175.0,0.0
65656,18158,1013,1,95.0,0.05
65657,18158,1009,1,320.0,0.25
65658,18159,1011,2,520.0,0.05
65659,18160,1009,2,320.0,0.05
65660,18161,1015,1,890.0,0.0
65661,18162,1018,2,175.0,0.2
65662,18162,1008,1,240.0,0.0
65663,18163,1010,1,119.0,0.0
65664,18163,1013,1,95.0,0.05
65665,18164,1018,1,175.0,0.05
65666,18165,1014,1,149.0,0.1
65667,18166,1016,1,210.0,0.0
65668,18167,1019,1,260.0,0.1
65669,18168,1020,1,310.0,0.1
65670,18169,1016,1,210.0,0.15
65671,18169,1009,1,320.0,0.0
65672,18169,1013,1,95.0,0.0
65673,18169,1014,1,149.0,0.05
65674,18170,1020,1,310.0,0.15
65675,18170,1019,1,260.0,0.2
65676,18171,1012,1,49.0,0.05
65677,18171,1004,1,160.0,0.0
65678,18171,1019,1,260.0,0.05
65679,18171,1011,2,520.0,0.05
65680,18172,1006,1,130.0,0.0
65681,18172,1009,1,320.0,0.0
65682,18173,1006,1,130.0,0.0
65683,18173,1005,1,55.0,0.0
65684,18174,1014,1,149.0,0.05
65685,18174,1001,3,450.0,0.1
65686,18174,1007,1,75.0,0.1
65687,18175,1006,1,130.0,0.05
65688,18175,1017,1,45.0,0.15
65689,18175,1009,1,320.0,0.05
65690,18176,1018,2,175.0,0.0
65691,18177,1013,1,95.0,0.0
65692,18177,1003,1,89.0,0.1
65693,18177,1010,1,119.0,0.0
65694,18178,1019,2,260.0,0.05
65695,18178,1006,2,130.0,0.0
65696,18179,1004,1,160.0,0.25
65697,18180,1009,3,320.0,0.0
65698,18180,1004,1,160.0,0.15
65699,18181,1016,1,210.0,0.15
65700,18182,1009,1,320.0,0.0
65701,18182,1010,3,119.0,0.05
65702,18182,1019,1,260.0,0.15
65703,18182,1017,2,45.0,0.1
65704,18183,1015,1,890.0,0.2
65705,18184,1020,1,310.0,0.0
65706,18184,1006,1,130.0,0.05
65707,18184,1003,3,89.0,0.0
65708,18184,1005,2,55.0,0.0
65709,18185,1007,1,75.0,0.1
65710,18186,1012,1,49.0,0.0
65711,18186,1020,1,310.0,0.0
65712,18186,1016,1,210.0,0.1
65713,18187,1011,3,520.0,0.2
65714,18187,1013,1,95.0,0.0
65715,18188,1014,1,149.0,0.1
65716,18189,1015,1,890.0,0.05
65717,18189,1010,3,119.0,0.0
65718,18190,1015,2,890.0,0.05
65719,18190,1005,1,55.0,0.0
65720,18190,1007,2,75.0,0.1
65721,18190,1002,1,680.0,0.0
65722,18190,1017,1,45.0,0.15
65723,18191,1001,1,450.0,0.05
65724,18192,1019,2,260.0,0.05
65725,18192,1002,1,680.0,0.05
65726,18193,1015,1,890.0,0.1
65727,18193,1011,3,520.0,0.0
65728,18194,1019,1,260.0,0.15
65729,18194,1007,1,75.0,0.0
65730,18195,1012,4,49.0,0.0
65731,18196,1016,4,210.0,0.05
65732,18196,1018,1,175.0,0.0
65733,18196,1009,1,320.0,0.0
65734,18196,1007,1,75.0,0.1
65735,18197,1001,1,450.0,0.0
65736,18197,1013,2,95.0,0.0
65737,18198,1003,2,89.0,0.0
65738,18198,1013,1,95.0,0.25
65739,18199,1013,1,95.0,0.15
65740,18200,1005,1,55.0,0.05
65741,18201,1004,1,160.0,0.0
65742,18202,1015,1,890.0,0.0
65743,18203,1020,1,310.0,0.0
65744,18203,1014,1,149.0,0.05
65745,18204,1018,2,175.0,0.1
65746,18204,1003,1,89.0,0.25
65747,18205,1002,1,680.0,0.0
65748,18206,1008,1,240.0,0.2
65749,18206,1004,1,160.0,0.05
65750,18207,1001,1,450.0,0.2
65751,18207,1020,1,310.0,0.2
65752,18207,1007,1,75.0,0.15
65753,18208,1016,1,210.0,0.15
65754,18209,1017,1,45.0,0.05
65755,18210,1016,1,210.0,0.05
65756,18210,1013,1,95.0,0.15
65757,18210,1008,1,240.0,0.15
65758,18211,1010,1,119.0,0.0
65759,18211,1014,1,149.0,0.05
65760,18211,1013,1,95.0,0.0
65761,18212,1014,1,149.0,0.15
65762,18213,1019,1,260.0,0.05
65763,18213,1011,1,520.0,0.0
65764,18213,1016,1,210.0,0.0
65765,18214,1020,4,310.0,0.2
65766,18214,1017,2,45.0,0.3
65767,18215,1007,2,75.0,0.0
65768,18215,1018,1,175.0,0.0
65769,18215,1012,2,49.0,0.0
65770,18216,1001,3,450.0,0.15
65771,18217,1007,1,75.0,0.1
65772,18217,1015,1,890.0,0.0
65773,18217,1016,1,210.0,0.0
65774,18217,1008,1,240.0,0.15
65775,18218,1001,1,450.0,0.15
65776,18218,1006,2,130.0,0.1
65777,18219,1016,1,210.0,0.2
65778,18219,1009,3,320.0,0.1
65779,18219,1019,1,260.0,0.0
65780,18220,1019,2,260.0,0.05
65781,18220,1011,1,520.0,0.0
65782,18220,1015,1,890.0,0.0
65783,18221,1013,1,95.0,0.2
65784,18222,1018,1,175.0,0.0
65785,18222,1004,1,160.0,0.0
65786,18223,1006,1,130.0,0.0
65787,18224,1011,1,520.0,0.0
65788,18225,1002,2,680.0,0.3
65789,18226,1018,1,175.0,0.1
65790,18227,1004,1,160.0,0.1
65791,18227,1006,2,130.0,0.15
65792,18228,1003,1,89.0,0.1
65793,18228,1011,1,520.0,0.15
65794,18228,1010,1,119.0,0.0
65795,18228,1015,1,890.0,0.0
65796,18228,1007,1,75.0,0.0
65797,18229,1002,2,680.0,0.0
65798,18230,1019,2,260.0,0.0
65799,18231,1016,1,210.0,0.1
65800,18232,1008,1,240.0,0.15
65801,18233,1002,1,680.0,0.1
65802,18234,1014,1,149.0,0.0
65803,18234,1004,1,160.0,0.1
65804,18235,1001,1,450.0,0.0
65805,18236,1005,1,55.0,0.0
65806,18236,1007,2,75.0,0.0
65807,18237,1004,2,160.0,0.0
65808,18238,1012,1,49.0,0.0
65809,18239,1012,2,49.0,0.05
65810,18239,1011,1,520.0,0.1
65811,18240,1019,1,260.0,0.15
65812,18241,1016,1,210.0,0.15
65813,18241,1013,2,95.0,0.0
65814,18242,1018,1,175.0,0.2
65815,18243,1017,1,45.0,0.2
65816,18244,1008,1,240.0,0.2
65817,18244,1004,4,160.0,0.0
65818,18245,1010,1,119.0,0.1
65819,18246,1006,1,130.0,0.1
65820,18246,1015,1,890.0,0.1
65821,18247,1001,1,450.0,0.1
65822,18247,1006,1,130.0,0.05
65823,18248,1019,1,260.0,0.2
65824,18248,1010,1,119.0,0.0
65825,18248,1001,1,450.0,0.0
65826,18249,1001,2,450.0,0.15
65827,18250,1016,1,210.0,0.0
65828,18250,1013,1,95.0,0.15
65829,18251,1001,3,450.0,0.0
65830,18252,1020,1,310.0,0.15
65831,18252,1005,1,55.0,0.0
65832,18253,1001,1,450.0,0.0
65833,18253,1015,2,890.0,0.1
65834,18254,1015,2,890.0,0.0
65835,18255,1002,1,680.0,0.15
65836,18255,1004,1,160.0,0.1
65837,18256,1009,1,320.0,0.0
65838,18257,1014,1,149.0,0.0
65839,18257,1012,2,49.0,0.1
65840,18257,1010,1,119.0,0.1
65841,18257,1013,1,95.0,0.05
65842,18258,1016,1,210.0,0.0
65843,18259,1010,1,119.0,0.05
65844,18260,1019,2,260.0,0.05
65845,18260,1015,1,890.0,0.1
65846,18260,1006,1,130.0,0.0
65847,18260,1020,1,310.0,0.0
65848,18260,1013,3,95.0,0.0
65849,18261,1018,1,175.0,0.0
65850,18262,1014,2,149.0,0.15
65851,18262,1009,1,320.0,0.15
65852,18263,1013,2,95.0,0.15
65853,18263,1010,1,119.0,0.1
65854,18263,1008,1,240.0,0.0
65855,18264,1017,1,45.0,0.1
65856,18265,1004,1,160.0,0.1
65857,18266,1002,1,680.0,0.15
65858,18266,1014,2,149.0,0.05
65859,18267,1017,1,45.0,0.0
65860,18268,1006,1,130.0,0.0
65861,18269,1014,1,149.0,0.0
65862,18269,1013,2,95.0,0.15
65863,18270,1002,1,680.0,0.0
65864,18271,1010,1,119.0,0.0
65865,18271,1017,1,45.0,0.1
65866,18271,1002,3,680.0,0.1
65867,18272,1013,1,95.0,0.0
65868,18273,1013,1,95.0,0.0
65869,18273,1008,1,240.0,0.2
65870,18274,1007,1,75.0,0.0
65871,18274,1011,1,520.0,0.05
65872,18275,1014,1,149.0,0.0
65873,18275,1003,1,89.0,0.1
65874,18276,1010,3,119.0,0.15
65875,18276,1006,1,130.0,0.1
65876,18276,1002,1,680.0,0.0
65877,18277,1010,2,119.0,0.0
65878,18278,1018,2,175.0,0.0
65879,18278,1001,1,450.0,0.0
65880,18279,1015,1,890.0,0.0
65881,18280,1012,1,49.0,0.0
65882,18281,1019,1,260.0,0.05
65883,18281,1010,3,119.0,0.0
65884,18282,1011,1,520.0,0.0
65885,18282,1003,1,89.0,0.0
65886,18282,1015,1,890.0,0.25
65887,18283,1008,2,240.0,0.0
65888,18284,1005,3,55.0,0.0
65889,18284,1017,1,45.0,0.0
65890,18284,1011,1,520.0,0.05
65891,18285,1004,1,160.0,0.2
65892,18286,1008,4,240.0,0.15
65893,18286,1017,1,45.0,0.2
65894,18286,1010,1,119.0,0.0
65895,18287,1017,2,45.0,0.15
65896,18288,1010,1,119.0,0.05
65897,18288,1020,1,310.0,0.05
65898,18289,1012,1,49.0,0.15
65899,18289,1001,1,450.0,0.1
65900,18290,1018,1,175.0,0.3
65901,18291,1006,1,130.0,0.0
65902,18292,1006,1,130.0,0.05
65903,18292,1017,2,45.0,0.0
65904,18293,1018,1,175.0,0.15
65905,18294,1019,1,260.0,0.0
65906,18295,1017,1,45.0,0.0
65907,18295,1002,1,680.0,0.15
65908,18295,1010,1,119.0,0.1
65909,18295,1001,1,450.0,0.15
65910,18296,1011,1,520.0,0.1
65911,18297,1020,1,310.0,0.0
65912,18298,1008,1,240.0,0.0
65913,18299,1020,1,310.0,0.0
65914,18299,1019,1,260.0,0.15
65915,18300,1010,1,119.0,0.2
65916,18301,1005,1,55.0,0.0
65917,18302,1019,3,260.0,0.0
65918,18303,1015,1,890.0,0.0
65919,18303,1001,1,450.0,0.0
65920,18303,1016,1,210.0,0.05
65921,18303,1012,1,49.0,0.0
65922,18303,1006,1,130.0,0.0
65923,18304,1003,1,89.0,0.0
65924,18305,1009,1,320.0,0.0
65925,18305,1006,1,130.0,0.0
65926,18305,1005,1,55.0,0.0
65927,18306,1015,1,890.0,0.05
65928,18307,1012,3,49.0,0.0
65929,18307,1014,1,149.0,0.0
65930,18308,1003,3,89.0,0.0
65931,18308,1010,1,119.0,0.2
65932,18309,1004,1,160.0,0.05
65933,18309,1014,1,149.0,0.0
65934,18309,1006,2,130.0,0.0
65935,18310,1017,2,45.0,0.15
65936,18311,1011,3,520.0,0.15
65937,18312,1005,2,55.0,0.05
65938,18312,1016,2,210.0,0.15
65939,18312,1003,1,89.0,0.0
65940,18313,1002,1,680.0,0.0
65941,18313,1015,1,890.0,0.15
65942,18313,1017,1,45.0,0.0
65943,18314,1013,1,95.0,0.2
65944,18315,1007,1,75.0,0.0
65945,18315,1020,1,310.0,0.0
65946,18316,1005,1,55.0,0.0
65947,18316,1014,1,149.0,0.0
65948,18317,1003,1,89.0,0.1
65949,18317,1020,1,310.0,0.0
65950,18318,1011,2,520.0,0.0
65951,18318,1002,1,680.0,0.1
65952,18318,1017,1,45.0,0.05
65953,18319,1006,2,130.0,0.0
65954,18319,1018,2,175.0,0.0
65955,18320,1005,2,55.0,0.3
65956,18320,1010,1,119.0,0.0
65957,18321,1014,1,149.0,0.1
65958,18322,1019,2,260.0,0.05
65959,18322,1018,3,175.0,0.1
65960,18323,1010,1,119.0,0.05
65961,18323,1019,1,260.0,0.05
65962,18323,1002,1,680.0,0.0
65963,18323,1013,1,95.0,0.0
65964,18324,1014,1,149.0,0.05
65965,18325,1004,2,160.0,0.0
65966,18326,1004,1,160.0,0.1
65967,18327,1002,1,680.0,0.0
65968,18328,1016,3,210.0,0.0
65969,18328,1009,1,320.0,0.1
65970,18328,1019,1,260.0,0.15
65971,18329,1005,2,55.0,0.0
65972,18329,1011,1,520.0,0.15
65973,18329,1009,1,320.0,0.1
65974,18330,1013,1,95.0,0.0
65975,18331,1002,2,680.0,0.15
65976,18331,1012,1,49.0,0.05
65977,18332,1011,1,520.0,0.0
65978,18333,1006,1,130.0,0.2
65979,18333,1016,1,210.0,0.0
65980,18333,1005,1,55.0,0.15
65981,18334,1012,1,49.0,0.25
65982,18334,1018,1,175.0,0.15
65983,18334,1002,1,680.0,0.05
65984,18335,1010,1,119.0,0.0
65985,18336,1012,1,49.0,0.0
65986,18336,1020,1,310.0,0.0
65987,18337,1001,2,450.0,0.0
65988,18337,1017,1,45.0,0.15
65989,18338,1017,1,45.0,0.0
65990,18339,1003,1,89.0,0.2
65991,18339,1011,1,520.0,0.15
65992,18340,1003,1,89.0,0.1
65993,18341,1011,1,520.0,0.05
65994,18342,1005,1,55.0,0.2
65995,18343,1015,1,890.0,0.0
65996,18343,1012,1,49.0,0.1
65997,18343,1010,2,119.0,0.0
65998,18343,1013,1,95.0,0.2
65999,18344,1002,2,680.0,0.0
66000,18345,1013,1,95.0,0.0
66001,18346,1002,3,680.0,0.15
66002,18347,1020,1,310.0,0.0
66003,18347,1018,1,175.0,0.0
66004,18347,1012,1,49.0,0.0
66005,18347,1002,1,680.0,0.05
66006,18348,1003,1,89.0,0.1
66007,18348,1002,1,680.0,0.0
66008,18348,1010,1,119.0,0.15
66009,18349,1008,1,240.0,0.1
66010,18350,1018,2,175.0,0.05
66011,18351,1009,1,320.0,0.2
66012,18352,1001,1,450.0,0.0
66013,18353,1005,2,55.0,0.0
66014,18354,1018,1,175.0,0.1
66015,18355,1010,1,119.0,0.0
66016,18355,1008,1,240.0,0.0
66017,18355,1019,1,260.0,0.3
66018,18355,1020,1,310.0,0.05
66019,18355,1015,1,890.0,0.2
66020,18356,1008,1,240.0,0.1
66021,18357,1007,1,75.0,0.0
66022,18358,1010,3,119.0,0.0
66023,18359,1020,1,310.0,0.0
66024,18359,1019,3,260.0,0.0
66025,18359,1014,1,149.0,0.05
66026,18360,1014,1,149.0,0.0
66027,18360,1018,1,175.0,0.0
66028,18360,1011,1,520.0,0.0
66029,18361,1020,2,310.0,0.1
66030,18362,1017,1,45.0,0.1
66031,18363,1016,1,210.0,0.0
66032,18364,1010,1,119.0,0.15
66033,18364,1009,1,320.0,0.1
66034,18364,1013,1,95.0,0.15
66035,18365,1002,1,680.0,0.0
66036,18365,1020,1,310.0,0.05
66037,18366,1015,1,890.0,0.05
66038,18367,1006,1,130.0,0.2
66039,18367,1005,1,55.0,0.1
66040,18367,1008,1,240.0,0.25
66041,18368,1007,1,75.0,0.1
66042,18369,1008,1,240.0,0.15
66043,18369,1003,2,89.0,0.2
66044,18370,1008,1,240.0,0.1
66045,18370,1010,1,119.0,0.2
66046,18371,1007,1,75.0,0.15
66047,18372,1014,1,149.0,0.1
66048,18373,1019,1,260.0,0.2
66049,18373,1015,2,890.0,0.0
66050,18374,1011,1,520.0,0.05
66051,18375,1011,1,520.0,0.15
66052,18375,1007,1,75.0,0.2
66053,18375,1013,1,95.0,0.1
66054,18376,1002,2,680.0,0.0
66055,18376,1007,1,75.0,0.0
66056,18377,1020,2,310.0,0.15
66057,18378,1019,1,260.0,0.0
66058,18379,1008,1,240.0,0.1
66059,18379,1009,1,320.0,0.0
66060,18379,1013,1,95.0,0.05
66061,18379,1020,1,310.0,0.1
66062,18379,1005,2,55.0,0.0
66063,18380,1001,1,450.0,0.05
66064,18381,1008,2,240.0,0.2
66065,18381,1003,1,89.0,0.05
66066,18382,1004,1,160.0,0.0
66067,18382,1019,2,260.0,0.15
66068,18383,1004,1,160.0,0.1
66069,18383,1012,1,49.0,0.15
66070,18384,1019,1,260.0,0.2
66071,18385,1014,2,149.0,0.0
66072,18385,1003,1,89.0,0.3
66073,18386,1014,1,149.0,0.05
66074,18387,1008,1,240.0,0.15
66075,18387,1019,1,260.0,0.2
66076,18388,1008,1,240.0,0.05
66077,18388,1005,1,55.0,0.15
66078,18388,1002,1,680.0,0.0
66079,18389,1016,1,210.0,0.25
66080,18390,1005,3,55.0,0.0
66081,18390,1012,1,49.0,0.05
66082,18390,1013,1,95.0,0.25
66083,18391,1020,1,310.0,0.0
66084,18391,1010,2,119.0,0.05
66085,18391,1009,1,320.0,0.15
66086,18392,1018,1,175.0,0.05
66087,18393,1008,1,240.0,0.15
66088,18394,1006,1,130.0,0.0
66089,18394,1001,1,450.0,0.0
66090,18394,1009,1,320.0,0.0
66091,18395,1017,2,45.0,0.15
66092,18396,1009,1,320.0,0.2
66093,18396,1003,1,89.0,0.3
66094,18397,1008,2,240.0,0.0
66095,18397,1015,1,890.0,0.05
66096,18398,1013,2,95.0,0.2
66097,18399,1019,1,260.0,0.1
66098,18399,1015,1,890.0,0.0
66099,18400,1015,1,890.0,0.1
66100,18401,1009,2,320.0,0.05
66101,18401,1020,1,310.0,0.15
66102,18401,1012,3,49.0,0.1
66103,18402,1017,2,45.0,0.0
66104,18402,1009,1,320.0,0.0
66105,18402,1012,1,49.0,0.0
66106,18403,1004,1,160.0,0.0
66107,18404,1016,2,210.0,0.05
66108,18404,1004,4,160.0,0.0
66109,18405,1004,1,160.0,0.0
66110,18406,1019,1,260.0,0.0
66111,18406,1003,1,89.0,0.05
66112,18407,1008,2,240.0,0.0
66113,18407,1005,1,55.0,0.0
66114,18408,1009,1,320.0,0.05
66115,18409,1010,3,119.0,0.0
66116,18410,1008,3,240.0,0.0
66117,18410,1002,1,680.0,0.0
66118,18411,1001,1,450.0,0.2
66119,18412,1001,1,450.0,0.05
66120,18412,1006,1,130.0,0.15
66121,18412,1020,1,310.0,0.0
66122,18412,1016,1,210.0,0.0
66123,18413,1013,1,95.0,0.0
66124,18413,1011,1,520.0,0.0
66125,18414,1016,1,210.0,0.0
66126,18414,1001,2,450.0,0.0
66127,18415,1001,1,450.0,0.15
66128,18416,1010,1,119.0,0.0
66129,18417,1012,4,49.0,0.15
66130,18418,1013,2,95.0,0.0
66131,18419,1011,1,520.0,0.05
66132,18419,1007,1,75.0,0.0
66133,18419,1012,2,49.0,0.0
66134,18419,1005,1,55.0,0.25
66135,18420,1017,2,45.0,0.05
66136,18421,1017,3,45.0,0.15
66137,18421,1011,1,520.0,0.05
66138,18421,1005,1,55.0,0.15
66139,18421,1007,2,75.0,0.1
66140,18421,1018,2,175.0,0.0
66141,18422,1015,2,890.0,0.0
66142,18422,1016,1,210.0,0.05
66143,18423,1005,1,55.0,0.0
66144,18423,1003,1,89.0,0.0
66145,18423,1018,2,175.0,0.0
66146,18424,1003,1,89.0,0.0
66147,18425,1016,1,210.0,0.0
66148,18426,1005,1,55.0,0.05
66149,18427,1011,2,520.0,0.05
66150,18427,1006,1,130.0,0.2
66151,18428,1002,2,680.0,0.25
66152,18429,1015,1,890.0,0.05
66153,18430,1020,1,310.0,0.0
66154,18431,1009,1,320.0,0.1
66155,18431,1008,1,240.0,0.2
66156,18432,1018,2,175.0,0.0
66157,18433,1019,4,260.0,0.05
66158,18433,1012,1,49.0,0.0
66159,18434,1006,1,130.0,0.0
66160,18435,1009,1,320.0,0.0
66161,18436,1020,1,310.0,0.0
66162,18437,1016,1,210.0,0.0
66163,18438,1010,1,119.0,0.15
66164,18439,1007,1,75.0,0.1
66165,18440,1010,1,119.0,0.0
66166,18441,1019,1,260.0,0.0
66167,18442,1015,1,890.0,0.15
66168,18443,1010,1,119.0,0.05
66169,18444,1016,1,210.0,0.1
66170,18445,1004,2,160.0,0.0
66171,18445,1012,1,49.0,0.1
66172,18445,1019,2,260.0,0.05
66173,18446,1004,1,160.0,0.15
66174,18447,1012,1,49.0,0.0
66175,18448,1016,1,210.0,0.0
66176,18448,1014,1,149.0,0.15
66177,18449,1018,1,175.0,0.0
66178,18449,1003,1,89.0,0.0
66179,18450,1003,1,89.0,0.3
66180,18450,1015,1,890.0,0.1
66181,18451,1015,1,890.0,0.2
66182,18451,1019,2,260.0,0.0
66183,18452,1017,1,45.0,0.3
66184,18452,1003,1,89.0,0.1
66185,18453,1005,2,55.0,0.1
66186,18454,1008,2,240.0,0.0
66187,18454,1012,2,49.0,0.05
66188,18455,1009,3,320.0,0.05
66189,18455,1016,4,210.0,0.05
66190,18456,1003,3,89.0,0.0
66191,18456,1010,1,119.0,0.15
66192,18456,1017,1,45.0,0.05
66193,18456,1016,1,210.0,0.0
66194,18457,1006,3,130.0,0.2
66195,18458,1001,3,450.0,0.15
66196,18458,1002,1,680.0,0.0
66197,18459,1013,1,95.0,0.05
66198,18459,1005,1,55.0,0.0
66199,18460,1018,1,175.0,0.05
66200,18461,1009,1,320.0,0.0
66201,18462,1008,1,240.0,0.0
66202,18463,1020,1,310.0,0.1
66203,18464,1020,1,310.0,0.05
66204,18465,1006,1,130.0,0.0
66205,18465,1005,2,55.0,0.0
66206,18465,1016,1,210.0,0.0
66207,18466,1008,2,240.0,0.0
66208,18466,1013,2,95.0,0.05
66209,18466,1012,3,49.0,0.05
66210,18467,1019,2,260.0,0.0
66211,18467,1005,1,55.0,0.0
66212,18467,1016,1,210.0,0.1
66213,18467,1002,2,680.0,0.0
66214,18468,1020,1,310.0,0.0
66215,18468,1002,1,680.0,0.0
66216,18468,1013,1,95.0,0.0
66217,18468,1019,1,260.0,0.2
66218,18469,1013,2,95.0,0.0
66219,18470,1006,1,130.0,0.2
66220,18470,1008,1,240.0,0.1
66221,18471,1016,1,210.0,0.0
66222,18471,1013,3,95.0,0.0
66223,18472,1005,2,55.0,0.0
66224,18473,1020,1,310.0,0.1
66225,18474,1020,1,310.0,0.15
66226,18475,1006,2,130.0,0.1
66227,18475,1020,1,310.0,0.2
66228,18475,1009,1,320.0,0.1
66229,18475,1012,1,49.0,0.05
66230,18476,1011,1,520.0,0.0
66231,18477,1017,1,45.0,0.05
66232,18477,1012,1,49.0,0.0
66233,18478,1018,2,175.0,0.0
66234,18478,1014,1,149.0,0.15
66235,18479,1006,1,130.0,0.1
66236,18480,1005,1,55.0,0.05
66237,18480,1006,1,130.0,0.0
66238,18481,1016,1,210.0,0.05
66239,18481,1014,1,149.0,0.25
66240,18482,1001,1,450.0,0.0
66241,18482,1013,1,95.0,0.2
66242,18483,1006,3,130.0,0.0
66243,18484,1005,1,55.0,0.2
66244,18484,1013,1,95.0,0.05
66245,18484,1020,1,310.0,0.0
66246,18485,1012,1,49.0,0.0
66247,18486,1004,1,160.0,0.0
66248,18487,1020,1,310.0,0.0
66249,18487,1009,3,320.0,0.0
66250,18488,1019,2,260.0,0.0
66251,18489,1004,1,160.0,0.15
66252,18489,1018,1,175.0,0.0
66253,18489,1012,1,49.0,0.05
66254,18490,1007,3,75.0,0.0
66255,18490,1010,1,119.0,0.1
66256,18491,1003,3,89.0,0.1
66257,18491,1005,1,55.0,0.0
66258,18491,1004,1,160.0,0.15
66259,18491,1020,1,310.0,0.3
66260,18491,1007,1,75.0,0.1
66261,18492,1007,1,75.0,0.1
66262,18493,1015,1,890.0,0.15
66263,18493,1019,1,260.0,0.0
66264,18493,1007,3,75.0,0.2
66265,18494,1018,1,175.0,0.1
66266,18495,1008,1,240.0,0.15
66267,18495,1020,1,310.0,0.1
66268,18496,1006,1,130.0,0.0
66269,18496,1010,1,119.0,0.2
66270,18497,1014,2,149.0,0.0
66271,18497,1006,1,130.0,0.0
66272,18498,1003,1,89.0,0.15
66273,18498,1016,1,210.0,0.1
66274,18499,1015,4,890.0,0.0
66275,18499,1019,1,260.0,0.2
66276,18499,1011,1,520.0,0.2
66277,18499,1005,2,55.0,0.1
66278,18500,1015,1,890.0,0.0
66279,18501,1005,1,55.0,0.15
66280,18502,1008,1,240.0,0.05
66281,18502,1014,1,149.0,0.1
66282,18502,1015,1,890.0,0.1
66283,18503,1005,1,55.0,0.0
66284,18503,1017,1,45.0,0.0
66285,18504,1020,3,310.0,0.0
66286,18504,1007,4,75.0,0.0
66287,18504,1008,1,240.0,0.1
66288,18505,1001,1,450.0,0.1
66289,18506,1013,1,95.0,0.0
66290,18506,1015,1,890.0,0.1
66291,18507,1005,3,55.0,0.2
66292,18507,1001,1,450.0,0.05
66293,18508,1019,2,260.0,0.0
66294,18508,1016,1,210.0,0.0
66295,18508,1011,1,520.0,0.1
66296,18508,1010,1,119.0,0.15
66297,18508,1002,2,680.0,0.1
66298,18509,1008,1,240.0,0.2
66299,18510,1007,2,75.0,0.1
66300,18510,1001,1,450.0,0.05
66301,18511,1009,1,320.0,0.05
66302,18511,1020,1,310.0,0.0
66303,18512,1012,1,49.0,0.1
66304,18512,1019,1,260.0,0.05
66305,18512,1004,1,160.0,0.1
66306,18513,1007,1,75.0,0.05
66307,18513,1002,2,680.0,0.25
66308,18514,1007,4,75.0,0.2
66309,18515,1004,1,160.0,0.0
66310,18515,1020,1,310.0,0.2
66311,18515,1019,1,260.0,0.2
66312,18515,1013,1,95.0,0.0
66313,18516,1002,1,680.0,0.05
66314,18516,1011,1,520.0,0.05
66315,18517,1012,1,49.0,0.0
66316,18517,1001,2,450.0,0.05
66317,18518,1019,1,260.0,0.15
66318,18518,1005,1,55.0,0.0
66319,18518,1015,2,890.0,0.3
66320,18519,1017,1,45.0,0.0
66321,18519,1019,1,260.0,0.1
66322,18520,1011,2,520.0,0.05
66323,18520,1007,1,75.0,0.0
66324,18521,1016,1,210.0,0.05
66325,18522,1016,1,210.0,0.15
66326,18522,1001,1,450.0,0.15
66327,18523,1011,2,520.0,0.05
66328,18523,1012,2,49.0,0.05
66329,18524,1005,1,55.0,0.0
66330,18524,1003,1,89.0,0.15
66331,18525,1016,1,210.0,0.05
66332,18525,1014,1,149.0,0.0
66333,18525,1017,1,45.0,0.0
66334,18526,1013,1,95.0,0.0
66335,18527,1016,1,210.0,0.15
66336,18527,1017,2,45.0,0.15
66337,18528,1009,2,320.0,0.05
66338,18529,1009,2,320.0,0.0
66339,18530,1009,1,320.0,0.1
66340,18530,1015,2,890.0,0.2
66341,18531,1013,2,95.0,0.2
66342,18531,1016,1,210.0,0.1
66343,18531,1003,2,89.0,0.1
66344,18531,1015,1,890.0,0.15
66345,18532,1008,1,240.0,0.0
66346,18533,1019,1,260.0,0.1
66347,18534,1016,3,210.0,0.15
66348,18535,1017,1,45.0,0.2
66349,18536,1007,1,75.0,0.2
66350,18536,1012,2,49.0,0.0
66351,18536,1016,1,210.0,0.05
66352,18536,1005,1,55.0,0.0
66353,18537,1020,1,310.0,0.1
66354,18537,1005,1,55.0,0.0
66355,18537,1011,1,520.0,0.1
66356,18537,1008,1,240.0,0.0
66357,18538,1008,1,240.0,0.05
66358,18539,1009,1,320.0,0.0
66359,18539,1008,1,240.0,0.1
66360,18539,1004,1,160.0,0.1
66361,18539,1017,1,45.0,0.05
66362,18539,1003,1,89.0,0.2
66363,18540,1007,3,75.0,0.05
66364,18541,1014,1,149.0,0.15
66365,18541,1007,1,75.0,0.15
66366,18541,1016,1,210.0,0.1
66367,18541,1018,1,175.0,0.0
66368,18542,1005,3,55.0,0.2
66369,18543,1003,1,89.0,0.0
66370,18543,1014,1,149.0,0.0
66371,18543,1011,1,520.0,0.2
66372,18544,1018,1,175.0,0.2
66373,18544,1009,1,320.0,0.0
66374,18544,1003,1,89.0,0.0
66375,18544,1016,1,210.0,0.15
66376,18545,1017,1,45.0,0.1
66377,18546,1004,1,160.0,0.1
66378,18547,1012,1,49.0,0.0
66379,18547,1002,1,680.0,0.0
66380,18548,1007,1,75.0,0.1
66381,18548,1015,1,890.0,0.0
66382,18549,1015,1,890.0,0.0
66383,18550,1003,1,89.0,0.05
66384,18550,1006,1,130.0,0.0
66385,18551,1018,1,175.0,0.0
66386,18552,1016,1,210.0,0.0
66387,18553,1003,3,89.0,0.0
66388,18553,1004,1,160.0,0.0
66389,18554,1004,1,160.0,0.0
66390,18554,1010,1,119.0,0.1
66391,18555,1019,2,260.0,0.0
66392,18555,1013,1,95.0,0.0
66393,18556,1014,1,149.0,0.15
66394,18557,1011,1,520.0,0.05
66395,18557,1019,1,260.0,0.05
66396,18558,1012,2,49.0,0.0
66397,18558,1009,2,320.0,0.15
66398,18558,1020,1,310.0,0.0
66399,18558,1004,2,160.0,0.0
66400,18559,1011,1,520.0,0.25
66401,18559,1010,1,119.0,0.1
66402,18560,1012,1,49.0,0.0
66403,18561,1008,4,240.0,0.05
66404,18561,1020,1,310.0,0.1
66405,18562,1014,3,149.0,0.0
66406,18563,1008,1,240.0,0.25
66407,18563,1007,1,75.0,0.0
66408,18564,1001,1,450.0,0.0
66409,18565,1005,2,55.0,0.2
66410,18565,1018,1,175.0,0.0
66411,18565,1020,1,310.0,0.05
66412,18566,1001,1,450.0,0.1
66413,18567,1005,1,55.0,0.0
66414,18568,1012,1,49.0,0.05
66415,18569,1008,1,240.0,0.25
66416,18570,1001,1,450.0,0.1
66417,18571,1009,2,320.0,0.0
66418,18572,1007,1,75.0,0.0
66419,18572,1004,1,160.0,0.15
66420,18573,1014,4,149.0,0.05
66421,18574,1009,1,320.0,0.1
66422,18575,1013,1,95.0,0.0
66423,18575,1015,1,890.0,0.0
66424,18576,1007,1,75.0,0.15
66425,18576,1019,1,260.0,0.2
66426,18577,1017,1,45.0,0.0
66427,18577,1015,1,890.0,0.05
66428,18578,1007,1,75.0,0.0
66429,18579,1007,1,75.0,0.1
66430,18580,1009,1,320.0,0.0
66431,18580,1005,1,55.0,0.2
66432,18580,1008,1,240.0,0.0
66433,18581,1015,1,890.0,0.2
66434,18581,1006,1,130.0,0.0
66435,18582,1005,1,55.0,0.0
66436,18582,1016,1,210.0,0.0
66437,18583,1004,1,160.0,0.1
66438,18583,1006,1,130.0,0.15
66439,18583,1014,1,149.0,0.1
66440,18584,1015,4,890.0,0.0
66441,18584,1013,3,95.0,0.05
66442,18585,1003,1,89.0,0.2
66443,18585,1017,1,45.0,0.05
66444,18586,1008,1,240.0,0.0
66445,18587,1016,1,210.0,0.0
66446,18587,1020,3,310.0,0.1
66447,18588,1017,1,45.0,0.0
66448,18588,1008,1,240.0,0.05
66449,18588,1019,2,260.0,0.25
66450,18588,1001,1,450.0,0.1
66451,18588,1007,2,75.0,0.1
66452,18589,1007,1,75.0,0.1
66453,18589,1017,1,45.0,0.15
66454,18589,1008,2,240.0,0.0
66455,18590,1013,1,95.0,0.0
66456,18591,1004,1,160.0,0.0
66457,18591,1017,1,45.0,0.05
66458,18592,1014,1,149.0,0.2
66459,18592,1020,4,310.0,0.15
66460,18593,1001,1,450.0,0.05
66461,18594,1019,1,260.0,0.1
66462,18594,1020,4,310.0,0.05
66463,18594,1015,1,890.0,0.3
66464,18595,1010,2,119.0,0.1
66465,18596,1019,1,260.0,0.05
66466,18596,1009,1,320.0,0.0
66467,18597,1014,1,149.0,0.15
66468,18597,1003,2,89.0,0.0
66469,18597,1011,1,520.0,0.0
66470,18598,1005,2,55.0,0.2
66471,18599,1017,1,45.0,0.0
66472,18599,1016,1,210.0,0.0
66473,18600,1003,1,89.0,0.1
66474,18600,1008,3,240.0,0.0
66475,18600,1016,1,210.0,0.0
66476,18601,1016,1,210.0,0.0
66477,18602,1018,1,175.0,0.0
66478,18603,1001,1,450.0,0.0
66479,18603,1014,2,149.0,0.1
66480,18603,1019,1,260.0,0.1
66481,18604,1015,2,890.0,0.0
66482,18605,1015,1,890.0,0.1
66483,18605,1002,1,680.0,0.0
66484,18606,1001,2,450.0,0.05
66485,18606,1008,1,240.0,0.0
66486,18607,1010,1,119.0,0.0
66487,18608,1017,1,45.0,0.3
66488,18608,1009,1,320.0,0.1
66489,18609,1012,1,49.0,0.2
66490,18610,1011,2,520.0,0.0
66491,18611,1013,1,95.0,0.0
66492,18611,1002,2,680.0,0.05
66493,18611,1015,1,890.0,0.0
66494,18612,1002,1,680.0,0.0
66495,18612,1006,3,130.0,0.0
66496,18613,1015,2,890.0,0.15
66497,18614,1017,1,45.0,0.0
66498,18614,1009,2,320.0,0.05
66499,18614,1019,1,260.0,0.2
66500,18615,1009,2,320.0,0.1
66501,18616,1010,1,119.0,0.0
66502,18616,1015,3,890.0,0.0
66503,18617,1016,2,210.0,0.15
66504,18617,1014,1,149.0,0.1
66505,18618,1005,3,55.0,0.05
66506,18619,1006,1,130.0,0.15
66507,18619,1009,1,320.0,0.0
66508,18619,1014,1,149.0,0.2
66509,18619,1015,1,890.0,0.0
66510,18619,1013,1,95.0,0.0
66511,18620,1018,1,175.0,0.0
66512,18620,1019,1,260.0,0.05
66513,18620,1010,1,119.0,0.0
66514,18621,1012,1,49.0,0.0
66515,18621,1007,1,75.0,0.0
66516,18621,1013,3,95.0,0.2
66517,18622,1003,1,89.0,0.0
66518,18623,1020,1,310.0,0.0
66519,18624,1005,1,55.0,0.0
66520,18624,1015,1,890.0,0.2
66521,18625,1004,1,160.0,0.05
66522,18626,1018,2,175.0,0.0
66523,18626,1001,1,450.0,0.0
66524,18626,1011,1,520.0,0.0
66525,18627,1019,1,260.0,0.15
66526,18627,1013,1,95.0,0.2
66527,18627,1009,1,320.0,0.15
66528,18628,1018,1,175.0,0.2
66529,18628,1008,1,240.0,0.2
66530,18629,1016,1,210.0,0.15
66531,18629,1018,1,175.0,0.2
66532,18630,1013,2,95.0,0.3
66533,18631,1005,2,55.0,0.05
66534,18631,1009,1,320.0,0.25
66535,18632,1006,1,130.0,0.05
66536,18633,1004,1,160.0,0.2
66537,18634,1014,1,149.0,0.0
66538,18635,1012,1,49.0,0.2
66539,18636,1002,1,680.0,0.0
66540,18636,1003,1,89.0,0.2
66541,18636,1017,1,45.0,0.0
66542,18637,1002,2,680.0,0.05
66543,18637,1004,1,160.0,0.0
66544,18638,1016,2,210.0,0.05
66545,18639,1009,1,320.0,0.05
66546,18639,1014,1,149.0,0.0
66547,18640,1018,1,175.0,0.15
66548,18640,1013,1,95.0,0.15
66549,18641,1016,1,210.0,0.0
66550,18642,1018,2,175.0,0.1
66551,18642,1013,1,95.0,0.15
66552,18643,1011,1,520.0,0.1
66553,18643,1001,1,450.0,0.0
66554,18643,1018,1,175.0,0.0
66555,18643,1020,1,310.0,0.0
66556,18643,1017,1,45.0,0.1
66557,18644,1009,1,320.0,0.0
66558,18645,1006,1,130.0,0.1
66559,18645,1013,1,95.0,0.05
66560,18645,1008,1,240.0,0.1
66561,18646,1001,2,450.0,0.05
66562,18646,1004,2,160.0,0.15
66563,18646,1003,1,89.0,0.0
66564,18647,1008,2,240.0,0.0
66565,18647,1015,1,890.0,0.1
66566,18648,1019,2,260.0,0.05
66567,18648,1020,1,310.0,0.15
66568,18648,1007,1,75.0,0.15
66569,18649,1009,1,320.0,0.0
66570,18649,1002,2,680.0,0.1
66571,18650,1020,3,310.0,0.0
66572,18650,1011,2,520.0,0.0
66573,18651,1013,2,95.0,0.0
66574,18652,1013,1,95.0,0.15
66575,18653,1004,1,160.0,0.0
66576,18653,1013,1,95.0,0.0
66577,18653,1016,1,210.0,0.1
66578,18654,1007,1,75.0,0.0
66579,18654,1009,1,320.0,0.1
66580,18655,1009,1,320.0,0.15
66581,18656,1013,1,95.0,0.0
66582,18656,1002,1,680.0,0.1
66583,18656,1018,2,175.0,0.25
66584,18656,1017,1,45.0,0.05
66585,18657,1011,4,520.0,0.15
66586,18658,1014,1,149.0,0.1
66587,18658,1006,1,130.0,0.0
66588,18658,1018,3,175.0,0.1
66589,18659,1004,1,160.0,0.15
66590,18660,1017,3,45.0,0.15
66591,18660,1003,1,89.0,0.1
66592,18661,1001,1,450.0,0.0
66593,18661,1014,1,149.0,0.05
66594,18662,1014,1,149.0,0.0
66595,18662,1017,1,45.0,0.0
66596,18662,1006,2,130.0,0.15
66597,18663,1006,1,130.0,0.0
66598,18664,1017,1,45.0,0.15
66599,18664,1003,1,89.0,0.0
66600,18665,1019,1,260.0,0.1
66601,18665,1018,1,175.0,0.1
66602,18666,1009,2,320.0,0.1
66603,18666,1006,2,130.0,0.05
66604,18667,1005,1,55.0,0.1
66605,18668,1015,1,890.0,0.15
66606,18669,1017,1,45.0,0.05
66607,18669,1004,2,160.0,0.0
66608,18670,1010,1,119.0,0.1
66609,18670,1009,1,320.0,0.0
66610,18671,1007,1,75.0,0.0
66611,18671,1011,1,520.0,0.0
66612,18672,1009,1,320.0,0.15
66613,18672,1018,2,175.0,0.0
66614,18673,1017,1,45.0,0.1
66615,18674,1013,1,95.0,0.0
66616,18674,1020,1,310.0,0.0
66617,18675,1013,1,95.0,0.1
66618,18675,1016,1,210.0,0.0
66619,18676,1019,2,260.0,0.0
66620,18676,1008,2,240.0,0.0
66621,18676,1020,1,310.0,0.15
66622,18676,1016,4,210.0,0.25
66623,18677,1002,1,680.0,0.15
66624,18678,1006,1,130.0,0.1
66625,18678,1002,1,680.0,0.0
66626,18679,1007,4,75.0,0.0
66627,18679,1019,1,260.0,0.1
66628,18680,1009,1,320.0,0.1
66629,18680,1003,1,89.0,0.1
66630,18680,1007,1,75.0,0.05
66631,18681,1012,1,49.0,0.0
66632,18681,1013,1,95.0,0.0
66633,18681,1018,1,175.0,0.05
66634,18682,1015,3,890.0,0.1
66635,18682,1005,2,55.0,0.05
66636,18683,1016,1,210.0,0.1
66637,18683,1003,1,89.0,0.2
66638,18684,1009,1,320.0,0.0
66639,18684,1017,1,45.0,0.1
66640,18684,1013,1,95.0,0.05
66641,18685,1006,2,130.0,0.15
66642,18686,1014,1,149.0,0.2
66643,18687,1019,1,260.0,0.15
66644,18688,1009,3,320.0,0.3
66645,18689,1020,1,310.0,0.1
66646,18689,1001,1,450.0,0.0
66647,18689,1010,1,119.0,0.0
66648,18689,1019,1,260.0,0.2
66649,18690,1016,4,210.0,0.1
66650,18690,1019,1,260.0,0.0
66651,18691,1016,1,210.0,0.05
66652,18691,1011,1,520.0,0.0
66653,18691,1013,1,95.0,0.2
66654,18691,1005,1,55.0,0.0
66655,18692,1009,1,320.0,0.15
66656,18692,1014,1,149.0,0.0
66657,18693,1007,1,75.0,0.0
66658,18694,1016,1,210.0,0.15
66659,18694,1002,1,680.0,0.3
66660,18695,1005,3,55.0,0.15
66661,18696,1005,1,55.0,0.0
66662,18697,1012,1,49.0,0.0
66663,18697,1014,1,149.0,0.0
66664,18698,1001,2,450.0,0.05
66665,18698,1014,3,149.0,0.2
66666,18698,1011,3,520.0,0.2
66667,18698,1015,1,890.0,0.2
66668,18699,1017,3,45.0,0.2
66669,18699,1010,1,119.0,0.0
66670,18699,1004,2,160.0,0.0
66671,18700,1004,1,160.0,0.0
66672,18700,1020,3,310.0,0.0
66673,18701,1007,1,75.0,0.1
66674,18702,1011,2,520.0,0.2
66675,18703,1007,1,75.0,0.25
66676,18704,1007,3,75.0,0.1
66677,18704,1012,1,49.0,0.05
66678,18705,1001,2,450.0,0.0
66679,18706,1008,1,240.0,0.05
66680,18706,1015,1,890.0,0.0
66681,18707,1009,1,320.0,0.0
66682,18707,1007,1,75.0,0.15
66683,18708,1012,1,49.0,0.0
66684,18708,1016,1,210.0,0.05
66685,18708,1001,1,450.0,0.0
66686,18708,1017,1,45.0,0.05
66687,18709,1009,1,320.0,0.1
66688,18710,1016,1,210.0,0.0
66689,18710,1019,1,260.0,0.1
66690,18710,1013,2,95.0,0.15
66691,18710,1011,1,520.0,0.15
66692,18711,1013,1,95.0,0.0
66693,18711,1012,2,49.0,0.05
66694,18711,1009,1,320.0,0.0
66695,18712,1007,1,75.0,0.0
66696,18713,1014,1,149.0,0.2
66697,18713,1018,4,175.0,0.1
66698,18714,1007,2,75.0,0.0
66699,18715,1020,2,310.0,0.0
66700,18716,1012,1,49.0,0.0
66701,18717,1001,2,450.0,0.0
66702,18718,1012,1,49.0,0.2
66703,18719,1018,1,175.0,0.1
66704,18719,1020,1,310.0,0.1
66705,18719,1013,4,95.0,0.1
66706,18720,1017,1,45.0,0.15
66707,18720,1005,1,55.0,0.0
66708,18721,1018,1,175.0,0.05
66709,18722,1007,3,75.0,0.05
66710,18722,1015,1,890.0,0.15
66711,18723,1001,1,450.0,0.0
66712,18723,1020,1,310.0,0.0
66713,18723,1010,2,119.0,0.1
66714,18723,1004,1,160.0,0.2
66715,18724,1005,1,55.0,0.15
66716,18724,1006,1,130.0,0.15
66717,18725,1015,2,890.0,0.0
66718,18725,1018,2,175.0,0.0
66719,18726,1008,1,240.0,0.05
66720,18727,1014,2,149.0,0.05
66721,18728,1007,1,75.0,0.0
66722,18729,1017,1,45.0,0.1
66723,18729,1009,2,320.0,0.15
66724,18729,1014,1,149.0,0.1
66725,18730,1014,1,149.0,0.0
66726,18731,1013,1,95.0,0.05
66727,18731,1011,1,520.0,0.2
66728,18731,1019,1,260.0,0.0
66729,18731,1017,1,45.0,0.0
66730,18732,1016,1,210.0,0.0
66731,18733,1009,1,320.0,0.0
66732,18734,1013,1,95.0,0.2
66733,18734,1010,2,119.0,0.0
66734,18734,1015,1,890.0,0.05
66735,18735,1008,1,240.0,0.15
66736,18735,1014,3,149.0,0.1
66737,18736,1001,1,450.0,0.0
66738,18737,1013,1,95.0,0.05
66739,18737,1019,1,260.0,0.0
66740,18737,1015,1,890.0,0.05
66741,18737,1017,1,45.0,0.15
66742,18737,1004,3,160.0,0.0
66743,18738,1005,1,55.0,0.0
66744,18738,1018,1,175.0,0.0
66745,18738,1004,1,160.0,0.15
66746,18739,1006,1,130.0,0.0
66747,18739,1005,1,55.0,0.05
66748,18739,1013,2,95.0,0.0
66749,18740,1004,2,160.0,0.1
66750,18741,1018,1,175.0,0.0
66751,18742,1007,1,75.0,0.1
66752,18743,1011,3,520.0,0.0
66753,18743,1018,1,175.0,0.2
66754,18743,1019,1,260.0,0.0
66755,18743,1013,1,95.0,0.05
66756,18743,1014,1,149.0,0.1
66757,18744,1006,1,130.0,0.05
66758,18744,1010,2,119.0,0.0
66759,18745,1003,1,89.0,0.15
66760,18746,1005,1,55.0,0.0
66761,18746,1015,1,890.0,0.0
66762,18746,1017,1,45.0,0.1
66763,18746,1010,2,119.0,0.0
66764,18747,1019,1,260.0,0.05
66765,18748,1012,2,49.0,0.0
66766,18749,1011,1,520.0,0.0
66767,18750,1006,1,130.0,0.15
66768,18751,1020,1,310.0,0.1
66769,18751,1014,1,149.0,0.05
66770,18751,1006,1,130.0,0.15
66771,18752,1012,2,49.0,0.15
66772,18752,1019,1,260.0,0.05
66773,18753,1016,2,210.0,0.0
66774,18754,1010,1,119.0,0.0
66775,18755,1019,2,260.0,0.0
66776,18756,1009,2,320.0,0.05
66777,18757,1008,2,240.0,0.1
66778,18757,1001,1,450.0,0.0
66779,18757,1010,3,119.0,0.05
66780,18758,1018,1,175.0,0.0
66781,18758,1004,1,160.0,0.0
66782,18759,1016,1,210.0,0.0
66783,18759,1020,1,310.0,0.1
66784,18759,1019,2,260.0,0.0
66785,18759,1017,2,45.0,0.0
66786,18759,1010,1,119.0,0.0
66787,18760,1019,1,260.0,0.1
66788,18760,1020,1,310.0,0.05
66789,18761,1011,1,520.0,0.0
66790,18761,1012,1,49.0,0.0
66791,18761,1009,1,320.0,0.0
66792,18762,1016,1,210.0,0.0
66793,18763,1007,1,75.0,0.1
66794,18763,1010,1,119.0,0.0
66795,18764,1014,1,149.0,0.1
66796,18764,1018,1,175.0,0.2
66797,18764,1020,3,310.0,0.0
66798,18764,1002,2,680.0,0.0
66799,18764,1004,2,160.0,0.05
66800,18765,1018,1,175.0,0.0
66801,18765,1006,1,130.0,0.05
66802,18765,1007,1,75.0,0.0
66803,18765,1001,1,450.0,0.0
66804,18766,1009,1,320.0,0.05
66805,18767,1006,1,130.0,0.05
66806,18767,1020,1,310.0,0.05
66807,18768,1005,1,55.0,0.0
66808,18769,1005,1,55.0,0.0
66809,18770,1007,1,75.0,0.1
66810,18770,1004,2,160.0,0.15
66811,18771,1015,2,890.0,0.1
66812,18771,1004,1,160.0,0.1
66813,18772,1001,1,450.0,0.0
66814,18772,1009,1,320.0,0.2
66815,18772,1004,1,160.0,0.0
66816,18772,1018,1,175.0,0.0
66817,18773,1010,1,119.0,0.0
66818,18773,1004,1,160.0,0.05
66819,18773,1013,1,95.0,0.2
66820,18773,1014,2,149.0,0.1
66821,18774,1006,2,130.0,0.0
66822,18775,1018,1,175.0,0.0
66823,18776,1014,1,149.0,0.05
66824,18777,1019,1,260.0,0.1
66825,18778,1013,2,95.0,0.0
66826,18778,1004,1,160.0,0.15
66827,18778,1003,1,89.0,0.1
66828,18778,1016,2,210.0,0.0
66829,18779,1011,1,520.0,0.0
66830,18780,1002,4,680.0,0.0
66831,18781,1018,2,175.0,0.2
66832,18782,1006,1,130.0,0.1
