order_id,customer_id,store_id,order_date,order_status,payment_method,shipping_cost
10001,5007,103,2024-01-01,Completed,Apple Pay,0.0
10002,5038,105,2024-01-01,Completed,Bank Transfer,0.0
10003,6033,101,2024-01-01,Completed,PayPal,14.99
10004,6294,101,2024-01-01,Completed,Apple Pay,0.0
10005,6498,101,2024-01-01,Completed,Apple Pay,0.0
10006,5751,102,2024-01-02,Completed,Bank Transfer,0.0
10007,5665,101,2024-01-02,Completed,Bank Transfer,24.99
10008,5438,101,2024-01-02,Returned,PayPal,24.99
10009,6133,101,2024-01-02,Completed,PayPal,9.99
10010,6043,101,2024-01-02,Completed,Credit Card,9.99
10011,5225,101,2024-01-02,Completed,Bank Transfer,0.0
10012,5438,101,2024-01-02,Completed,Credit Card,9.99
10013,5587,101,2024-01-02,Completed,Apple Pay,0.0
10014,5850,102,2024-01-03,Completed,Store Financing,0.0
10015,5335,101,2024-01-03,Completed,Apple Pay,14.99
10016,5754,101,2024-01-03,Completed,Bank Transfer,24.99
10017,5891,101,2024-01-03,Completed,PayPal,9.99
10018,5897,101,2024-01-03,Completed,PayPal,9.99
10019,6426,102,2024-01-04,Completed,Bank Transfer,0.0
10020,5751,101,2024-01-04,Completed,PayPal,24.99
10021,6268,101,2024-01-04,Completed,PayPal,24.99
10022,5459,104,2024-01-04,Completed,Store Financing,0.0
10023,5225,101,2024-01-04,Completed,Bank Transfer,14.99
10024,5511,106,2024-01-04,Cancelled,Store Financing,0.0
10025,5555,101,2024-01-04,Completed,Credit Card,9.99
10026,5318,107,2024-01-05,Completed,Bank Transfer,0.0
10027,6474,101,2024-01-05,Completed,Bank Transfer,24.99
10028,5372,101,2024-01-05,Cancelled,Credit Card,9.99
10029,5932,101,2024-01-05,Completed,PayPal,14.99
10030,6426,102,2024-01-05,Completed,Store Financing,0.0
10031,5224,101,2024-01-05,Completed,Apple Pay,24.99
10032,6010,101,2024-01-05,Completed,Apple Pay,9.99
10033,5645,104,2024-01-05,Returned,Apple Pay,0.0
10034,6200,101,2024-01-05,Completed,Store Financing,0.0
10035,5912,101,2024-01-06,Completed,Credit Card,14.99
10036,5201,105,2024-01-06,Completed,Apple Pay,0.0
10037,6472,101,2024-01-06,Completed,Apple Pay,0.0
10038,5783,101,2024-01-06,Completed,Store Financing,0.0
10039,5892,101,2024-01-06,Completed,PayPal,24.99
10040,5808,103,2024-01-06,Completed,Credit Card,0.0
10041,5229,101,2024-01-06,Completed,Credit Card,9.99
10042,5325,101,2024-01-06,Completed,Store Financing,9.99
10043,6435,108,2024-01-06,Completed,Bank Transfer,0.0
10044,6120,101,2024-01-06,Completed,Credit Card,24.99
10045,5547,101,2024-01-06,Completed,Apple Pay,24.99
10046,6498,101,2024-01-06,Completed,Bank Transfer,0.0
10047,5229,101,2024-01-07,Completed,Bank Transfer,24.99
10048,5466,101,2024-01-07,Cancelled,PayPal,14.99
10049,5869,101,2024-01-07,Completed,Bank Transfer,14.99
10050,5751,101,2024-01-07,Completed,Store Financing,0.0
10051,5516,101,2024-01-07,Completed,Credit Card,9.99
10052,5986,101,2024-01-07,Completed,Apple Pay,9.99
10053,6209,103,2024-01-07,Completed,Credit Card,0.0
10054,5892,105,2024-01-07,Completed,Store Financing,0.0
10055,5675,101,2024-01-07,Completed,Apple Pay,0.0
10056,5067,102,2024-01-08,Completed,PayPal,0.0
10057,5605,101,2024-01-08,Completed,Credit Card,9.99
10058,5215,101,2024-01-08,Completed,Apple Pay,0.0
10059,6215,104,2024-01-08,Completed,Credit Card,0.0
10060,6170,101,2024-01-08,Completed,Store Financing,14.99
10061,5357,106,2024-01-09,Completed,Apple Pay,0.0
10062,6262,101,2024-01-09,Completed,PayPal,24.99
10063,5754,106,2024-01-09,Completed,Bank Transfer,0.0
10064,6043,101,2024-01-09,Completed,Credit Card,0.0
10065,5645,104,2024-01-09,Completed,Credit Card,0.0
10066,5065,101,2024-01-09,Returned,Store Financing,0.0
10067,5168,101,2024-01-09,Returned,Credit Card,24.99
10068,6170,102,2024-01-09,Completed,Bank Transfer,0.0
10069,6230,101,2024-01-09,Completed,PayPal,14.99
10070,5509,108,2024-01-10,Completed,Bank Transfer,0.0
10071,5645,101,2024-01-10,Completed,Store Financing,14.99
10072,5555,102,2024-01-10,Completed,Apple Pay,0.0
10073,5225,108,2024-01-10,Completed,PayPal,0.0
10074,5229,101,2024-01-10,Completed,Bank Transfer,9.99
10075,5020,108,2024-01-10,Completed,Apple Pay,0.0
10076,5277,101,2024-01-10,Completed,PayPal,9.99
10077,5459,101,2024-01-10,Completed,PayPal,14.99
10078,5783,101,2024-01-10,Completed,PayPal,0.0
10079,5077,102,2024-01-11,Completed,Apple Pay,0.0
10080,6073,108,2024-01-11,Completed,Bank Transfer,0.0
10081,5862,101,2024-01-11,Completed,Store Financing,9.99
10082,6435,101,2024-01-11,Completed,Store Financing,24.99
10083,6094,101,2024-01-11,Completed,PayPal,9.99
10084,6066,101,2024-01-11,Completed,Bank Transfer,0.0
10085,5753,103,2024-01-11,Completed,Apple Pay,0.0
10086,6048,103,2024-01-11,Completed,Store Financing,0.0
10087,6435,107,2024-01-11,Completed,Apple Pay,0.0
10088,6172,101,2024-01-12,Cancelled,Store Financing,0.0
10089,6435,101,2024-01-12,Completed,Apple Pay,24.99
10090,6018,101,2024-01-12,Completed,Bank Transfer,24.99
10091,5077,101,2024-01-12,Completed,Credit Card,14.99
10092,5363,103,2024-01-12,Completed,Store Financing,0.0
10093,5209,101,2024-01-12,Completed,PayPal,14.99
10094,6444,103,2024-01-12,Returned,PayPal,0.0
10095,5753,101,2024-01-12,Completed,Bank Transfer,14.99
10096,6175,101,2024-01-12,Completed,PayPal,24.99
10097,5046,108,2024-01-12,Completed,PayPal,0.0
10098,5077,102,2024-01-13,Returned,Bank Transfer,0.0
10099,5826,107,2024-01-13,Completed,Bank Transfer,0.0
10100,5229,105,2024-01-13,Completed,Apple Pay,0.0
10101,6120,102,2024-01-13,Completed,PayPal,0.0
10102,6441,106,2024-01-13,Completed,PayPal,0.0
10103,6068,108,2024-01-13,Completed,PayPal,0.0
10104,6043,108,2024-01-13,Returned,Store Financing,0.0
10105,5418,101,2024-01-13,Completed,Apple Pay,14.99
10106,5418,101,2024-01-13,Completed,Bank Transfer,9.99
10107,6265,105,2024-01-13,Returned,Bank Transfer,0.0
10108,5372,101,2024-01-13,Completed,PayPal,24.99
10109,6169,108,2024-01-13,Completed,PayPal,0.0
10110,5589,101,2024-01-13,Returned,Credit Card,9.99
10111,6005,101,2024-01-14,Completed,Bank Transfer,0.0
10112,5875,101,2024-01-14,Returned,Apple Pay,9.99
10113,6175,106,2024-01-14,Completed,PayPal,0.0
10114,5224,105,2024-01-14,Completed,Bank Transfer,0.0
10115,5466,101,2024-01-14,Completed,Store Financing,24.99
10116,5363,101,2024-01-14,Completed,Store Financing,14.99
10117,6119,103,2024-01-14,Returned,Apple Pay,0.0
10118,6167,101,2024-01-14,Completed,Bank Transfer,24.99
10119,6133,105,2024-01-15,Completed,PayPal,0.0
10120,6141,102,2024-01-15,Completed,Apple Pay,0.0
10121,5694,108,2024-01-15,Completed,Credit Card,0.0
10122,5098,101,2024-01-15,Completed,PayPal,9.99
10123,5850,102,2024-01-15,Completed,Credit Card,0.0
10124,5201,105,2024-01-15,Completed,PayPal,0.0
10125,6490,101,2024-01-15,Completed,Store Financing,9.99
10126,5959,101,2024-01-15,Completed,Bank Transfer,9.99
10127,5928,104,2024-01-16,Completed,PayPal,0.0
10128,5784,101,2024-01-16,Completed,Store Financing,0.0
10129,5421,103,2024-01-16,Completed,Apple Pay,0.0
10130,5641,101,2024-01-16,Completed,Credit Card,14.99
10131,6227,104,2024-01-16,Completed,Store Financing,0.0
10132,6119,103,2024-01-16,Completed,Credit Card,0.0
10133,5826,101,2024-01-16,Completed,Store Financing,9.99
10134,6014,101,2024-01-16,Returned,Bank Transfer,14.99
10135,6441,105,2024-01-17,Completed,Credit Card,0.0
10136,5229,101,2024-01-17,Completed,Apple Pay,24.99
10137,6472,108,2024-01-17,Completed,Bank Transfer,0.0
10138,5071,105,2024-01-17,Completed,Bank Transfer,0.0
10139,6453,101,2024-01-17,Completed,Credit Card,24.99
10140,5077,101,2024-01-17,Completed,Apple Pay,9.99
10141,5482,101,2024-01-17,Completed,Bank Transfer,24.99
10142,5751,102,2024-01-17,Returned,Bank Transfer,0.0
10143,5425,102,2024-01-17,Completed,Credit Card,0.0
10144,5355,108,2024-01-17,Completed,Store Financing,0.0
10145,5421,101,2024-01-18,Completed,PayPal,14.99
10146,5897,103,2024-01-18,Completed,Credit Card,0.0
10147,5482,101,2024-01-18,Completed,Apple Pay,14.99
10148,5021,101,2024-01-18,Completed,Store Financing,9.99
10149,5063,101,2024-01-18,Completed,Bank Transfer,0.0
10150,5505,102,2024-01-18,Returned,PayPal,0.0
10151,5751,101,2024-01-18,Completed,Store Financing,0.0
10152,5215,101,2024-01-18,Completed,Credit Card,14.99
10153,6229,101,2024-01-18,Completed,Bank Transfer,24.99
10154,5587,101,2024-01-18,Completed,Store Financing,0.0
10155,5025,101,2024-01-18,Completed,Store Financing,0.0
10156,6341,101,2024-01-19,Completed,Apple Pay,0.0
10157,6215,104,2024-01-19,Completed,Store Financing,0.0
10158,5577,101,2024-01-19,Completed,Bank Transfer,9.99
10159,5065,101,2024-01-19,Completed,Credit Card,14.99
10160,5986,101,2024-01-19,Completed,Store Financing,9.99
10161,5875,101,2024-01-19,Completed,PayPal,24.99
10162,6331,103,2024-01-19,Completed,Store Financing,0.0
10163,5318,107,2024-01-20,Completed,Credit Card,0.0
10164,5385,101,2024-01-20,Completed,Apple Pay,24.99
10165,6021,105,2024-01-20,Completed,Store Financing,0.0
10166,6453,102,2024-01-20,Completed,Bank Transfer,0.0
10167,5277,101,2024-01-20,Completed,PayPal,9.99
10168,6035,101,2024-01-20,Returned,PayPal,14.99
10169,6208,101,2024-01-20,Completed,Credit Card,9.99
10170,6498,107,2024-01-20,Completed,Credit Card,0.0
10171,5063,103,2024-01-20,Completed,Credit Card,0.0
10172,5869,101,2024-01-20,Completed,Credit Card,24.99
10173,6281,101,2024-01-20,Completed,Credit Card,14.99
10174,5860,104,2024-01-20,Cancelled,Store Financing,0.0
10175,6050,101,2024-01-20,Completed,PayPal,0.0
10176,5334,103,2024-01-21,Completed,Credit Card,0.0
10177,5614,101,2024-01-21,Completed,PayPal,0.0
10178,5013,103,2024-01-21,Completed,Credit Card,0.0
10179,5201,105,2024-01-21,Completed,Credit Card,0.0
10180,6285,105,2024-01-21,Completed,Apple Pay,0.0
10181,6172,107,2024-01-21,Completed,Apple Pay,0.0
10182,6435,101,2024-01-21,Completed,Bank Transfer,14.99
10183,5658,101,2024-01-21,Completed,Apple Pay,9.99
10184,5775,101,2024-01-21,Completed,Apple Pay,9.99
10185,5716,101,2024-01-21,Completed,Store Financing,9.99
10186,6043,107,2024-01-21,Completed,PayPal,0.0
10187,5589,101,2024-01-21,Completed,Apple Pay,24.99
10188,6423,101,2024-01-21,Completed,Apple Pay,24.99
10189,6343,102,2024-01-22,Completed,Credit Card,0.0
10190,6010,102,2024-01-22,Completed,Bank Transfer,0.0
10191,6156,107,2024-01-22,Completed,Credit Card,0.0
10192,5225,101,2024-01-22,Completed,Bank Transfer,9.99
10193,5915,101,2024-01-22,Completed,Apple Pay,24.99
10194,5418,102,2024-01-22,Completed,Apple Pay,0.0
10195,6171,101,2024-01-22,Completed,Bank Transfer,9.99
10196,5645,104,2024-01-22,Completed,Store Financing,0.0
10197,5038,101,2024-01-22,Completed,PayPal,14.99
10198,5077,101,2024-01-22,Returned,Store Financing,24.99
10199,5105,101,2024-01-22,Completed,Apple Pay,0.0
10200,5201,106,2024-01-23,Completed,PayPal,0.0
10201,5138,108,2024-01-23,Completed,PayPal,0.0
10202,6131,102,2024-01-23,Completed,Bank Transfer,0.0
10203,5635,106,2024-01-23,Completed,Credit Card,0.0
10204,5045,101,2024-01-23,Completed,PayPal,14.99
10205,6016,106,2024-01-23,Completed,PayPal,0.0
10206,5071,101,2024-01-23,Completed,Bank Transfer,24.99
10207,5170,101,2024-01-23,Completed,Apple Pay,14.99
10208,5579,101,2024-01-24,Completed,PayPal,14.99
10209,6050,101,2024-01-24,Completed,Credit Card,24.99
10210,5920,101,2024-01-24,Completed,Apple Pay,14.99
10211,6043,108,2024-01-24,Completed,PayPal,0.0
10212,5587,101,2024-01-24,Completed,Apple Pay,24.99
10213,6175,105,2024-01-24,Completed,PayPal,0.0
10214,5321,103,2024-01-24,Completed,Store Financing,0.0
10215,6086,101,2024-01-25,Completed,PayPal,9.99
10216,5225,108,2024-01-25,Completed,Apple Pay,0.0
10217,6429,101,2024-01-25,Cancelled,PayPal,0.0
10218,5363,101,2024-01-25,Completed,Store Financing,24.99
10219,5007,101,2024-01-25,Completed,Store Financing,24.99
10220,6281,102,2024-01-25,Completed,PayPal,0.0
10221,6170,102,2024-01-25,Completed,PayPal,0.0
10222,5786,101,2024-01-25,Completed,Apple Pay,9.99
10223,5021,101,2024-01-25,Completed,Store Financing,24.99
10224,5046,101,2024-01-26,Completed,Bank Transfer,14.99
10225,6491,101,2024-01-26,Completed,Apple Pay,0.0
10226,6262,101,2024-01-26,Cancelled,PayPal,24.99
10227,5077,101,2024-01-26,Completed,PayPal,0.0
10228,5509,101,2024-01-26,Completed,PayPal,24.99
10229,5464,101,2024-01-26,Completed,Store Financing,9.99
10230,5783,104,2024-01-26,Completed,Apple Pay,0.0
10231,5014,108,2024-01-26,Completed,Apple Pay,0.0
10232,5162,101,2024-01-26,Completed,Credit Card,14.99
10233,6131,101,2024-01-26,Completed,Store Financing,0.0
10234,5860,101,2024-01-26,Completed,Store Financing,24.99
10235,5912,103,2024-01-27,Cancelled,Credit Card,0.0
10236,5898,105,2024-01-27,Completed,Apple Pay,0.0
10237,6268,101,2024-01-27,Completed,PayPal,9.99
10238,5159,106,2024-01-27,Completed,Bank Transfer,0.0
10239,5100,101,2024-01-27,Completed,PayPal,24.99
10240,6119,101,2024-01-27,Completed,PayPal,24.99
10241,5224,105,2024-01-27,Completed,Store Financing,0.0
10242,5641,101,2024-01-27,Completed,Store Financing,24.99
10243,6357,106,2024-01-28,Completed,Store Financing,0.0
10244,6011,107,2024-01-28,Completed,PayPal,0.0
10245,5577,106,2024-01-28,Completed,Bank Transfer,0.0
10246,5597,102,2024-01-28,Completed,Apple Pay,0.0
10247,5544,104,2024-01-28,Completed,Credit Card,0.0
10248,5063,101,2024-01-28,Completed,Credit Card,24.99
10249,6230,102,2024-01-28,Completed,Credit Card,0.0
10250,6191,104,2024-01-28,Completed,Bank Transfer,0.0
10251,5594,103,2024-01-28,Completed,PayPal,0.0
10252,5025,104,2024-01-29,Cancelled,Bank Transfer,0.0
10253,5201,106,2024-01-29,Returned,Credit Card,0.0
10254,6137,101,2024-01-29,Completed,Apple Pay,9.99
10255,5372,101,2024-01-29,Completed,Credit Card,0.0
10256,6011,101,2024-01-29,Completed,Apple Pay,0.0
10257,6020,104,2024-01-29,Completed,PayPal,0.0
10258,5625,104,2024-01-29,Completed,Store Financing,0.0
10259,6381,101,2024-01-29,Completed,Apple Pay,0.0
10260,5318,101,2024-01-29,Completed,Credit Card,14.99
10261,5229,105,2024-01-29,Returned,PayPal,0.0
10262,5138,101,2024-01-29,Completed,Apple Pay,24.99
10263,6429,101,2024-01-30,Completed,PayPal,9.99
10264,5915,103,2024-01-30,Completed,Bank Transfer,0.0
10265,6263,101,2024-01-30,Completed,Bank Transfer,0.0
10266,5571,101,2024-01-30,Completed,PayPal,9.99
10267,5138,107,2024-01-30,Completed,Credit Card,0.0
10268,5379,101,2024-01-30,Completed,Apple Pay,9.99
10269,5529,101,2024-01-31,Completed,Store Financing,0.0
10270,5605,101,2024-01-31,Returned,Apple Pay,0.0
10271,5892,101,2024-01-31,Completed,Credit Card,14.99
10272,6381,101,2024-01-31,Completed,PayPal,9.99
10273,5421,104,2024-01-31,Completed,Apple Pay,0.0
10274,5369,101,2024-01-31,Completed,Credit Card,24.99
10275,6281,102,2024-01-31,Completed,Bank Transfer,0.0
10276,5201,101,2024-01-31,Completed,Apple Pay,24.99
10277,5170,101,2024-02-01,Completed,Credit Card,9.99
10278,6070,101,2024-02-01,Returned,Apple Pay,24.99
10279,5809,101,2024-02-01,Completed,Bank Transfer,9.99
10280,6033,101,2024-02-01,Completed,Apple Pay,14.99
10281,5389,101,2024-02-01,Completed,PayPal,9.99
10282,6011,107,2024-02-01,Completed,Bank Transfer,0.0
10283,6175,101,2024-02-01,Completed,Credit Card,24.99
10284,6124,102,2024-02-01,Completed,PayPal,0.0
10285,5738,101,2024-02-02,Cancelled,Store Financing,14.99
10286,5395,101,2024-02-02,Completed,Apple Pay,14.99
10287,5229,101,2024-02-02,Completed,PayPal,9.99
10288,6137,101,2024-02-02,Completed,Apple Pay,24.99
10289,6090,101,2024-02-02,Completed,Credit Card,9.99
10290,6422,101,2024-02-02,Completed,PayPal,14.99
10291,6326,103,2024-02-03,Completed,Apple Pay,0.0
10292,5225,101,2024-02-03,Completed,PayPal,0.0
10293,6498,101,2024-02-03,Completed,Bank Transfer,9.99
10294,5822,101,2024-02-03,Completed,Bank Transfer,0.0
10295,5859,101,2024-02-03,Completed,Bank Transfer,9.99
10296,6444,103,2024-02-03,Completed,Bank Transfer,0.0
10297,5635,106,2024-02-03,Completed,Credit Card,0.0
10298,5928,103,2024-02-03,Completed,Bank Transfer,0.0
10299,6175,106,2024-02-03,Completed,Apple Pay,0.0
10300,5405,101,2024-02-03,Completed,Store Financing,0.0
10301,5372,101,2024-02-03,Completed,Bank Transfer,24.99
10302,5332,101,2024-02-03,Completed,Bank Transfer,14.99
10303,6107,101,2024-02-03,Completed,Credit Card,14.99
10304,5848,101,2024-02-04,Completed,Credit Card,9.99
10305,5045,101,2024-02-04,Completed,Bank Transfer,0.0
10306,5720,102,2024-02-04,Completed,PayPal,0.0
10307,5606,108,2024-02-04,Completed,Bank Transfer,0.0
10308,5357,101,2024-02-04,Completed,Bank Transfer,24.99
10309,5910,101,2024-02-04,Completed,Store Financing,14.99
10310,5930,101,2024-02-04,Returned,Credit Card,0.0
10311,5754,105,2024-02-05,Completed,Credit Card,0.0
10312,6387,101,2024-02-05,Completed,Store Financing,24.99
10313,6170,102,2024-02-05,Completed,Store Financing,0.0
10314,6090,104,2024-02-05,Completed,Apple Pay,0.0
10315,5576,102,2024-02-05,Completed,Apple Pay,0.0
10316,5848,102,2024-02-05,Completed,PayPal,0.0
10317,5753,101,2024-02-05,Completed,Credit Card,0.0
10318,5235,108,2024-02-05,Completed,PayPal,0.0
10319,6491,101,2024-02-05,Completed,Credit Card,14.99
10320,5482,101,2024-02-05,Completed,Credit Card,9.99
10321,6472,107,2024-02-05,Completed,PayPal,0.0
10322,5706,103,2024-02-05,Completed,Store Financing,0.0
10323,6227,101,2024-02-05,Completed,Apple Pay,0.0
10324,5077,101,2024-02-05,Completed,Bank Transfer,14.99
10325,5006,101,2024-02-06,Completed,Store Financing,0.0
10326,5808,101,2024-02-06,Completed,Credit Card,24.99
10327,5658,101,2024-02-06,Completed,Apple Pay,24.99
10328,5277,103,2024-02-06,Returned,PayPal,0.0
10329,5425,102,2024-02-06,Completed,Credit Card,0.0
10330,5732,101,2024-02-06,Completed,Store Financing,0.0
10331,6016,101,2024-02-06,Completed,Bank Transfer,14.99
10332,5833,101,2024-02-06,Completed,Apple Pay,24.99
10333,6349,102,2024-02-06,Completed,Credit Card,0.0
10334,5201,101,2024-02-06,Completed,PayPal,9.99
10335,5063,101,2024-02-06,Completed,Apple Pay,14.99
10336,5345,104,2024-02-06,Completed,Store Financing,0.0
10337,5577,101,2024-02-06,Completed,Credit Card,9.99
10338,6070,101,2024-02-06,Completed,Credit Card,24.99
10339,5994,108,2024-02-07,Completed,Bank Transfer,0.0
10340,5958,102,2024-02-07,Returned,Credit Card,0.0
10341,5063,103,2024-02-07,Completed,Store Financing,0.0
10342,5577,101,2024-02-07,Cancelled,PayPal,0.0
10343,5986,103,2024-02-07,Completed,Apple Pay,0.0
10344,5382,101,2024-02-07,Completed,Store Financing,0.0
10345,6349,101,2024-02-07,Completed,Credit Card,24.99
10346,5645,101,2024-02-07,Completed,Store Financing,0.0
10347,5897,101,2024-02-07,Completed,Bank Transfer,24.99
10348,5587,106,2024-02-07,Completed,Store Financing,0.0
10349,5071,101,2024-02-07,Completed,Credit Card,24.99
10350,6435,101,2024-02-07,Completed,Bank Transfer,9.99
10351,6326,103,2024-02-07,Cancelled,Apple Pay,0.0
10352,6029,101,2024-02-08,Completed,Store Financing,24.99
10353,5597,101,2024-02-08,Completed,Credit Card,14.99
10354,5224,101,2024-02-08,Completed,Bank Transfer,0.0
10355,5087,104,2024-02-08,Completed,PayPal,0.0
10356,6007,101,2024-02-08,Completed,PayPal,0.0
10357,6435,108,2024-02-08,Completed,PayPal,0.0
10358,5087,101,2024-02-08,Completed,PayPal,14.99
10359,6131,102,2024-02-09,Completed,Bank Transfer,0.0
10360,5587,106,2024-02-09,Completed,PayPal,0.0
10361,6073,101,2024-02-09,Returned,Bank Transfer,0.0
10362,5466,103,2024-02-09,Completed,Apple Pay,0.0
10363,5658,101,2024-02-09,Completed,PayPal,14.99
10364,5045,101,2024-02-09,Completed,Store Financing,14.99
10365,6016,105,2024-02-09,Returned,Credit Card,0.0
10366,5225,101,2024-02-09,Completed,Credit Card,14.99
10367,6357,101,2024-02-09,Completed,Store Financing,24.99
10368,5229,101,2024-02-09,Completed,PayPal,24.99
10369,6119,101,2024-02-09,Completed,Credit Card,9.99
10370,6429,102,2024-02-10,Completed,PayPal,0.0
10371,5838,108,2024-02-10,Completed,Apple Pay,0.0
10372,6381,101,2024-02-10,Completed,Bank Transfer,0.0
10373,6170,101,2024-02-10,Completed,Credit Card,14.99
10374,5605,102,2024-02-10,Completed,Bank Transfer,0.0
10375,6444,103,2024-02-10,Completed,Store Financing,0.0
10376,6281,102,2024-02-10,Completed,Apple Pay,0.0
10377,5869,101,2024-02-10,Completed,Credit Card,9.99
10378,5604,102,2024-02-10,Completed,Bank Transfer,0.0
10379,5349,101,2024-02-11,Completed,Store Financing,9.99
10380,5366,102,2024-02-11,Completed,Bank Transfer,0.0
10381,5224,101,2024-02-11,Completed,Credit Card,24.99
10382,6054,102,2024-02-11,Returned,Bank Transfer,0.0
10383,5675,101,2024-02-11,Completed,Credit Card,14.99
10384,5025,101,2024-02-11,Completed,PayPal,9.99
10385,5225,108,2024-02-11,Completed,Store Financing,0.0
10386,5706,101,2024-02-11,Completed,Apple Pay,24.99
10387,5771,101,2024-02-11,Completed,Store Financing,0.0
10388,5100,101,2024-02-11,Completed,Store Financing,0.0
10389,5658,102,2024-02-11,Completed,Credit Card,0.0
10390,6172,101,2024-02-11,Completed,Bank Transfer,24.99
10391,6350,104,2024-02-11,Completed,Bank Transfer,0.0
10392,5720,102,2024-02-11,Completed,Apple Pay,0.0
10393,5457,101,2024-02-11,Returned,Bank Transfer,14.99
10394,6119,101,2024-02-11,Completed,Credit Card,24.99
10395,5065,101,2024-02-12,Completed,Store Financing,9.99
10396,5896,101,2024-02-12,Completed,Store Financing,24.99
10397,6119,104,2024-02-12,Completed,Credit Card,0.0
10398,5104,101,2024-02-12,Completed,Store Financing,9.99
10399,5162,107,2024-02-12,Completed,Credit Card,0.0
10400,5595,101,2024-02-12,Completed,Store Financing,14.99
10401,5185,101,2024-02-12,Completed,PayPal,0.0
10402,5234,101,2024-02-12,Completed,PayPal,24.99
10403,5627,102,2024-02-13,Completed,PayPal,0.0
10404,6281,101,2024-02-13,Completed,Store Financing,14.99
10405,5025,101,2024-02-13,Completed,Apple Pay,14.99
10406,5332,102,2024-02-13,Completed,Apple Pay,0.0
10407,5178,101,2024-02-13,Completed,Store Financing,9.99
10408,5385,101,2024-02-13,Completed,Credit Card,0.0
10409,5996,101,2024-02-13,Completed,Credit Card,9.99
10410,6200,101,2024-02-14,Completed,PayPal,0.0
10411,5394,101,2024-02-14,Completed,Store Financing,24.99
10412,6461,107,2024-02-14,Completed,PayPal,0.0
10413,6444,101,2024-02-14,Completed,Credit Card,0.0
10414,5741,101,2024-02-14,Completed,Bank Transfer,0.0
10415,5271,101,2024-02-14,Completed,Bank Transfer,0.0
10416,5046,101,2024-02-15,Completed,Apple Pay,0.0
10417,5875,101,2024-02-15,Returned,Store Financing,24.99
10418,6004,102,2024-02-15,Completed,Credit Card,0.0
10419,5892,101,2024-02-15,Completed,Credit Card,14.99
10420,5751,101,2024-02-15,Completed,Bank Transfer,24.99
10421,6387,106,2024-02-15,Completed,Apple Pay,0.0
10422,6172,108,2024-02-15,Cancelled,Apple Pay,0.0
10423,5809,101,2024-02-15,Completed,Store Financing,24.99
10424,5750,101,2024-02-15,Completed,Apple Pay,24.99
10425,5328,101,2024-02-15,Completed,Apple Pay,9.99
10426,5077,102,2024-02-15,Completed,Credit Card,0.0
10427,5694,101,2024-02-15,Completed,Bank Transfer,24.99
10428,5645,103,2024-02-15,Completed,Bank Transfer,0.0
10429,5173,106,2024-02-15,Completed,Credit Card,0.0
10430,5224,101,2024-02-16,Completed,Credit Card,9.99
10431,5649,104,2024-02-16,Completed,Apple Pay,0.0
10432,5224,101,2024-02-16,Completed,Store Financing,0.0
10433,5505,102,2024-02-16,Completed,Bank Transfer,0.0
10434,5587,106,2024-02-16,Completed,PayPal,0.0
10435,5225,101,2024-02-16,Completed,Credit Card,9.99
10436,6435,101,2024-02-16,Completed,Store Financing,14.99
10437,5860,101,2024-02-16,Completed,Credit Card,9.99
10438,5354,107,2024-02-16,Completed,Store Financing,0.0
10439,5958,102,2024-02-16,Completed,Apple Pay,0.0
10440,5645,101,2024-02-17,Completed,Store Financing,0.0
10441,6429,102,2024-02-17,Completed,Bank Transfer,0.0
10442,5582,101,2024-02-17,Completed,Store Financing,24.99
10443,5443,101,2024-02-17,Completed,Bank Transfer,14.99
10444,6349,102,2024-02-17,Completed,Bank Transfer,0.0
10445,5111,102,2024-02-17,Completed,Apple Pay,0.0
10446,5508,107,2024-02-17,Completed,Bank Transfer,0.0
10447,5370,108,2024-02-17,Completed,Apple Pay,0.0
10448,5456,101,2024-02-17,Returned,Credit Card,24.99
10449,6010,101,2024-02-17,Completed,Store Financing,24.99
10450,5162,108,2024-02-17,Completed,Bank Transfer,0.0
10451,5915,101,2024-02-17,Completed,Store Financing,9.99
10452,6069,106,2024-02-17,Returned,Credit Card,0.0
10453,6021,101,2024-02-17,Completed,Store Financing,14.99
10454,5077,102,2024-02-17,Completed,Apple Pay,0.0
10455,6029,102,2024-02-17,Completed,Apple Pay,0.0
10456,6258,101,2024-02-18,Returned,Credit Card,24.99
10457,5087,101,2024-02-18,Completed,PayPal,24.99
10458,5201,101,2024-02-18,Completed,Credit Card,24.99
10459,5271,108,2024-02-18,Returned,Credit Card,0.0
10460,6435,107,2024-02-18,Completed,Bank Transfer,0.0
10461,6491,101,2024-02-18,Completed,Credit Card,0.0
10462,5395,101,2024-02-18,Completed,Apple Pay,14.99
10463,5822,102,2024-02-18,Completed,Apple Pay,0.0
10464,6169,108,2024-02-18,Completed,Store Financing,0.0
10465,6090,101,2024-02-18,Cancelled,Store Financing,9.99
10466,6119,104,2024-02-19,Completed,PayPal,0.0
10467,5587,101,2024-02-19,Completed,Credit Card,0.0
10468,5363,101,2024-02-19,Completed,Bank Transfer,24.99
10469,5372,101,2024-02-19,Completed,PayPal,14.99
10470,6374,106,2024-02-19,Completed,Credit Card,0.0
10471,6227,101,2024-02-19,Completed,PayPal,0.0
10472,5986,101,2024-02-19,Completed,Credit Card,14.99
10473,5875,108,2024-02-19,Completed,Credit Card,0.0
10474,5225,101,2024-02-19,Completed,PayPal,14.99
10475,5343,102,2024-02-19,Completed,Store Financing,0.0
10476,5850,102,2024-02-19,Completed,PayPal,0.0
10477,5152,101,2024-02-19,Completed,Store Financing,24.99
10478,6480,106,2024-02-19,Completed,Credit Card,0.0
10479,6491,101,2024-02-19,Completed,Bank Transfer,24.99
10480,5852,101,2024-02-20,Returned,Store Financing,24.99
10481,6227,101,2024-02-20,Completed,Bank Transfer,9.99
10482,5251,101,2024-02-20,Completed,PayPal,9.99
10483,5018,104,2024-02-20,Completed,Apple Pay,0.0
10484,6484,108,2024-02-20,Completed,Credit Card,0.0
10485,5831,101,2024-02-20,Completed,Apple Pay,24.99
10486,5007,101,2024-02-20,Completed,PayPal,14.99
10487,6441,101,2024-02-20,Completed,Bank Transfer,9.99
10488,6357,101,2024-02-20,Completed,Store Financing,14.99
10489,5577,101,2024-02-20,Completed,Credit Card,0.0
10490,5208,103,2024-02-20,Cancelled,Credit Card,0.0
10491,5087,103,2024-02-20,Returned,Store Financing,0.0
10492,5675,101,2024-02-20,Completed,Bank Transfer,14.99
10493,5505,101,2024-02-20,Completed,Bank Transfer,14.99
10494,6285,105,2024-02-21,Cancelled,PayPal,0.0
10495,5615,101,2024-02-21,Completed,PayPal,9.99
10496,5200,104,2024-02-21,Completed,Bank Transfer,0.0
10497,5369,101,2024-02-21,Completed,PayPal,14.99
10498,6453,102,2024-02-21,Completed,PayPal,0.0
10499,6169,101,2024-02-21,Completed,Apple Pay,14.99
10500,5622,102,2024-02-21,Completed,Bank Transfer,0.0
10501,6093,101,2024-02-21,Completed,Store Financing,0.0
10502,6454,101,2024-02-21,Completed,PayPal,0.0
10503,6033,107,2024-02-22,Completed,Store Financing,0.0
10504,5100,106,2024-02-22,Completed,Bank Transfer,0.0
10505,5235,101,2024-02-22,Completed,PayPal,9.99
10506,5001,101,2024-02-22,Completed,Credit Card,0.0
10507,5100,101,2024-02-22,Completed,Credit Card,9.99
10508,5201,101,2024-02-22,Completed,Apple Pay,0.0
10509,5636,108,2024-02-22,Completed,Bank Transfer,0.0
10510,5459,101,2024-02-22,Completed,Store Financing,0.0
10511,6175,101,2024-02-22,Completed,Store Financing,14.99
10512,5850,102,2024-02-22,Completed,PayPal,0.0
10513,5002,101,2024-02-23,Completed,Credit Card,0.0
10514,5744,101,2024-02-23,Completed,Credit Card,9.99
10515,5587,101,2024-02-23,Completed,Bank Transfer,0.0
10516,6262,104,2024-02-23,Completed,PayPal,0.0
10517,5224,106,2024-02-23,Completed,Bank Transfer,0.0
10518,5482,102,2024-02-23,Completed,Store Financing,0.0
10519,6175,101,2024-02-24,Completed,Store Financing,0.0
10520,6326,103,2024-02-24,Completed,Store Financing,0.0
10521,5209,102,2024-02-24,Completed,Store Financing,0.0
10522,5577,101,2024-02-24,Completed,Bank Transfer,0.0
10523,5775,101,2024-02-24,Completed,Credit Card,0.0
10524,5087,104,2024-02-24,Completed,Bank Transfer,0.0
10525,5679,105,2024-02-24,Completed,Store Financing,0.0
10526,5683,101,2024-02-24,Completed,PayPal,9.99
10527,5025,101,2024-02-24,Completed,Bank Transfer,0.0
10528,6016,105,2024-02-25,Completed,PayPal,0.0
10529,6094,101,2024-02-25,Completed,PayPal,14.99
10530,6093,101,2024-02-25,Completed,Credit Card,14.99
10531,5185,101,2024-02-25,Completed,PayPal,9.99
10532,5958,102,2024-02-25,Completed,Bank Transfer,0.0
10533,6484,108,2024-02-25,Completed,Store Financing,0.0
10534,5392,101,2024-02-25,Completed,Store Financing,0.0
10535,5672,104,2024-02-26,Completed,Credit Card,0.0
10536,6125,101,2024-02-26,Completed,PayPal,24.99
10537,6343,101,2024-02-26,Completed,PayPal,24.99
10538,5587,101,2024-02-26,Completed,PayPal,14.99
10539,6033,107,2024-02-26,Completed,Store Financing,0.0
10540,6429,102,2024-02-26,Completed,PayPal,0.0
10541,5100,106,2024-02-26,Completed,Apple Pay,0.0
10542,5754,101,2024-02-26,Completed,Apple Pay,24.99
10543,5597,102,2024-02-26,Completed,Bank Transfer,0.0
10544,5571,102,2024-02-26,Returned,Apple Pay,0.0
10545,5438,101,2024-02-26,Completed,Apple Pay,0.0
10546,5418,101,2024-02-26,Completed,PayPal,24.99
10547,5017,105,2024-02-27,Cancelled,Apple Pay,0.0
10548,6303,101,2024-02-27,Completed,Apple Pay,9.99
10549,5389,107,2024-02-27,Completed,Credit Card,0.0
10550,5349,101,2024-02-27,Completed,Bank Transfer,14.99
10551,6171,101,2024-02-27,Completed,Store Financing,24.99
10552,5869,107,2024-02-27,Completed,Credit Card,0.0
10553,5170,101,2024-02-27,Completed,Store Financing,14.99
10554,5235,107,2024-02-27,Returned,Apple Pay,0.0
10555,5173,106,2024-02-27,Completed,PayPal,0.0
10556,5033,101,2024-02-28,Completed,Bank Transfer,14.99
10557,5433,102,2024-02-28,Completed,PayPal,0.0
10558,6472,107,2024-02-28,Completed,PayPal,0.0
10559,6033,107,2024-02-28,Completed,Apple Pay,0.0
10560,5173,106,2024-02-28,Completed,PayPal,0.0
10561,6396,101,2024-02-28,Completed,PayPal,24.99
10562,6142,101,2024-02-28,Completed,Bank Transfer,9.99
10563,5786,104,2024-02-28,Completed,Store Financing,0.0
10564,5941,101,2024-02-28,Returned,PayPal,9.99
10565,5104,102,2024-02-28,Completed,PayPal,0.0
10566,6498,107,2024-02-28,Completed,Apple Pay,0.0
10567,6381,104,2024-02-28,Completed,Credit Card,0.0
10568,5335,101,2024-02-29,Completed,Store Financing,9.99
10569,5834,101,2024-02-29,Completed,Credit Card,9.99
10570,5438,108,2024-02-29,Completed,PayPal,0.0
10571,5173,105,2024-02-29,Completed,Store Financing,0.0
10572,5837,104,2024-02-29,Completed,Bank Transfer,0.0
10573,5215,107,2024-02-29,Completed,Store Financing,0.0
10574,6337,101,2024-02-29,Completed,Apple Pay,9.99
10575,5087,101,2024-02-29,Completed,Bank Transfer,14.99
10576,6171,101,2024-02-29,Completed,Credit Card,14.99
10577,5229,101,2024-02-29,Completed,Credit Card,9.99
10578,6010,101,2024-02-29,Completed,Store Financing,24.99
10579,5628,101,2024-03-01,Completed,Apple Pay,9.99
10580,5283,108,2024-03-01,Completed,Bank Transfer,0.0
10581,6341,101,2024-03-01,Completed,PayPal,14.99
10582,5630,102,2024-03-01,Completed,Credit Card,0.0
10583,6491,101,2024-03-01,Completed,Apple Pay,14.99
10584,5371,107,2024-03-01,Completed,PayPal,0.0
10585,5502,105,2024-03-01,Completed,Credit Card,0.0
10586,5998,108,2024-03-02,Completed,Store Financing,0.0
10587,6326,103,2024-03-02,Completed,Credit Card,0.0
10588,5869,107,2024-03-02,Completed,PayPal,0.0
10589,6435,101,2024-03-02,Completed,Apple Pay,24.99
10590,5138,107,2024-03-02,Returned,Bank Transfer,0.0
10591,5225,101,2024-03-02,Completed,Apple Pay,24.99
10592,6472,101,2024-03-02,Completed,PayPal,14.99
10593,6498,101,2024-03-02,Completed,Credit Card,0.0
10594,6141,102,2024-03-02,Completed,Bank Transfer,0.0
10595,5658,101,2024-03-02,Completed,Credit Card,24.99
10596,5077,102,2024-03-02,Completed,Apple Pay,0.0
10597,5234,101,2024-03-02,Completed,PayPal,14.99
10598,6283,102,2024-03-02,Completed,PayPal,0.0
10599,6142,101,2024-03-02,Completed,Credit Card,9.99
10600,5732,101,2024-03-02,Completed,Store Financing,24.99
10601,5456,106,2024-03-02,Completed,Apple Pay,0.0
10602,5076,103,2024-03-03,Completed,Bank Transfer,0.0
10603,6441,105,2024-03-03,Completed,PayPal,0.0
10604,5234,101,2024-03-03,Completed,Store Financing,14.99
10605,5345,101,2024-03-03,Completed,PayPal,14.99
10606,5869,108,2024-03-03,Completed,Bank Transfer,0.0
10607,6170,101,2024-03-03,Completed,PayPal,9.99
10608,6210,101,2024-03-03,Completed,PayPal,14.99
10609,5229,101,2024-03-03,Completed,Bank Transfer,14.99
10610,5038,105,2024-03-03,Completed,Store Financing,0.0
10611,5390,101,2024-03-03,Completed,Store Financing,14.99
10612,6033,108,2024-03-04,Completed,Bank Transfer,0.0
10613,6210,101,2024-03-04,Completed,Store Financing,14.99
10614,5290,101,2024-03-04,Completed,PayPal,24.99
10615,5423,104,2024-03-04,Completed,PayPal,0.0
10616,5456,101,2024-03-04,Completed,Store Financing,14.99
10617,6326,101,2024-03-04,Completed,Apple Pay,24.99
10618,5349,107,2024-03-05,Completed,Bank Transfer,0.0
10619,5363,103,2024-03-05,Completed,Bank Transfer,0.0
10620,6016,105,2024-03-05,Completed,Apple Pay,0.0
10621,6207,101,2024-03-05,Cancelled,Apple Pay,0.0
10622,6004,101,2024-03-05,Completed,Apple Pay,14.99
10623,5229,106,2024-03-05,Completed,Store Financing,0.0
10624,5941,101,2024-03-05,Completed,PayPal,0.0
10625,5427,101,2024-03-05,Completed,Apple Pay,9.99
10626,6167,102,2024-03-05,Completed,Store Financing,0.0
10627,5235,101,2024-03-05,Completed,Credit Card,0.0
10628,5635,105,2024-03-05,Completed,Credit Card,0.0
10629,5092,101,2024-03-05,Completed,Credit Card,0.0
10630,6339,103,2024-03-06,Completed,Store Financing,0.0
10631,6357,101,2024-03-06,Completed,PayPal,24.99
10632,5831,102,2024-03-06,Completed,Store Financing,0.0
10633,5002,101,2024-03-06,Cancelled,PayPal,9.99
10634,5547,103,2024-03-06,Completed,PayPal,0.0
10635,6033,108,2024-03-06,Returned,Store Financing,0.0
10636,6422,101,2024-03-06,Completed,Bank Transfer,0.0
10637,6247,101,2024-03-06,Returned,Store Financing,9.99
10638,5930,102,2024-03-06,Completed,Store Financing,0.0
10639,5860,103,2024-03-07,Completed,Apple Pay,0.0
10640,5117,101,2024-03-07,Completed,Bank Transfer,24.99
10641,5481,101,2024-03-07,Completed,Bank Transfer,14.99
10642,5298,106,2024-03-07,Completed,Store Financing,0.0
10643,5932,101,2024-03-07,Completed,Bank Transfer,0.0
10644,5892,101,2024-03-07,Completed,Store Financing,0.0
10645,6341,101,2024-03-07,Completed,Apple Pay,14.99
10646,5229,105,2024-03-07,Completed,Credit Card,0.0
10647,5490,101,2024-03-07,Completed,Store Financing,14.99
10648,5910,101,2024-03-07,Completed,Credit Card,14.99
10649,6016,101,2024-03-07,Returned,Apple Pay,24.99
10650,6481,107,2024-03-08,Completed,PayPal,0.0
10651,6011,101,2024-03-08,Returned,Apple Pay,9.99
10652,6349,102,2024-03-08,Completed,Credit Card,0.0
10653,5427,106,2024-03-08,Completed,PayPal,0.0
10654,5658,102,2024-03-08,Completed,Apple Pay,0.0
10655,5067,101,2024-03-08,Completed,Store Financing,14.99
10656,6137,107,2024-03-08,Completed,Apple Pay,0.0
10657,6386,107,2024-03-08,Completed,Bank Transfer,0.0
10658,6381,103,2024-03-08,Returned,Store Financing,0.0
10659,6010,101,2024-03-08,Completed,Bank Transfer,9.99
10660,5808,103,2024-03-08,Completed,Apple Pay,0.0
10661,5225,101,2024-03-08,Completed,Bank Transfer,0.0
10662,6326,103,2024-03-08,Completed,Bank Transfer,0.0
10663,6141,101,2024-03-09,Completed,Apple Pay,24.99
10664,5986,101,2024-03-09,Completed,Bank Transfer,0.0
10665,5544,103,2024-03-09,Completed,PayPal,0.0
10666,5209,101,2024-03-09,Completed,Bank Transfer,24.99
10667,5638,101,2024-03-09,Completed,PayPal,0.0
10668,5786,101,2024-03-09,Completed,PayPal,24.99
10669,6110,101,2024-03-09,Completed,Store Financing,24.99
10670,6093,101,2024-03-09,Completed,Bank Transfer,14.99
10671,5162,101,2024-03-09,Completed,PayPal,0.0
10672,6172,101,2024-03-09,Completed,PayPal,14.99
10673,5869,101,2024-03-10,Completed,Bank Transfer,0.0
10674,5638,102,2024-03-10,Completed,Apple Pay,0.0
10675,5840,101,2024-03-10,Completed,Store Financing,0.0
10676,6326,103,2024-03-10,Completed,Store Financing,0.0
10677,6217,101,2024-03-10,Completed,Apple Pay,0.0
10678,6339,101,2024-03-10,Completed,Apple Pay,9.99
10679,5481,101,2024-03-10,Completed,Bank Transfer,0.0
10680,6048,101,2024-03-10,Completed,Apple Pay,14.99
10681,5529,101,2024-03-10,Completed,Credit Card,0.0
10682,5775,101,2024-03-10,Completed,Store Financing,0.0
10683,6441,101,2024-03-10,Completed,Credit Card,0.0
10684,6107,101,2024-03-10,Returned,Store Financing,9.99
10685,6247,101,2024-03-10,Completed,PayPal,14.99
10686,5067,101,2024-03-10,Completed,Credit Card,9.99
10687,5209,101,2024-03-10,Completed,PayPal,14.99
10688,6210,101,2024-03-11,Completed,Apple Pay,14.99
10689,6021,101,2024-03-11,Completed,Bank Transfer,0.0
10690,5087,101,2024-03-11,Completed,Bank Transfer,0.0
10691,6348,101,2024-03-11,Completed,Bank Transfer,14.99
10692,5954,102,2024-03-11,Completed,PayPal,0.0
10693,6033,101,2024-03-11,Completed,Apple Pay,24.99
10694,6455,101,2024-03-11,Completed,Store Financing,0.0
10695,5822,102,2024-03-12,Completed,Credit Card,0.0
10696,5643,101,2024-03-12,Completed,Bank Transfer,9.99
10697,6118,101,2024-03-12,Completed,PayPal,9.99
10698,6461,101,2024-03-12,Completed,Apple Pay,0.0
10699,5335,101,2024-03-12,Completed,Bank Transfer,14.99
10700,5346,103,2024-03-12,Completed,Bank Transfer,0.0
10701,5601,101,2024-03-12,Completed,Apple Pay,9.99
10702,6137,107,2024-03-12,Completed,Credit Card,0.0
10703,5645,101,2024-03-12,Completed,Store Financing,9.99
10704,5070,107,2024-03-13,Completed,PayPal,0.0
10705,6429,101,2024-03-13,Completed,Credit Card,0.0
10706,6171,101,2024-03-13,Completed,Store Financing,9.99
10707,5040,101,2024-03-13,Completed,Store Financing,0.0
10708,5508,108,2024-03-13,Completed,Apple Pay,0.0
10709,6175,101,2024-03-13,Completed,Apple Pay,14.99
10710,5587,101,2024-03-13,Completed,PayPal,9.99
10711,6182,101,2024-03-13,Completed,Bank Transfer,14.99
10712,6016,101,2024-03-14,Completed,PayPal,14.99
10713,5625,101,2024-03-14,Completed,Bank Transfer,24.99
10714,5949,101,2024-03-14,Completed,Bank Transfer,9.99
10715,5464,101,2024-03-14,Completed,Apple Pay,9.99
10716,5342,102,2024-03-14,Completed,PayPal,0.0
10717,5188,101,2024-03-14,Returned,Store Financing,14.99
10718,5604,101,2024-03-14,Cancelled,PayPal,24.99
10719,5998,101,2024-03-14,Completed,Bank Transfer,24.99
10720,5892,101,2024-03-14,Completed,Bank Transfer,0.0
10721,5173,105,2024-03-15,Completed,PayPal,0.0
10722,5170,105,2024-03-15,Completed,Bank Transfer,0.0
10723,6175,101,2024-03-15,Completed,Credit Card,0.0
10724,5025,101,2024-03-15,Completed,Bank Transfer,14.99
10725,6453,101,2024-03-15,Completed,Credit Card,0.0
10726,6268,101,2024-03-15,Completed,Store Financing,14.99
10727,5587,101,2024-03-15,Completed,Credit Card,9.99
10728,6381,104,2024-03-16,Completed,Apple Pay,0.0
10729,6029,101,2024-03-16,Completed,PayPal,0.0
10730,5224,101,2024-03-16,Completed,Store Financing,9.99
10731,5208,101,2024-03-16,Completed,Bank Transfer,9.99
10732,5341,101,2024-03-16,Completed,Store Financing,0.0
10733,5645,104,2024-03-16,Completed,Store Financing,0.0
10734,6406,102,2024-03-16,Completed,Credit Card,0.0
10735,5423,103,2024-03-16,Returned,Apple Pay,0.0
10736,5002,101,2024-03-16,Completed,Apple Pay,0.0
10737,6459,101,2024-03-16,Completed,Store Financing,14.99
10738,5589,101,2024-03-16,Completed,Store Financing,24.99
10739,5043,101,2024-03-16,Completed,Apple Pay,9.99
10740,5541,101,2024-03-16,Completed,Store Financing,24.99
10741,6339,104,2024-03-16,Completed,Apple Pay,0.0
10742,5751,102,2024-03-16,Completed,Bank Transfer,0.0
10743,6029,102,2024-03-16,Completed,Apple Pay,0.0
10744,5418,102,2024-03-17,Completed,Credit Card,0.0
10745,6200,102,2024-03-17,Completed,PayPal,0.0
10746,5822,102,2024-03-17,Completed,Bank Transfer,0.0
10747,6498,101,2024-03-17,Completed,Store Financing,0.0
10748,5606,101,2024-03-17,Returned,Apple Pay,0.0
10749,6308,101,2024-03-17,Completed,Credit Card,0.0
10750,5021,101,2024-03-17,Completed,Store Financing,9.99
10751,6262,101,2024-03-17,Completed,Credit Card,24.99
10752,6217,108,2024-03-17,Cancelled,PayPal,0.0
10753,6498,101,2024-03-17,Cancelled,Apple Pay,24.99
10754,5271,101,2024-03-17,Completed,Credit Card,9.99
10755,5229,106,2024-03-17,Completed,PayPal,0.0
10756,6326,104,2024-03-17,Completed,Store Financing,0.0
10757,5459,101,2024-03-17,Completed,Apple Pay,0.0
10758,6010,102,2024-03-17,Completed,PayPal,0.0
10759,5418,102,2024-03-17,Completed,Credit Card,0.0
10760,6171,102,2024-03-18,Completed,Credit Card,0.0
10761,6362,101,2024-03-18,Completed,Apple Pay,24.99
10762,5225,101,2024-03-18,Completed,Apple Pay,0.0
10763,6281,102,2024-03-18,Completed,Bank Transfer,0.0
10764,6050,104,2024-03-18,Completed,Credit Card,0.0
10765,6043,101,2024-03-18,Completed,Apple Pay,9.99
10766,5956,101,2024-03-18,Completed,Store Financing,0.0
10767,6326,104,2024-03-18,Completed,Store Financing,0.0
10768,5875,101,2024-03-18,Completed,Store Financing,14.99
10769,5427,101,2024-03-18,Completed,Store Financing,14.99
10770,6285,106,2024-03-18,Cancelled,Store Financing,0.0
10771,5754,101,2024-03-18,Completed,PayPal,0.0
10772,5342,102,2024-03-18,Returned,PayPal,0.0
10773,5008,101,2024-03-18,Completed,Store Financing,0.0
10774,6498,101,2024-03-19,Completed,Apple Pay,24.99
10775,5892,106,2024-03-19,Completed,Credit Card,0.0
10776,5351,101,2024-03-19,Completed,Credit Card,9.99
10777,5076,101,2024-03-19,Completed,PayPal,9.99
10778,5511,106,2024-03-19,Completed,PayPal,0.0
10779,5579,101,2024-03-19,Completed,Bank Transfer,24.99
10780,5351,101,2024-03-19,Completed,PayPal,9.99
10781,5007,103,2024-03-19,Completed,Apple Pay,0.0
10782,6178,101,2024-03-19,Completed,Credit Card,24.99
10783,6033,108,2024-03-19,Completed,Credit Card,0.0
10784,6441,101,2024-03-19,Completed,Apple Pay,24.99
10785,5928,103,2024-03-19,Completed,Bank Transfer,0.0
10786,5215,101,2024-03-19,Completed,Bank Transfer,14.99
10787,5298,101,2024-03-19,Completed,Store Financing,9.99
10788,5436,101,2024-03-20,Completed,PayPal,24.99
10789,6172,108,2024-03-20,Completed,Credit Card,0.0
10790,6229,107,2024-03-20,Completed,Bank Transfer,0.0
10791,5077,101,2024-03-20,Completed,PayPal,0.0
10792,6247,101,2024-03-20,Completed,Apple Pay,0.0
10793,6088,101,2024-03-20,Cancelled,Credit Card,9.99
10794,5595,101,2024-03-21,Completed,Apple Pay,14.99
10795,5229,106,2024-03-21,Completed,Bank Transfer,0.0
10796,5630,101,2024-03-21,Completed,Apple Pay,14.99
10797,5007,103,2024-03-21,Completed,Store Financing,0.0
10798,5822,101,2024-03-21,Completed,Credit Card,24.99
10799,5541,106,2024-03-21,Completed,Bank Transfer,0.0
10800,6125,102,2024-03-21,Completed,PayPal,0.0
10801,5822,102,2024-03-21,Completed,PayPal,0.0
10802,6004,101,2024-03-21,Completed,Apple Pay,14.99
10803,5138,108,2024-03-22,Completed,PayPal,0.0
10804,5987,101,2024-03-22,Completed,Apple Pay,14.99
10805,5427,101,2024-03-22,Completed,Store Financing,24.99
10806,6016,106,2024-03-22,Completed,Apple Pay,0.0
10807,5066,108,2024-03-22,Completed,Bank Transfer,0.0
10808,6281,102,2024-03-22,Completed,PayPal,0.0
10809,5740,107,2024-03-22,Completed,PayPal,0.0
10810,5892,101,2024-03-22,Completed,Store Financing,9.99
10811,6185,101,2024-03-23,Completed,Store Financing,0.0
10812,5357,105,2024-03-23,Returned,Apple Pay,0.0
10813,5388,102,2024-03-23,Completed,Bank Transfer,0.0
10814,5421,103,2024-03-23,Completed,Apple Pay,0.0
10815,5861,101,2024-03-23,Completed,Store Financing,14.99
10816,5896,105,2024-03-23,Completed,PayPal,0.0
10817,6175,101,2024-03-23,Completed,Store Financing,9.99
10818,5927,104,2024-03-23,Completed,PayPal,0.0
10819,6011,101,2024-03-23,Completed,Store Financing,14.99
10820,5959,108,2024-03-24,Completed,Bank Transfer,0.0
10821,5063,101,2024-03-24,Completed,Store Financing,14.99
10822,5394,101,2024-03-24,Completed,Apple Pay,9.99
10823,5632,102,2024-03-24,Completed,Store Financing,0.0
10824,5087,101,2024-03-24,Completed,Credit Card,14.99
10825,5482,102,2024-03-24,Completed,Store Financing,0.0
10826,5511,106,2024-03-24,Completed,Apple Pay,0.0
10827,5767,101,2024-03-24,Completed,Bank Transfer,14.99
10828,5645,101,2024-03-24,Completed,Apple Pay,24.99
10829,6141,102,2024-03-25,Completed,PayPal,0.0
10830,5603,108,2024-03-25,Completed,PayPal,0.0
10831,6417,101,2024-03-25,Completed,Apple Pay,24.99
10832,6381,104,2024-03-25,Completed,Credit Card,0.0
10833,6175,101,2024-03-25,Completed,Credit Card,0.0
10834,5571,101,2024-03-25,Completed,Store Financing,9.99
10835,5427,106,2024-03-25,Cancelled,Credit Card,0.0
10836,6035,101,2024-03-25,Completed,Store Financing,0.0
10837,5783,101,2024-03-25,Completed,Store Financing,0.0
10838,6228,101,2024-03-25,Completed,Bank Transfer,0.0
10839,6131,102,2024-03-25,Completed,Bank Transfer,0.0
10840,5860,103,2024-03-25,Completed,Store Financing,0.0
10841,5229,105,2024-03-26,Completed,Apple Pay,0.0
10842,5298,101,2024-03-26,Completed,Bank Transfer,9.99
10843,6043,101,2024-03-26,Completed,Credit Card,24.99
10844,5822,101,2024-03-26,Completed,Bank Transfer,0.0
10845,6453,102,2024-03-26,Completed,Bank Transfer,0.0
10846,5346,101,2024-03-26,Completed,Bank Transfer,9.99
10847,6343,101,2024-03-26,Completed,Bank Transfer,0.0
10848,6021,101,2024-03-26,Completed,Apple Pay,14.99
10849,5349,108,2024-03-26,Completed,Store Financing,0.0
10850,5481,101,2024-03-26,Completed,Store Financing,24.99
10851,5351,101,2024-03-27,Completed,Apple Pay,14.99
10852,5178,104,2024-03-27,Completed,Bank Transfer,0.0
10853,5076,103,2024-03-27,Completed,Apple Pay,0.0
10854,6156,107,2024-03-27,Completed,PayPal,0.0
10855,5246,101,2024-03-27,Completed,Credit Card,9.99
10856,6411,108,2024-03-27,Completed,Apple Pay,0.0
10857,6230,102,2024-03-28,Completed,Apple Pay,0.0
10858,6200,101,2024-03-28,Completed,Bank Transfer,14.99
10859,6175,101,2024-03-28,Completed,Store Financing,9.99
10860,5405,108,2024-03-28,Completed,Apple Pay,0.0
10861,5020,107,2024-03-28,Completed,Bank Transfer,0.0
10862,5355,101,2024-03-28,Completed,Apple Pay,24.99
10863,5603,101,2024-03-28,Returned,Apple Pay,9.99
10864,6054,102,2024-03-28,Completed,PayPal,0.0
10865,6281,101,2024-03-28,Completed,Store Financing,24.99
10866,6375,102,2024-03-28,Completed,PayPal,0.0
10867,5834,102,2024-03-28,Completed,Bank Transfer,0.0
10868,5178,103,2024-03-28,Completed,Credit Card,0.0
10869,6336,101,2024-03-28,Completed,Bank Transfer,24.99
10870,5869,107,2024-03-28,Completed,Apple Pay,0.0
10871,6435,108,2024-03-29,Completed,Credit Card,0.0
10872,5632,101,2024-03-29,Completed,Credit Card,9.99
10873,5486,101,2024-03-29,Completed,Store Financing,14.99
10874,5732,103,2024-03-29,Completed,Apple Pay,0.0
10875,6170,102,2024-03-29,Completed,Store Financing,0.0
10876,6011,101,2024-03-29,Completed,Bank Transfer,24.99
10877,6114,102,2024-03-29,Completed,Bank Transfer,0.0
10878,5274,106,2024-03-30,Completed,PayPal,0.0
10879,5357,101,2024-03-30,Completed,Credit Card,14.99
10880,5928,101,2024-03-30,Completed,Bank Transfer,9.99
10881,5087,101,2024-03-30,Completed,Credit Card,9.99
10882,6201,101,2024-03-30,Completed,Bank Transfer,0.0
10883,5757,101,2024-03-30,Completed,Apple Pay,24.99
10884,5509,108,2024-03-30,Completed,Credit Card,0.0
10885,5826,108,2024-03-30,Cancelled,Credit Card,0.0
10886,5098,104,2024-03-30,Completed,Credit Card,0.0
10887,6119,101,2024-03-30,Completed,Bank Transfer,14.99
10888,5136,105,2024-03-30,Completed,Store Financing,0.0
10889,6362,104,2024-03-30,Completed,Credit Card,0.0
10890,5658,101,2024-03-30,Completed,Store Financing,24.99
10891,5372,101,2024-03-30,Completed,Store Financing,0.0
10892,5589,103,2024-03-31,Completed,Store Financing,0.0
10893,5063,101,2024-03-31,Completed,Credit Card,0.0
10894,5592,101,2024-03-31,Completed,PayPal,24.99
10895,5635,101,2024-03-31,Returned,Apple Pay,24.99
10896,5007,101,2024-03-31,Completed,Credit Card,24.99
10897,5063,104,2024-03-31,Completed,Store Financing,0.0
10898,6110,101,2024-03-31,Completed,Apple Pay,24.99
10899,6453,101,2024-04-01,Completed,PayPal,14.99
10900,6033,101,2024-04-01,Completed,Store Financing,14.99
10901,5080,101,2024-04-01,Completed,Store Financing,0.0
10902,5334,101,2024-04-01,Completed,Bank Transfer,9.99
10903,6114,101,2024-04-01,Completed,Bank Transfer,24.99
10904,6444,101,2024-04-01,Completed,Credit Card,9.99
10905,5630,102,2024-04-01,Completed,PayPal,0.0
10906,6229,107,2024-04-01,Completed,PayPal,0.0
10907,5457,101,2024-04-01,Completed,PayPal,0.0
10908,5071,105,2024-04-01,Completed,Bank Transfer,0.0
10909,5808,101,2024-04-01,Completed,Credit Card,9.99
10910,6399,107,2024-04-02,Completed,Store Financing,0.0
10911,5645,101,2024-04-02,Completed,PayPal,0.0
10912,5643,101,2024-04-02,Returned,Store Financing,0.0
10913,6044,101,2024-04-02,Completed,Store Financing,14.99
10914,5986,103,2024-04-02,Completed,Store Financing,0.0
10915,5277,101,2024-04-02,Completed,Credit Card,9.99
10916,6349,102,2024-04-03,Completed,Bank Transfer,0.0
10917,6207,102,2024-04-03,Completed,Credit Card,0.0
10918,6441,101,2024-04-03,Completed,Credit Card,9.99
10919,6114,101,2024-04-03,Completed,Credit Card,14.99
10920,5395,101,2024-04-03,Completed,PayPal,9.99
10921,5658,102,2024-04-03,Completed,PayPal,0.0
10922,5459,101,2024-04-03,Completed,Apple Pay,0.0
10923,5741,106,2024-04-03,Completed,Apple Pay,0.0
10924,5892,101,2024-04-03,Completed,Apple Pay,24.99
10925,5150,102,2024-04-03,Completed,Bank Transfer,0.0
10926,6411,101,2024-04-03,Completed,Credit Card,0.0
10927,6485,106,2024-04-03,Returned,Apple Pay,0.0
10928,6491,101,2024-04-04,Completed,Bank Transfer,9.99
10929,5235,101,2024-04-04,Completed,PayPal,9.99
10930,5716,101,2024-04-04,Completed,Bank Transfer,24.99
10931,5385,105,2024-04-04,Completed,PayPal,0.0
10932,5007,103,2024-04-04,Completed,Bank Transfer,0.0
10933,5591,102,2024-04-04,Completed,Bank Transfer,0.0
10934,5658,101,2024-04-04,Completed,Bank Transfer,24.99
10935,5162,101,2024-04-05,Cancelled,Credit Card,14.99
10936,5561,102,2024-04-05,Completed,Store Financing,0.0
10937,5954,102,2024-04-05,Completed,Credit Card,0.0
10938,5819,101,2024-04-05,Completed,Credit Card,24.99
10939,5427,101,2024-04-05,Completed,Store Financing,24.99
10940,6399,107,2024-04-05,Completed,Credit Card,0.0
10941,5705,101,2024-04-05,Completed,PayPal,14.99
10942,5554,102,2024-04-05,Completed,Apple Pay,0.0
10943,6172,101,2024-04-05,Completed,Store Financing,9.99
10944,6167,102,2024-04-05,Completed,Bank Transfer,0.0
10945,6426,102,2024-04-06,Cancelled,PayPal,0.0
10946,6411,108,2024-04-06,Completed,Apple Pay,0.0
10947,5345,101,2024-04-06,Completed,Store Financing,24.99
10948,5694,107,2024-04-06,Completed,PayPal,0.0
10949,5209,101,2024-04-06,Completed,Bank Transfer,24.99
10950,6016,101,2024-04-06,Completed,Bank Transfer,0.0
10951,5173,105,2024-04-06,Completed,Apple Pay,0.0
10952,6294,101,2024-04-07,Completed,PayPal,9.99
10953,6182,104,2024-04-07,Completed,Bank Transfer,0.0
10954,5143,101,2024-04-07,Completed,Credit Card,24.99
10955,6172,107,2024-04-07,Completed,Apple Pay,0.0
10956,6230,101,2024-04-07,Completed,Apple Pay,9.99
10957,5035,106,2024-04-07,Completed,Apple Pay,0.0
10958,6252,101,2024-04-07,Completed,Store Financing,0.0
10959,5007,101,2024-04-07,Completed,Store Financing,0.0
10960,5606,107,2024-04-07,Completed,Store Financing,0.0
10961,6090,101,2024-04-07,Completed,Apple Pay,24.99
10962,6308,101,2024-04-07,Completed,Bank Transfer,24.99
10963,5920,101,2024-04-07,Completed,Credit Card,24.99
10964,6336,101,2024-04-07,Cancelled,Apple Pay,0.0
10965,5065,108,2024-04-07,Completed,Store Financing,0.0
10966,5372,102,2024-04-08,Completed,Credit Card,0.0
10967,6426,101,2024-04-08,Completed,Bank Transfer,14.99
10968,6417,101,2024-04-08,Completed,PayPal,9.99
10969,5170,101,2024-04-08,Completed,Credit Card,9.99
10970,5080,101,2024-04-08,Completed,Store Financing,0.0
10971,5002,101,2024-04-08,Completed,Credit Card,9.99
10972,5017,101,2024-04-08,Completed,Store Financing,24.99
10973,5229,106,2024-04-08,Completed,Apple Pay,0.0
10974,5229,105,2024-04-08,Completed,Apple Pay,0.0
10975,5777,101,2024-04-08,Completed,Store Financing,0.0
10976,5136,101,2024-04-08,Completed,Bank Transfer,14.99
10977,5860,101,2024-04-08,Completed,Apple Pay,0.0
10978,5087,104,2024-04-08,Completed,PayPal,0.0
10979,6175,101,2024-04-09,Completed,Apple Pay,14.99
10980,6411,101,2024-04-09,Completed,Apple Pay,0.0
10981,5363,101,2024-04-09,Completed,Credit Card,9.99
10982,5846,101,2024-04-09,Completed,Apple Pay,0.0
10983,5738,101,2024-04-09,Completed,Apple Pay,0.0
10984,5263,108,2024-04-09,Completed,Apple Pay,0.0
10985,6399,101,2024-04-09,Completed,Credit Card,9.99
10986,5334,101,2024-04-09,Completed,PayPal,0.0
10987,5002,102,2024-04-09,Completed,Credit Card,0.0
10988,5712,101,2024-04-09,Completed,Credit Card,14.99
10989,5138,101,2024-04-10,Completed,Apple Pay,0.0
10990,6326,101,2024-04-10,Completed,Credit Card,14.99
10991,5635,105,2024-04-10,Completed,Credit Card,0.0
10992,5355,107,2024-04-10,Completed,PayPal,0.0
10993,6303,101,2024-04-10,Completed,PayPal,9.99
10994,5786,101,2024-04-10,Completed,Credit Card,9.99
10995,6137,107,2024-04-11,Completed,Bank Transfer,0.0
10996,6114,101,2024-04-11,Completed,Store Financing,24.99
10997,5892,101,2024-04-11,Completed,PayPal,14.99
10998,5554,101,2024-04-11,Completed,Apple Pay,24.99
10999,5645,101,2024-04-11,Completed,Bank Transfer,14.99
11000,5672,103,2024-04-11,Completed,Apple Pay,0.0
11001,6026,102,2024-04-11,Completed,PayPal,0.0
11002,5986,101,2024-04-11,Completed,Bank Transfer,0.0
11003,5106,102,2024-04-12,Completed,Store Financing,0.0
11004,5597,101,2024-04-12,Completed,Bank Transfer,14.99
11005,6178,108,2024-04-12,Completed,Store Financing,0.0
11006,6016,106,2024-04-12,Completed,Store Financing,0.0
11007,6048,101,2024-04-12,Completed,Store Financing,0.0
11008,5117,107,2024-04-12,Completed,Store Financing,0.0
11009,5351,101,2024-04-12,Completed,PayPal,14.99
11010,5753,104,2024-04-12,Completed,PayPal,0.0
11011,5298,101,2024-04-12,Completed,Apple Pay,0.0
11012,5201,105,2024-04-12,Completed,Credit Card,0.0
11013,5077,102,2024-04-12,Completed,Bank Transfer,0.0
11014,6043,108,2024-04-12,Completed,Apple Pay,0.0
11015,6175,101,2024-04-12,Completed,Store Financing,0.0
11016,6172,101,2024-04-12,Completed,Apple Pay,24.99
11017,6182,101,2024-04-13,Returned,Bank Transfer,0.0
11018,5143,104,2024-04-13,Completed,Store Financing,0.0
11019,6033,101,2024-04-13,Completed,Apple Pay,0.0
11020,6411,101,2024-04-13,Completed,Credit Card,0.0
11021,6230,102,2024-04-13,Completed,Bank Transfer,0.0
11022,6498,101,2024-04-13,Completed,Apple Pay,0.0
11023,5429,101,2024-04-13,Completed,Bank Transfer,14.99
11024,5697,101,2024-04-13,Completed,Apple Pay,0.0
11025,6336,101,2024-04-13,Completed,PayPal,9.99
11026,6171,102,2024-04-14,Completed,PayPal,0.0
11027,5561,101,2024-04-14,Completed,Credit Card,24.99
11028,5571,102,2024-04-14,Completed,Bank Transfer,0.0
11029,5363,103,2024-04-14,Completed,PayPal,0.0
11030,6337,101,2024-04-14,Completed,Bank Transfer,14.99
11031,5728,101,2024-04-14,Completed,Bank Transfer,14.99
11032,6021,101,2024-04-14,Completed,Apple Pay,9.99
11033,5106,102,2024-04-14,Returned,Credit Card,0.0
11034,6326,101,2024-04-14,Completed,PayPal,0.0
11035,6191,103,2024-04-15,Completed,PayPal,0.0
11036,5768,101,2024-04-15,Completed,Apple Pay,24.99
11037,6387,101,2024-04-15,Completed,Apple Pay,14.99
11038,6417,108,2024-04-15,Completed,Bank Transfer,0.0
11039,5371,101,2024-04-15,Completed,Apple Pay,14.99
11040,5711,101,2024-04-15,Completed,PayPal,24.99
11041,5622,101,2024-04-15,Completed,Store Financing,24.99
11042,5672,104,2024-04-15,Completed,Credit Card,0.0
11043,6172,101,2024-04-16,Completed,Bank Transfer,0.0
11044,5385,105,2024-04-16,Completed,Store Financing,0.0
11045,5679,105,2024-04-16,Completed,Bank Transfer,0.0
11046,5200,101,2024-04-16,Completed,Credit Card,9.99
11047,5170,101,2024-04-16,Completed,PayPal,9.99
11048,5491,101,2024-04-16,Completed,Bank Transfer,9.99
11049,5179,101,2024-04-17,Completed,Credit Card,9.99
11050,5340,101,2024-04-17,Completed,PayPal,14.99
11051,5225,101,2024-04-17,Completed,Apple Pay,24.99
11052,5063,101,2024-04-17,Completed,Bank Transfer,9.99
11053,5822,102,2024-04-17,Completed,PayPal,0.0
11054,6429,102,2024-04-17,Completed,Store Financing,0.0
11055,5555,102,2024-04-17,Completed,Apple Pay,0.0
11056,5271,101,2024-04-17,Completed,Store Financing,24.99
11057,5063,104,2024-04-17,Completed,Credit Card,0.0
11058,5202,101,2024-04-18,Completed,Apple Pay,9.99
11059,5087,101,2024-04-18,Completed,PayPal,24.99
11060,5170,101,2024-04-18,Completed,PayPal,24.99
11061,5738,101,2024-04-18,Completed,Bank Transfer,24.99
11062,5840,102,2024-04-18,Completed,Bank Transfer,0.0
11063,6411,108,2024-04-18,Completed,Bank Transfer,0.0
11064,5033,102,2024-04-18,Completed,PayPal,0.0
11065,5987,107,2024-04-18,Completed,Store Financing,0.0
11066,5751,101,2024-04-19,Completed,PayPal,14.99
11067,6263,101,2024-04-19,Completed,Apple Pay,24.99
11068,6030,108,2024-04-19,Completed,PayPal,0.0
11069,5457,102,2024-04-19,Completed,Credit Card,0.0
11070,6163,105,2024-04-19,Completed,PayPal,0.0
11071,5959,107,2024-04-19,Completed,Apple Pay,0.0
11072,6480,105,2024-04-19,Completed,PayPal,0.0
11073,5366,102,2024-04-19,Completed,Store Financing,0.0
11074,5648,106,2024-04-19,Completed,Credit Card,0.0
11075,6242,101,2024-04-20,Completed,Bank Transfer,9.99
11076,6281,101,2024-04-20,Completed,Bank Transfer,9.99
11077,6363,101,2024-04-20,Completed,Apple Pay,24.99
11078,6095,101,2024-04-20,Completed,Credit Card,9.99
11079,5784,101,2024-04-20,Completed,Apple Pay,0.0
11080,5754,106,2024-04-20,Completed,Credit Card,0.0
11081,5372,101,2024-04-20,Completed,Apple Pay,0.0
11082,5450,102,2024-04-21,Completed,Store Financing,0.0
11083,5457,101,2024-04-21,Completed,Bank Transfer,24.99
11084,5757,101,2024-04-21,Completed,Bank Transfer,9.99
11085,5277,101,2024-04-21,Cancelled,PayPal,14.99
11086,5986,101,2024-04-21,Completed,PayPal,14.99
11087,5017,101,2024-04-21,Completed,PayPal,14.99
11088,6411,108,2024-04-21,Completed,Credit Card,0.0
11089,5783,101,2024-04-21,Completed,Bank Transfer,9.99
11090,5457,101,2024-04-21,Completed,Store Financing,9.99
11091,5405,107,2024-04-21,Completed,PayPal,0.0
11092,5168,101,2024-04-21,Completed,Store Financing,9.99
11093,6280,107,2024-04-21,Completed,Bank Transfer,0.0
11094,5660,102,2024-04-21,Completed,Bank Transfer,0.0
11095,5371,101,2024-04-21,Completed,Apple Pay,9.99
11096,5129,108,2024-04-21,Completed,Store Financing,0.0
11097,5162,101,2024-04-22,Completed,Apple Pay,9.99
11098,5561,101,2024-04-22,Completed,PayPal,24.99
11099,5956,105,2024-04-22,Completed,Apple Pay,0.0
11100,5531,101,2024-04-22,Completed,Apple Pay,0.0
11101,5601,101,2024-04-22,Completed,Store Financing,14.99
11102,6172,107,2024-04-22,Completed,Apple Pay,0.0
11103,5614,101,2024-04-22,Completed,Apple Pay,24.99
11104,5063,101,2024-04-22,Completed,PayPal,9.99
11105,5955,101,2024-04-22,Completed,Store Financing,24.99
11106,6033,101,2024-04-22,Completed,Bank Transfer,9.99
11107,5809,101,2024-04-22,Completed,Bank Transfer,14.99
11108,5345,103,2024-04-22,Completed,PayPal,0.0
11109,5418,102,2024-04-22,Completed,Bank Transfer,0.0
11110,5066,101,2024-04-23,Completed,Credit Card,9.99
11111,5371,101,2024-04-23,Cancelled,Bank Transfer,9.99
11112,5326,108,2024-04-23,Cancelled,Credit Card,0.0
11113,5655,104,2024-04-23,Completed,Credit Card,0.0
11114,5635,101,2024-04-23,Completed,Store Financing,9.99
11115,5349,107,2024-04-23,Completed,Store Financing,0.0
11116,5630,101,2024-04-23,Completed,PayPal,24.99
11117,5235,107,2024-04-23,Completed,Bank Transfer,0.0
11118,6399,101,2024-04-23,Completed,Bank Transfer,24.99
11119,5561,101,2024-04-24,Completed,Bank Transfer,14.99
11120,6137,108,2024-04-24,Completed,Credit Card,0.0
11121,5034,101,2024-04-24,Completed,Apple Pay,24.99
11122,5039,106,2024-04-24,Completed,Bank Transfer,0.0
11123,5095,101,2024-04-24,Completed,Credit Card,0.0
11124,6071,103,2024-04-24,Returned,Apple Pay,0.0
11125,6429,101,2024-04-24,Completed,Apple Pay,24.99
11126,5175,101,2024-04-24,Completed,Bank Transfer,24.99
11127,5645,101,2024-04-24,Completed,Store Financing,14.99
11128,6362,101,2024-04-24,Completed,Store Financing,9.99
11129,6178,101,2024-04-24,Completed,Store Financing,24.99
11130,5464,103,2024-04-24,Completed,Store Financing,0.0
11131,5846,107,2024-04-24,Completed,Apple Pay,0.0
11132,5271,101,2024-04-24,Completed,Store Financing,24.99
11133,6399,101,2024-04-25,Cancelled,Apple Pay,14.99
11134,6170,101,2024-04-25,Completed,Apple Pay,0.0
11135,6170,101,2024-04-25,Completed,Credit Card,9.99
11136,5860,101,2024-04-25,Completed,Credit Card,14.99
11137,6050,101,2024-04-25,Completed,Apple Pay,14.99
11138,5655,103,2024-04-25,Completed,Apple Pay,0.0
11139,6399,101,2024-04-25,Completed,PayPal,24.99
11140,5747,101,2024-04-25,Completed,Credit Card,9.99
11141,5235,101,2024-04-26,Completed,Credit Card,24.99
11142,5630,101,2024-04-26,Completed,Store Financing,0.0
11143,5775,103,2024-04-26,Completed,PayPal,0.0
11144,5808,101,2024-04-26,Completed,Credit Card,14.99
11145,5768,103,2024-04-26,Completed,PayPal,0.0
11146,6182,101,2024-04-26,Completed,PayPal,0.0
11147,5645,101,2024-04-26,Completed,Credit Card,9.99
11148,6037,101,2024-04-27,Completed,Bank Transfer,0.0
11149,6313,101,2024-04-27,Completed,PayPal,9.99
11150,6021,106,2024-04-27,Completed,Store Financing,0.0
11151,5892,101,2024-04-27,Completed,Store Financing,24.99
11152,5738,103,2024-04-27,Completed,PayPal,0.0
11153,6033,107,2024-04-27,Completed,Store Financing,0.0
11154,5143,104,2024-04-27,Completed,PayPal,0.0
11155,5008,101,2024-04-28,Completed,PayPal,9.99
11156,6175,101,2024-04-28,Completed,Store Financing,0.0
11157,6196,101,2024-04-28,Completed,PayPal,14.99
11158,5372,102,2024-04-28,Completed,Credit Card,0.0
11159,6035,106,2024-04-28,Cancelled,Store Financing,0.0
11160,5672,101,2024-04-28,Completed,PayPal,0.0
11161,5509,108,2024-04-28,Completed,PayPal,0.0
11162,5986,104,2024-04-28,Completed,PayPal,0.0
11163,5822,102,2024-04-28,Completed,Apple Pay,0.0
11164,6095,101,2024-04-28,Completed,Bank Transfer,9.99
11165,5343,102,2024-04-28,Completed,Store Financing,0.0
11166,5630,101,2024-04-28,Completed,Store Financing,9.99
11167,6037,101,2024-04-29,Completed,PayPal,0.0
11168,6411,108,2024-04-29,Completed,Credit Card,0.0
11169,6171,101,2024-04-29,Completed,Store Financing,9.99
11170,5416,103,2024-04-29,Completed,Bank Transfer,0.0
11171,5577,106,2024-04-29,Completed,Credit Card,0.0
11172,5087,101,2024-04-29,Completed,PayPal,14.99
11173,5423,103,2024-04-29,Completed,Store Financing,0.0
11174,5587,101,2024-04-29,Completed,Bank Transfer,0.0
11175,5579,106,2024-04-29,Completed,Store Financing,0.0
11176,5450,101,2024-04-30,Completed,Store Financing,14.99
11177,6417,101,2024-04-30,Completed,PayPal,14.99
11178,5200,103,2024-04-30,Completed,Apple Pay,0.0
11179,5744,101,2024-04-30,Completed,PayPal,0.0
11180,5143,101,2024-04-30,Completed,Store Financing,0.0
11181,5834,102,2024-04-30,Completed,PayPal,0.0
11182,5956,101,2024-05-01,Completed,Store Financing,9.99
11183,5799,105,2024-05-01,Completed,Apple Pay,0.0
11184,5366,101,2024-05-01,Completed,Apple Pay,24.99
11185,5046,101,2024-05-01,Completed,PayPal,14.99
11186,6281,101,2024-05-01,Completed,Store Financing,24.99
11187,5429,104,2024-05-01,Completed,Apple Pay,0.0
11188,5930,101,2024-05-01,Completed,Bank Transfer,24.99
11189,5077,101,2024-05-01,Completed,PayPal,14.99
11190,5716,101,2024-05-01,Completed,Apple Pay,14.99
11191,5225,107,2024-05-01,Completed,Apple Pay,0.0
11192,5531,107,2024-05-01,Completed,Bank Transfer,0.0
11193,5418,101,2024-05-01,Completed,Bank Transfer,14.99
11194,5775,103,2024-05-01,Completed,Store Financing,0.0
11195,6491,101,2024-05-02,Completed,PayPal,9.99
11196,6033,101,2024-05-02,Completed,Store Financing,9.99
11197,5970,107,2024-05-02,Completed,Credit Card,0.0
11198,5754,106,2024-05-02,Completed,PayPal,0.0
11199,6230,101,2024-05-02,Completed,Credit Card,24.99
11200,5579,101,2024-05-02,Completed,PayPal,14.99
11201,5095,101,2024-05-02,Completed,Store Financing,0.0
11202,6381,104,2024-05-02,Completed,Apple Pay,0.0
11203,6175,101,2024-05-02,Completed,Bank Transfer,14.99
11204,5038,106,2024-05-02,Completed,Bank Transfer,0.0
11205,5272,101,2024-05-02,Completed,Credit Card,24.99
11206,5100,101,2024-05-03,Completed,Store Financing,14.99
11207,6455,101,2024-05-03,Completed,Credit Card,0.0
11208,5277,103,2024-05-03,Completed,PayPal,0.0
11209,5783,103,2024-05-03,Completed,Apple Pay,0.0
11210,6201,101,2024-05-03,Completed,Bank Transfer,9.99
11211,6443,101,2024-05-03,Completed,Store Financing,24.99
11212,6422,101,2024-05-03,Completed,Bank Transfer,9.99
11213,6281,102,2024-05-04,Completed,Store Financing,0.0
11214,5200,101,2024-05-04,Returned,Store Financing,9.99
11215,5832,101,2024-05-04,Completed,Store Financing,9.99
11216,5561,101,2024-05-04,Completed,Store Financing,0.0
11217,5459,104,2024-05-04,Completed,Store Financing,0.0
11218,6464,104,2024-05-04,Completed,Credit Card,0.0
11219,5934,101,2024-05-04,Completed,Apple Pay,9.99
11220,5274,101,2024-05-04,Completed,Store Financing,14.99
11221,5682,101,2024-05-05,Completed,Credit Card,24.99
11222,5100,106,2024-05-05,Completed,Bank Transfer,0.0
11223,5908,108,2024-05-05,Completed,Bank Transfer,0.0
11224,5502,101,2024-05-05,Completed,Credit Card,24.99
11225,5418,101,2024-05-05,Completed,Apple Pay,24.99
11226,5095,101,2024-05-05,Completed,Credit Card,14.99
11227,6156,107,2024-05-05,Completed,PayPal,0.0
11228,6171,101,2024-05-05,Completed,Credit Card,14.99
11229,6010,102,2024-05-05,Completed,Store Financing,0.0
11230,5274,101,2024-05-05,Completed,Bank Transfer,24.99
11231,5963,101,2024-05-05,Completed,Credit Card,14.99
11232,5077,101,2024-05-05,Completed,Apple Pay,14.99
11233,5043,101,2024-05-05,Completed,Apple Pay,0.0
11234,6086,101,2024-05-05,Returned,Apple Pay,0.0
11235,6172,107,2024-05-06,Completed,Bank Transfer,0.0
11236,5808,101,2024-05-06,Completed,Apple Pay,0.0
11237,5100,101,2024-05-06,Returned,Credit Card,9.99
11238,5274,105,2024-05-06,Cancelled,Bank Transfer,0.0
11239,5959,101,2024-05-06,Completed,PayPal,14.99
11240,5784,101,2024-05-06,Completed,Credit Card,14.99
11241,5822,102,2024-05-06,Completed,Credit Card,0.0
11242,5986,101,2024-05-06,Completed,Credit Card,0.0
11243,6043,101,2024-05-06,Completed,Store Financing,9.99
11244,5737,101,2024-05-06,Completed,PayPal,24.99
11245,5915,104,2024-05-06,Cancelled,Store Financing,0.0
11246,5475,101,2024-05-06,Completed,Apple Pay,9.99
11247,6411,107,2024-05-07,Completed,Credit Card,0.0
11248,5591,102,2024-05-07,Completed,PayPal,0.0
11249,6010,102,2024-05-07,Completed,Bank Transfer,0.0
11250,5571,101,2024-05-07,Completed,PayPal,0.0
11251,5956,101,2024-05-07,Returned,Bank Transfer,24.99
11252,6175,101,2024-05-07,Returned,PayPal,14.99
11253,6444,101,2024-05-07,Returned,Store Financing,14.99
11254,5040,102,2024-05-07,Completed,Apple Pay,0.0
11255,5240,108,2024-05-07,Completed,PayPal,0.0
11256,5363,101,2024-05-07,Cancelled,Bank Transfer,9.99
11257,5861,102,2024-05-07,Completed,Credit Card,0.0
11258,6163,106,2024-05-08,Completed,Bank Transfer,0.0
11259,5954,102,2024-05-08,Completed,Bank Transfer,0.0
11260,5277,101,2024-05-08,Completed,Store Financing,9.99
11261,5021,104,2024-05-08,Completed,Bank Transfer,0.0
11262,5454,104,2024-05-08,Completed,PayPal,0.0
11263,6170,102,2024-05-08,Completed,Credit Card,0.0
11264,6114,102,2024-05-08,Completed,Store Financing,0.0
11265,6474,101,2024-05-09,Completed,Bank Transfer,24.99
11266,6119,104,2024-05-09,Cancelled,Store Financing,0.0
11267,5868,104,2024-05-09,Completed,Apple Pay,0.0
11268,6252,101,2024-05-09,Completed,Store Financing,14.99
11269,5706,101,2024-05-09,Completed,PayPal,0.0
11270,5201,101,2024-05-09,Completed,Bank Transfer,9.99
11271,5315,101,2024-05-09,Completed,Bank Transfer,14.99
11272,5986,103,2024-05-09,Completed,PayPal,0.0
11273,5104,102,2024-05-09,Completed,PayPal,0.0
11274,5712,101,2024-05-09,Returned,Apple Pay,14.99
11275,6372,107,2024-05-09,Completed,Store Financing,0.0
11276,6033,108,2024-05-09,Returned,Apple Pay,0.0
11277,6069,101,2024-05-09,Completed,PayPal,14.99
11278,5848,101,2024-05-10,Returned,Apple Pay,24.99
11279,6326,104,2024-05-10,Completed,Credit Card,0.0
11280,6023,101,2024-05-10,Completed,Apple Pay,14.99
11281,5658,101,2024-05-10,Completed,Apple Pay,9.99
11282,6336,101,2024-05-10,Completed,Apple Pay,0.0
11283,5832,104,2024-05-10,Completed,Store Financing,0.0
11284,5114,108,2024-05-10,Completed,Credit Card,0.0
11285,5209,101,2024-05-10,Completed,Credit Card,0.0
11286,5229,106,2024-05-10,Completed,Apple Pay,0.0
11287,5728,102,2024-05-11,Completed,PayPal,0.0
11288,5225,108,2024-05-11,Completed,Bank Transfer,0.0
11289,6435,108,2024-05-11,Completed,Bank Transfer,0.0
11290,5692,101,2024-05-11,Completed,Credit Card,14.99
11291,5751,102,2024-05-11,Completed,Store Financing,0.0
11292,5589,101,2024-05-11,Completed,PayPal,24.99
11293,5136,101,2024-05-11,Completed,Credit Card,24.99
11294,5472,101,2024-05-11,Completed,Credit Card,24.99
11295,6007,101,2024-05-11,Completed,Apple Pay,24.99
11296,6114,101,2024-05-11,Completed,Credit Card,9.99
11297,5738,103,2024-05-11,Completed,Credit Card,0.0
11298,5117,107,2024-05-11,Completed,Bank Transfer,0.0
11299,5817,105,2024-05-11,Completed,Credit Card,0.0
11300,6336,108,2024-05-11,Completed,Bank Transfer,0.0
11301,5555,101,2024-05-11,Completed,Store Financing,14.99
11302,5277,101,2024-05-11,Completed,PayPal,9.99
11303,6281,102,2024-05-12,Completed,Apple Pay,0.0
11304,6222,104,2024-05-12,Completed,Store Financing,0.0
11305,6326,101,2024-05-12,Completed,Credit Card,14.99
11306,5587,101,2024-05-12,Cancelled,Credit Card,0.0
11307,6170,101,2024-05-12,Completed,Store Financing,24.99
11308,5433,101,2024-05-12,Completed,Store Financing,0.0
11309,6455,101,2024-05-12,Completed,Apple Pay,0.0
11310,5980,101,2024-05-12,Completed,Store Financing,14.99
11311,5363,103,2024-05-12,Completed,Credit Card,0.0
11312,6005,101,2024-05-13,Completed,Bank Transfer,24.99
11313,5315,101,2024-05-13,Completed,Store Financing,9.99
11314,5175,102,2024-05-13,Completed,Apple Pay,0.0
11315,6228,103,2024-05-13,Completed,Bank Transfer,0.0
11316,6498,101,2024-05-13,Completed,Apple Pay,24.99
11317,6062,102,2024-05-13,Completed,Bank Transfer,0.0
11318,5910,102,2024-05-13,Completed,Credit Card,0.0
11319,6033,101,2024-05-13,Completed,Apple Pay,24.99
11320,5170,106,2024-05-13,Completed,Store Financing,0.0
11321,5087,104,2024-05-13,Completed,Store Financing,0.0
11322,6326,101,2024-05-13,Completed,PayPal,0.0
11323,5850,102,2024-05-13,Completed,Store Financing,0.0
11324,5129,108,2024-05-13,Completed,PayPal,0.0
11325,6229,101,2024-05-14,Completed,Apple Pay,24.99
11326,6091,101,2024-05-14,Completed,Bank Transfer,9.99
11327,5418,101,2024-05-14,Completed,Credit Card,14.99
11328,5712,101,2024-05-14,Completed,Store Financing,24.99
11329,6252,101,2024-05-14,Completed,Credit Card,9.99
11330,5138,108,2024-05-14,Completed,Credit Card,0.0
11331,5069,101,2024-05-14,Completed,Store Financing,9.99
11332,6444,103,2024-05-14,Completed,PayPal,0.0
11333,5869,107,2024-05-14,Completed,Store Financing,0.0
11334,5587,106,2024-05-14,Completed,Apple Pay,0.0
11335,6339,104,2024-05-14,Completed,Bank Transfer,0.0
11336,5045,101,2024-05-15,Completed,Apple Pay,9.99
11337,5577,101,2024-05-15,Completed,PayPal,14.99
11338,6434,101,2024-05-15,Completed,Store Financing,24.99
11339,5346,104,2024-05-15,Completed,PayPal,0.0
11340,6349,101,2024-05-15,Completed,Store Financing,0.0
11341,5846,101,2024-05-15,Completed,Bank Transfer,24.99
11342,5856,102,2024-05-16,Completed,Credit Card,0.0
11343,6203,101,2024-05-16,Completed,Credit Card,9.99
11344,5227,101,2024-05-16,Completed,Store Financing,9.99
11345,6229,101,2024-05-16,Completed,Credit Card,14.99
11346,5706,103,2024-05-16,Completed,Store Financing,0.0
11347,6021,105,2024-05-16,Completed,Bank Transfer,0.0
11348,5587,105,2024-05-16,Completed,Store Financing,0.0
11349,5418,101,2024-05-16,Completed,Credit Card,24.99
11350,5630,101,2024-05-16,Completed,Bank Transfer,14.99
11351,5321,101,2024-05-16,Completed,Apple Pay,9.99
11352,6223,101,2024-05-17,Completed,Credit Card,14.99
11353,5098,104,2024-05-17,Completed,PayPal,0.0
11354,6281,102,2024-05-17,Completed,PayPal,0.0
11355,6207,101,2024-05-17,Completed,Credit Card,9.99
11356,6006,107,2024-05-17,Completed,Bank Transfer,0.0
11357,5108,101,2024-05-17,Completed,Store Financing,24.99
11358,5915,103,2024-05-17,Completed,Credit Card,0.0
11359,6474,102,2024-05-17,Completed,PayPal,0.0
11360,6381,104,2024-05-17,Completed,Bank Transfer,0.0
11361,5683,106,2024-05-17,Completed,Store Financing,0.0
11362,6252,101,2024-05-17,Completed,Credit Card,9.99
11363,5630,101,2024-05-18,Completed,Apple Pay,14.99
11364,6281,102,2024-05-18,Completed,Store Financing,0.0
11365,5597,101,2024-05-18,Completed,PayPal,24.99
11366,6326,104,2024-05-18,Completed,Store Financing,0.0
11367,6005,103,2024-05-18,Completed,Store Financing,0.0
11368,5418,102,2024-05-18,Completed,PayPal,0.0
11369,5649,104,2024-05-18,Completed,Bank Transfer,0.0
11370,5587,101,2024-05-19,Completed,Credit Card,14.99
11371,5170,106,2024-05-19,Completed,Credit Card,0.0
11372,6230,102,2024-05-19,Returned,Bank Transfer,0.0
11373,5450,102,2024-05-19,Completed,Apple Pay,0.0
11374,6229,108,2024-05-19,Completed,Store Financing,0.0
11375,5732,104,2024-05-19,Completed,Credit Card,0.0
11376,5114,107,2024-05-19,Completed,Credit Card,0.0
11377,6441,101,2024-05-19,Completed,Store Financing,24.99
11378,5063,101,2024-05-20,Completed,Apple Pay,24.99
11379,6171,101,2024-05-20,Completed,Bank Transfer,14.99
11380,5053,101,2024-05-20,Returned,Store Financing,9.99
11381,5063,101,2024-05-20,Completed,Credit Card,9.99
11382,6399,101,2024-05-20,Completed,Bank Transfer,14.99
11383,6171,101,2024-05-20,Completed,Credit Card,14.99
11384,5606,101,2024-05-20,Completed,Store Financing,24.99
11385,5125,101,2024-05-20,Completed,Apple Pay,24.99
11386,5069,101,2024-05-20,Completed,Credit Card,0.0
11387,5277,104,2024-05-20,Completed,Credit Card,0.0
11388,5202,103,2024-05-20,Completed,Bank Transfer,0.0
11389,6252,101,2024-05-20,Completed,Apple Pay,14.99
11390,5783,103,2024-05-20,Completed,Bank Transfer,0.0
11391,5840,102,2024-05-20,Completed,Credit Card,0.0
11392,5941,101,2024-05-21,Completed,Apple Pay,14.99
11393,5956,106,2024-05-21,Completed,Bank Transfer,0.0
11394,5298,101,2024-05-21,Completed,Apple Pay,0.0
11395,5025,103,2024-05-21,Completed,Apple Pay,0.0
11396,6039,101,2024-05-21,Completed,Apple Pay,0.0
11397,6071,101,2024-05-21,Completed,Bank Transfer,9.99
11398,5143,101,2024-05-21,Completed,Credit Card,14.99
11399,6491,102,2024-05-21,Completed,PayPal,0.0
11400,5202,104,2024-05-22,Completed,Bank Transfer,0.0
11401,5819,101,2024-05-22,Completed,Credit Card,0.0
11402,6262,101,2024-05-22,Completed,PayPal,14.99
11403,5235,101,2024-05-22,Completed,Bank Transfer,0.0
11404,5087,104,2024-05-22,Returned,PayPal,0.0
11405,6326,101,2024-05-22,Completed,Credit Card,14.99
11406,5318,108,2024-05-22,Completed,Apple Pay,0.0
11407,5100,106,2024-05-22,Completed,Store Financing,0.0
11408,5541,101,2024-05-22,Completed,Credit Card,24.99
11409,5298,106,2024-05-22,Completed,PayPal,0.0
11410,5095,106,2024-05-22,Completed,Store Financing,0.0
11411,6258,108,2024-05-22,Completed,Credit Card,0.0
11412,5143,101,2024-05-22,Completed,PayPal,14.99
11413,5799,101,2024-05-22,Completed,Bank Transfer,24.99
11414,5754,101,2024-05-23,Completed,Store Financing,9.99
11415,5768,104,2024-05-23,Completed,Credit Card,0.0
11416,5679,106,2024-05-23,Completed,Store Financing,0.0
11417,6373,101,2024-05-23,Completed,Store Financing,14.99
11418,5334,101,2024-05-23,Completed,PayPal,9.99
11419,6215,101,2024-05-23,Completed,Bank Transfer,9.99
11420,5038,101,2024-05-23,Completed,Bank Transfer,24.99
11421,5075,103,2024-05-23,Completed,Store Financing,0.0
11422,6357,101,2024-05-23,Completed,PayPal,9.99
11423,6203,104,2024-05-23,Completed,Store Financing,0.0
11424,5987,108,2024-05-24,Completed,PayPal,0.0
11425,5706,103,2024-05-24,Completed,PayPal,0.0
11426,5309,101,2024-05-24,Completed,Credit Card,14.99
11427,5433,101,2024-05-24,Completed,Credit Card,0.0
11428,5930,102,2024-05-24,Completed,Apple Pay,0.0
11429,5162,107,2024-05-24,Completed,Apple Pay,0.0
11430,6086,102,2024-05-24,Completed,PayPal,0.0
11431,5577,106,2024-05-24,Returned,PayPal,0.0
11432,5464,103,2024-05-24,Completed,Credit Card,0.0
11433,5583,107,2024-05-24,Completed,Credit Card,0.0
11434,6222,101,2024-05-24,Completed,Bank Transfer,9.99
11435,5840,101,2024-05-24,Completed,PayPal,9.99
11436,5235,107,2024-05-24,Cancelled,PayPal,0.0
11437,6336,108,2024-05-24,Completed,PayPal,0.0
11438,5630,102,2024-05-25,Completed,Store Financing,0.0
11439,5155,101,2024-05-25,Completed,Credit Card,14.99
11440,6472,101,2024-05-25,Completed,Bank Transfer,14.99
11441,5156,101,2024-05-25,Completed,Store Financing,9.99
11442,5425,102,2024-05-25,Completed,Store Financing,0.0
11443,6471,101,2024-05-25,Completed,Store Financing,0.0
11444,5287,101,2024-05-25,Completed,Store Financing,0.0
11445,5625,103,2024-05-25,Completed,Credit Card,0.0
11446,5035,101,2024-05-25,Completed,Apple Pay,9.99
11447,6062,101,2024-05-25,Completed,Store Financing,9.99
11448,5036,101,2024-05-25,Completed,Credit Card,14.99
11449,5850,101,2024-05-25,Completed,Store Financing,24.99
11450,5706,101,2024-05-25,Completed,Credit Card,0.0
11451,6265,105,2024-05-25,Completed,Credit Card,0.0
11452,5429,101,2024-05-25,Completed,Bank Transfer,9.99
11453,5481,106,2024-05-25,Completed,Store Financing,0.0
11454,6282,102,2024-05-26,Completed,Apple Pay,0.0
11455,5846,101,2024-05-26,Completed,Credit Card,24.99
11456,6326,101,2024-05-26,Completed,Apple Pay,14.99
11457,5155,102,2024-05-26,Completed,Bank Transfer,0.0
11458,5604,102,2024-05-26,Completed,Store Financing,0.0
11459,5587,106,2024-05-26,Completed,PayPal,0.0
11460,5170,101,2024-05-26,Completed,Apple Pay,9.99
11461,6265,106,2024-05-26,Completed,Store Financing,0.0
11462,6178,101,2024-05-26,Completed,Credit Card,0.0
11463,5751,102,2024-05-27,Completed,Apple Pay,0.0
11464,5630,102,2024-05-27,Completed,PayPal,0.0
11465,5229,106,2024-05-27,Completed,PayPal,0.0
11466,5641,101,2024-05-27,Completed,Credit Card,0.0
11467,5822,101,2024-05-27,Cancelled,Store Financing,14.99
11468,5809,101,2024-05-27,Cancelled,Apple Pay,24.99
11469,5587,101,2024-05-27,Completed,Credit Card,9.99
11470,5287,101,2024-05-27,Completed,Credit Card,0.0
11471,6485,106,2024-05-27,Completed,Credit Card,0.0
11472,5366,102,2024-05-27,Completed,Credit Card,0.0
11473,5875,107,2024-05-27,Completed,Store Financing,0.0
11474,6175,105,2024-05-28,Completed,PayPal,0.0
11475,5427,106,2024-05-28,Cancelled,Credit Card,0.0
11476,6033,108,2024-05-28,Returned,Bank Transfer,0.0
11477,5987,108,2024-05-28,Completed,Bank Transfer,0.0
11478,5345,101,2024-05-28,Completed,Credit Card,24.99
11479,6203,103,2024-05-28,Completed,Credit Card,0.0
11480,5366,101,2024-05-28,Completed,Apple Pay,14.99
11481,6283,101,2024-05-28,Returned,Apple Pay,0.0
11482,5063,101,2024-05-28,Completed,Store Financing,9.99
11483,5589,101,2024-05-28,Completed,Credit Card,9.99
11484,5389,107,2024-05-29,Completed,PayPal,0.0
11485,6191,101,2024-05-29,Cancelled,Apple Pay,14.99
11486,5455,107,2024-05-29,Returned,PayPal,0.0
11487,5045,101,2024-05-29,Completed,Bank Transfer,9.99
11488,5334,104,2024-05-29,Completed,Apple Pay,0.0
11489,5509,108,2024-05-29,Returned,PayPal,0.0
11490,5544,101,2024-05-29,Completed,Credit Card,14.99
11491,6086,102,2024-05-30,Completed,Bank Transfer,0.0
11492,6484,107,2024-05-30,Completed,Credit Card,0.0
11493,6252,101,2024-05-30,Completed,PayPal,0.0
11494,6441,101,2024-05-30,Completed,PayPal,0.0
11495,5625,103,2024-05-30,Completed,Credit Card,0.0
11496,6411,101,2024-05-30,Completed,Bank Transfer,9.99
11497,5025,101,2024-05-30,Completed,Bank Transfer,24.99
11498,6441,105,2024-05-30,Completed,Bank Transfer,0.0
11499,5229,106,2024-05-30,Completed,Credit Card,0.0
11500,5080,101,2024-05-30,Completed,PayPal,24.99
11501,5643,106,2024-05-30,Completed,Store Financing,0.0
11502,6441,105,2024-05-30,Completed,PayPal,0.0
11503,6371,107,2024-05-31,Completed,Store Financing,0.0
11504,6033,101,2024-05-31,Completed,Credit Card,24.99
11505,5095,101,2024-05-31,Completed,Store Financing,9.99
11506,5987,107,2024-05-31,Completed,Credit Card,0.0
11507,5565,101,2024-05-31,Completed,Credit Card,24.99
11508,5170,101,2024-05-31,Completed,Store Financing,0.0
11509,5039,105,2024-05-31,Completed,Store Financing,0.0
11510,5475,101,2024-05-31,Completed,PayPal,9.99
11511,5544,104,2024-06-01,Completed,PayPal,0.0
11512,5963,105,2024-06-01,Completed,Credit Card,0.0
11513,5914,106,2024-06-01,Completed,Credit Card,0.0
11514,5360,106,2024-06-01,Completed,Credit Card,0.0
11515,5658,102,2024-06-01,Completed,PayPal,0.0
11516,6043,101,2024-06-01,Completed,Bank Transfer,24.99
11517,6016,101,2024-06-01,Completed,Bank Transfer,0.0
11518,6434,102,2024-06-01,Completed,Credit Card,0.0
11519,5986,101,2024-06-01,Completed,Credit Card,24.99
11520,6336,107,2024-06-01,Completed,Store Financing,0.0
11521,5625,103,2024-06-01,Completed,Apple Pay,0.0
11522,5892,106,2024-06-01,Returned,Bank Transfer,0.0
11523,6137,101,2024-06-01,Completed,Apple Pay,9.99
11524,5648,105,2024-06-01,Completed,Store Financing,0.0
11525,5427,106,2024-06-01,Completed,Bank Transfer,0.0
11526,6252,104,2024-06-01,Returned,Apple Pay,0.0
11527,5224,105,2024-06-01,Completed,Credit Card,0.0
11528,5208,103,2024-06-01,Completed,Credit Card,0.0
11529,6016,105,2024-06-01,Completed,PayPal,0.0
11530,5705,105,2024-06-02,Completed,Apple Pay,0.0
11531,5334,104,2024-06-02,Completed,Apple Pay,0.0
11532,6086,102,2024-06-02,Completed,Store Financing,0.0
11533,6020,101,2024-06-02,Completed,PayPal,0.0
11534,5601,101,2024-06-02,Completed,Credit Card,24.99
11535,6408,106,2024-06-02,Completed,Store Financing,0.0
11536,5092,101,2024-06-02,Returned,PayPal,9.99
11537,5529,101,2024-06-02,Completed,Store Financing,0.0
11538,5832,101,2024-06-02,Completed,Credit Card,9.99
11539,5595,105,2024-06-02,Completed,Store Financing,0.0
11540,6056,101,2024-06-02,Returned,Apple Pay,9.99
11541,6050,101,2024-06-02,Completed,Store Financing,9.99
11542,5332,102,2024-06-02,Completed,Apple Pay,0.0
11543,6374,101,2024-06-02,Completed,Apple Pay,24.99
11544,6467,105,2024-06-02,Completed,Apple Pay,0.0
11545,6387,105,2024-06-03,Completed,Bank Transfer,0.0
11546,5768,101,2024-06-03,Completed,Apple Pay,24.99
11547,6095,101,2024-06-03,Completed,PayPal,9.99
11548,6050,103,2024-06-03,Completed,Store Financing,0.0
11549,5298,101,2024-06-03,Completed,Bank Transfer,14.99
11550,5868,101,2024-06-03,Returned,Bank Transfer,0.0
11551,5648,101,2024-06-03,Completed,Bank Transfer,0.0
11552,6399,101,2024-06-03,Completed,Credit Card,14.99
11553,5657,101,2024-06-03,Completed,Credit Card,14.99
11554,5063,101,2024-06-03,Completed,Apple Pay,9.99
11555,5143,101,2024-06-03,Completed,Apple Pay,0.0
11556,5612,107,2024-06-03,Completed,Credit Card,0.0
11557,6068,107,2024-06-04,Completed,Credit Card,0.0
11558,5443,103,2024-06-04,Completed,Apple Pay,0.0
11559,5080,101,2024-06-04,Completed,Credit Card,0.0
11560,5272,101,2024-06-04,Completed,Credit Card,14.99
11561,6191,103,2024-06-04,Completed,Apple Pay,0.0
11562,6016,106,2024-06-04,Completed,Store Financing,0.0
11563,5686,101,2024-06-04,Completed,Credit Card,9.99
11564,5579,105,2024-06-04,Cancelled,Credit Card,0.0
11565,5958,101,2024-06-04,Completed,Bank Transfer,0.0
11566,5354,101,2024-06-04,Completed,Credit Card,0.0
11567,5272,101,2024-06-04,Completed,PayPal,9.99
11568,5754,101,2024-06-04,Completed,Bank Transfer,0.0
11569,6175,106,2024-06-05,Completed,Store Financing,0.0
11570,5034,101,2024-06-05,Completed,Credit Card,24.99
11571,6352,101,2024-06-05,Completed,Credit Card,14.99
11572,5343,101,2024-06-05,Completed,Bank Transfer,14.99
11573,6447,101,2024-06-05,Completed,PayPal,9.99
11574,5355,108,2024-06-05,Completed,Credit Card,0.0
11575,5547,101,2024-06-05,Completed,Apple Pay,24.99
11576,5039,105,2024-06-05,Completed,Apple Pay,0.0
11577,5734,101,2024-06-05,Completed,Apple Pay,14.99
11578,5349,101,2024-06-05,Completed,Credit Card,9.99
11579,5760,107,2024-06-05,Completed,PayPal,0.0
11580,6375,101,2024-06-06,Completed,Bank Transfer,14.99
11581,5366,101,2024-06-06,Completed,Store Financing,9.99
11582,5630,101,2024-06-06,Completed,Credit Card,9.99
11583,5705,101,2024-06-06,Cancelled,Apple Pay,9.99
11584,6070,107,2024-06-06,Completed,Credit Card,0.0
11585,5133,101,2024-06-06,Cancelled,PayPal,24.99
11586,5315,104,2024-06-06,Completed,PayPal,0.0
11587,6171,102,2024-06-06,Returned,Apple Pay,0.0
11588,5185,101,2024-06-06,Completed,PayPal,24.99
11589,5595,105,2024-06-06,Completed,Store Financing,0.0
11590,5143,104,2024-06-06,Completed,Credit Card,0.0
11591,5459,101,2024-06-06,Completed,Store Financing,14.99
11592,6357,101,2024-06-06,Completed,Apple Pay,24.99
11593,5860,101,2024-06-06,Completed,Credit Card,24.99
11594,5705,101,2024-06-06,Completed,Bank Transfer,9.99
11595,5315,101,2024-06-07,Returned,PayPal,0.0
11596,5220,103,2024-06-07,Completed,Apple Pay,0.0
11597,5372,101,2024-06-07,Completed,PayPal,0.0
11598,6110,101,2024-06-07,Completed,Store Financing,0.0
11599,5930,101,2024-06-07,Cancelled,Credit Card,0.0
11600,6081,102,2024-06-07,Cancelled,Bank Transfer,0.0
11601,6033,101,2024-06-07,Completed,Store Financing,9.99
11602,6032,101,2024-06-07,Completed,Credit Card,9.99
11603,5066,101,2024-06-07,Completed,Bank Transfer,0.0
11604,5118,102,2024-06-07,Completed,PayPal,0.0
11605,5018,101,2024-06-07,Completed,Store Financing,9.99
11606,5839,101,2024-06-07,Completed,Store Financing,9.99
11607,6441,105,2024-06-07,Completed,Apple Pay,0.0
11608,5175,101,2024-06-07,Completed,Credit Card,24.99
11609,6068,101,2024-06-07,Completed,Store Financing,14.99
11610,5385,105,2024-06-07,Completed,Store Financing,0.0
11611,6010,102,2024-06-07,Completed,Apple Pay,0.0
11612,5555,101,2024-06-08,Completed,Apple Pay,24.99
11613,5173,105,2024-06-08,Completed,PayPal,0.0
11614,6057,104,2024-06-08,Completed,Credit Card,0.0
11615,5271,101,2024-06-08,Completed,PayPal,24.99
11616,6169,101,2024-06-08,Completed,Bank Transfer,9.99
11617,5862,105,2024-06-08,Completed,PayPal,0.0
11618,6484,107,2024-06-08,Completed,Store Financing,0.0
11619,5080,102,2024-06-08,Completed,PayPal,0.0
11620,6203,101,2024-06-08,Completed,PayPal,24.99
11621,6265,105,2024-06-08,Completed,Bank Transfer,0.0
11622,6339,103,2024-06-08,Completed,Bank Transfer,0.0
11623,5597,102,2024-06-08,Completed,Bank Transfer,0.0
11624,6411,108,2024-06-08,Completed,Credit Card,0.0
11625,5605,102,2024-06-08,Completed,Credit Card,0.0
11626,6417,101,2024-06-08,Completed,Apple Pay,24.99
11627,5251,101,2024-06-08,Completed,PayPal,14.99
11628,5738,101,2024-06-08,Completed,Bank Transfer,24.99
11629,5318,107,2024-06-08,Completed,Apple Pay,0.0
11630,6491,101,2024-06-08,Completed,Apple Pay,9.99
11631,5209,102,2024-06-09,Completed,Store Financing,0.0
11632,6298,101,2024-06-09,Completed,Apple Pay,9.99
11633,5021,104,2024-06-09,Completed,Store Financing,0.0
11634,5202,103,2024-06-09,Completed,Apple Pay,0.0
11635,6210,105,2024-06-09,Completed,Store Financing,0.0
11636,5675,101,2024-06-09,Completed,Store Financing,9.99
11637,5274,101,2024-06-09,Returned,PayPal,24.99
11638,6020,101,2024-06-09,Completed,Apple Pay,24.99
11639,5298,101,2024-06-09,Cancelled,Apple Pay,9.99
11640,5065,101,2024-06-10,Completed,Store Financing,14.99
11641,6321,101,2024-06-10,Completed,PayPal,24.99
11642,5987,108,2024-06-10,Completed,Store Financing,0.0
11643,6247,101,2024-06-10,Completed,Apple Pay,24.99
11644,5587,101,2024-06-10,Completed,PayPal,0.0
11645,5587,101,2024-06-10,Completed,Credit Card,0.0
11646,5932,102,2024-06-10,Completed,PayPal,0.0
11647,5986,101,2024-06-10,Completed,Credit Card,0.0
11648,5360,105,2024-06-10,Completed,Store Financing,0.0
11649,5298,105,2024-06-10,Completed,Bank Transfer,0.0
11650,6172,107,2024-06-10,Completed,Bank Transfer,0.0
11651,6057,103,2024-06-11,Completed,Bank Transfer,0.0
11652,6141,101,2024-06-11,Completed,PayPal,0.0
11653,6441,106,2024-06-11,Completed,Bank Transfer,0.0
11654,6285,101,2024-06-11,Completed,PayPal,24.99
11655,6386,101,2024-06-11,Completed,Credit Card,0.0
11656,6450,105,2024-06-11,Completed,Bank Transfer,0.0
11657,6282,101,2024-06-11,Completed,PayPal,9.99
11658,6491,101,2024-06-11,Completed,Bank Transfer,0.0
11659,5025,101,2024-06-11,Completed,Credit Card,9.99
11660,6399,101,2024-06-11,Completed,Store Financing,0.0
11661,6050,101,2024-06-11,Completed,Credit Card,24.99
11662,5614,108,2024-06-12,Completed,Credit Card,0.0
11663,5188,104,2024-06-12,Returned,Store Financing,0.0
11664,6441,106,2024-06-12,Completed,Store Financing,0.0
11665,5357,101,2024-06-12,Completed,Credit Card,9.99
11666,5597,101,2024-06-12,Completed,Store Financing,24.99
11667,5897,104,2024-06-12,Completed,Credit Card,0.0
11668,5298,101,2024-06-12,Completed,Credit Card,0.0
11669,5482,101,2024-06-13,Completed,Apple Pay,14.99
11670,5209,101,2024-06-13,Completed,PayPal,0.0
11671,5959,107,2024-06-13,Completed,Store Financing,0.0
11672,6387,101,2024-06-13,Completed,PayPal,24.99
11673,6374,106,2024-06-13,Completed,Apple Pay,0.0
11674,5464,104,2024-06-13,Completed,Apple Pay,0.0
11675,6171,102,2024-06-13,Completed,Store Financing,0.0
11676,5271,107,2024-06-14,Completed,Apple Pay,0.0
11677,6163,101,2024-06-14,Completed,Bank Transfer,24.99
11678,5738,101,2024-06-14,Completed,Credit Card,9.99
11679,5956,105,2024-06-14,Completed,Apple Pay,0.0
11680,5450,101,2024-06-14,Completed,Apple Pay,9.99
11681,5421,103,2024-06-14,Completed,Apple Pay,0.0
11682,5235,101,2024-06-14,Completed,PayPal,24.99
11683,5986,101,2024-06-14,Completed,Apple Pay,24.99
11684,5274,101,2024-06-14,Completed,PayPal,14.99
11685,5168,104,2024-06-14,Completed,Store Financing,0.0
11686,5162,101,2024-06-15,Completed,PayPal,9.99
11687,5861,102,2024-06-15,Completed,Store Financing,0.0
11688,5215,107,2024-06-15,Completed,Bank Transfer,0.0
11689,5927,101,2024-06-15,Completed,Apple Pay,24.99
11690,5298,101,2024-06-15,Cancelled,PayPal,0.0
11691,5638,101,2024-06-15,Completed,Apple Pay,24.99
11692,6399,101,2024-06-15,Completed,Apple Pay,14.99
11693,5757,103,2024-06-15,Completed,Bank Transfer,0.0
11694,5734,106,2024-06-15,Completed,Apple Pay,0.0
11695,5410,101,2024-06-15,Completed,Store Financing,14.99
11696,6326,101,2024-06-15,Completed,Bank Transfer,0.0
11697,6447,105,2024-06-15,Completed,Store Financing,0.0
11698,5860,101,2024-06-16,Completed,Apple Pay,24.99
11699,5355,101,2024-06-16,Completed,PayPal,0.0
11700,5100,105,2024-06-16,Completed,Credit Card,0.0
11701,5346,101,2024-06-16,Completed,PayPal,24.99
11702,5862,101,2024-06-16,Completed,Bank Transfer,0.0
11703,5271,101,2024-06-16,Completed,Bank Transfer,24.99
11704,5143,101,2024-06-16,Completed,PayPal,24.99
11705,6170,101,2024-06-16,Completed,Bank Transfer,24.99
11706,5605,102,2024-06-16,Completed,PayPal,0.0
11707,6387,101,2024-06-16,Completed,Bank Transfer,24.99
11708,5587,106,2024-06-16,Completed,PayPal,0.0
11709,5869,101,2024-06-16,Completed,Store Financing,24.99
11710,5229,105,2024-06-16,Completed,PayPal,0.0
11711,5593,102,2024-06-16,Completed,Apple Pay,0.0
11712,5630,101,2024-06-16,Completed,Bank Transfer,24.99
11713,5737,103,2024-06-16,Completed,Apple Pay,0.0
11714,5561,102,2024-06-17,Completed,Store Financing,0.0
11715,5789,105,2024-06-17,Completed,Store Financing,0.0
11716,5271,107,2024-06-17,Completed,Apple Pay,0.0
11717,5792,101,2024-06-17,Completed,Apple Pay,24.99
11718,6411,101,2024-06-17,Completed,PayPal,9.99
11719,5875,101,2024-06-17,Completed,Store Financing,24.99
11720,5235,101,2024-06-17,Completed,Bank Transfer,14.99
11721,5630,101,2024-06-18,Completed,Apple Pay,0.0
11722,5363,103,2024-06-18,Returned,Bank Transfer,0.0
11723,5290,101,2024-06-18,Completed,Store Financing,24.99
11724,5456,101,2024-06-18,Completed,PayPal,9.99
11725,6326,101,2024-06-18,Completed,Credit Card,24.99
11726,5555,102,2024-06-18,Completed,Apple Pay,0.0
11727,6051,101,2024-06-18,Completed,Apple Pay,0.0
11728,5346,103,2024-06-19,Completed,PayPal,0.0
11729,6011,101,2024-06-19,Returned,Bank Transfer,24.99
11730,5587,105,2024-06-19,Completed,Store Financing,0.0
11731,6489,101,2024-06-19,Completed,Apple Pay,14.99
11732,5346,101,2024-06-19,Cancelled,Apple Pay,0.0
11733,6442,101,2024-06-19,Completed,Store Financing,9.99
11734,5630,101,2024-06-19,Completed,Store Financing,9.99
11735,6124,101,2024-06-19,Completed,Credit Card,9.99
11736,5459,101,2024-06-19,Returned,Bank Transfer,14.99
11737,5954,101,2024-06-19,Completed,Bank Transfer,0.0
11738,6247,103,2024-06-19,Completed,Bank Transfer,0.0
11739,6442,101,2024-06-19,Completed,Apple Pay,0.0
11740,6491,101,2024-06-19,Completed,Store Financing,14.99
11741,6352,101,2024-06-19,Returned,Apple Pay,14.99
11742,5833,102,2024-06-19,Completed,Store Financing,0.0
11743,6010,101,2024-06-19,Completed,Store Financing,14.99
11744,6375,101,2024-06-19,Completed,Store Financing,9.99
11745,5908,101,2024-06-20,Completed,Credit Card,9.99
11746,5392,102,2024-06-20,Completed,Apple Pay,0.0
11747,6251,101,2024-06-20,Completed,Store Financing,14.99
11748,5858,102,2024-06-20,Completed,Store Financing,0.0
11749,6114,101,2024-06-20,Completed,Credit Card,24.99
11750,5660,102,2024-06-20,Completed,Store Financing,0.0
11751,5363,103,2024-06-20,Completed,Bank Transfer,0.0
11752,6081,102,2024-06-20,Completed,Store Financing,0.0
11753,6360,104,2024-06-20,Completed,Credit Card,0.0
11754,5638,101,2024-06-20,Completed,PayPal,24.99
11755,5197,101,2024-06-20,Returned,Credit Card,9.99
11756,6021,101,2024-06-20,Completed,Apple Pay,9.99
11757,5479,108,2024-06-20,Completed,Apple Pay,0.0
11758,5669,101,2024-06-21,Completed,Apple Pay,14.99
11759,5850,101,2024-06-21,Completed,PayPal,14.99
11760,6170,101,2024-06-21,Completed,Bank Transfer,14.99
11761,6170,101,2024-06-21,Completed,Bank Transfer,24.99
11762,6169,107,2024-06-21,Returned,Credit Card,0.0
11763,5907,103,2024-06-21,Completed,Bank Transfer,0.0
11764,5636,101,2024-06-21,Cancelled,Credit Card,9.99
11765,5337,101,2024-06-21,Returned,Apple Pay,14.99
11766,5895,101,2024-06-21,Completed,Bank Transfer,24.99
11767,5994,101,2024-06-21,Completed,Store Financing,14.99
11768,5768,101,2024-06-21,Completed,Store Financing,14.99
11769,6029,101,2024-06-21,Completed,Bank Transfer,24.99
11770,5076,104,2024-06-22,Completed,Credit Card,0.0
11771,5460,102,2024-06-22,Completed,PayPal,0.0
11772,5964,101,2024-06-22,Completed,PayPal,9.99
11773,5125,101,2024-06-22,Completed,Credit Card,0.0
11774,6474,101,2024-06-22,Completed,Apple Pay,24.99
11775,5505,101,2024-06-22,Completed,Apple Pay,24.99
11776,6441,105,2024-06-22,Completed,Credit Card,0.0
11777,5034,101,2024-06-22,Completed,PayPal,0.0
11778,5475,106,2024-06-22,Completed,Store Financing,0.0
11779,5561,102,2024-06-22,Completed,Credit Card,0.0
11780,5143,101,2024-06-22,Completed,Store Financing,0.0
11781,5312,101,2024-06-22,Completed,Store Financing,0.0
11782,6381,101,2024-06-23,Completed,PayPal,14.99
11783,6281,101,2024-06-23,Completed,Credit Card,24.99
11784,6399,101,2024-06-23,Completed,Bank Transfer,9.99
11785,6408,101,2024-06-23,Completed,Apple Pay,14.99
11786,5833,102,2024-06-23,Completed,Bank Transfer,0.0
11787,5063,103,2024-06-23,Cancelled,PayPal,0.0
11788,5874,108,2024-06-23,Completed,Apple Pay,0.0
11789,5455,101,2024-06-23,Completed,Apple Pay,24.99
11790,6453,102,2024-06-23,Completed,Bank Transfer,0.0
11791,6172,101,2024-06-23,Completed,Apple Pay,0.0
11792,6474,102,2024-06-23,Completed,Credit Card,0.0
11793,5114,101,2024-06-23,Completed,Apple Pay,14.99
11794,5775,101,2024-06-23,Completed,Store Financing,9.99
11795,6282,101,2024-06-23,Completed,Store Financing,0.0
11796,5652,103,2024-06-23,Cancelled,PayPal,0.0
11797,6033,101,2024-06-23,Completed,Bank Transfer,0.0
11798,5784,102,2024-06-24,Completed,Store Financing,0.0
11799,5482,102,2024-06-24,Completed,Store Financing,0.0
11800,6277,102,2024-06-24,Cancelled,PayPal,0.0
11801,6016,101,2024-06-24,Completed,Store Financing,9.99
11802,6033,101,2024-06-24,Completed,Bank Transfer,24.99
11803,5658,101,2024-06-24,Completed,Apple Pay,24.99
11804,6230,101,2024-06-24,Completed,PayPal,9.99
11805,6283,101,2024-06-24,Completed,Credit Card,0.0
11806,6175,105,2024-06-24,Completed,Bank Transfer,0.0
11807,5114,101,2024-06-24,Completed,Credit Card,9.99
11808,5315,101,2024-06-25,Completed,Bank Transfer,9.99
11809,5459,103,2024-06-25,Completed,PayPal,0.0
11810,5460,102,2024-06-25,Completed,Apple Pay,0.0
11811,5625,101,2024-06-25,Completed,Store Financing,0.0
11812,5224,101,2024-06-25,Completed,Credit Card,0.0
11813,5186,101,2024-06-25,Completed,Credit Card,9.99
11814,6018,101,2024-06-25,Completed,Apple Pay,9.99
11815,6172,108,2024-06-25,Cancelled,Bank Transfer,0.0
11816,6453,102,2024-06-25,Completed,Credit Card,0.0
11817,5346,101,2024-06-25,Completed,Store Financing,14.99
11818,5750,107,2024-06-25,Completed,Bank Transfer,0.0
11819,5155,101,2024-06-25,Completed,Bank Transfer,9.99
11820,5840,101,2024-06-25,Completed,Credit Card,0.0
11821,5544,104,2024-06-26,Completed,Store Financing,0.0
11822,5077,101,2024-06-26,Completed,Apple Pay,9.99
11823,5129,108,2024-06-26,Completed,Apple Pay,0.0
11824,6480,105,2024-06-26,Completed,Bank Transfer,0.0
11825,5603,101,2024-06-26,Completed,Bank Transfer,14.99
11826,6262,101,2024-06-26,Completed,PayPal,9.99
11827,6337,101,2024-06-26,Cancelled,Bank Transfer,0.0
11828,5216,101,2024-06-26,Completed,Bank Transfer,0.0
11829,5231,101,2024-06-26,Completed,Credit Card,0.0
11830,6247,101,2024-06-26,Completed,Credit Card,9.99
11831,5466,101,2024-06-26,Completed,Credit Card,24.99
11832,5454,101,2024-06-26,Completed,Apple Pay,24.99
11833,5606,101,2024-06-26,Completed,Store Financing,9.99
11834,5219,101,2024-06-26,Completed,Apple Pay,9.99
11835,6388,101,2024-06-26,Completed,PayPal,9.99
11836,6455,101,2024-06-26,Completed,Apple Pay,24.99
11837,6500,101,2024-06-27,Completed,Apple Pay,9.99
11838,5208,104,2024-06-27,Completed,Bank Transfer,0.0
11839,6498,107,2024-06-27,Completed,PayPal,0.0
11840,5427,105,2024-06-27,Completed,Store Financing,0.0
11841,6429,101,2024-06-27,Completed,PayPal,24.99
11842,6468,108,2024-06-27,Completed,Store Financing,0.0
11843,6339,101,2024-06-27,Completed,Credit Card,14.99
11844,5208,104,2024-06-27,Completed,Store Financing,0.0
11845,5789,101,2024-06-27,Completed,Bank Transfer,14.99
11846,5636,107,2024-06-27,Completed,PayPal,0.0
11847,5063,101,2024-06-27,Completed,Apple Pay,9.99
11848,6227,103,2024-06-28,Completed,Store Financing,0.0
11849,6230,101,2024-06-28,Completed,Bank Transfer,0.0
11850,6050,101,2024-06-28,Completed,Credit Card,9.99
11851,6119,103,2024-06-28,Completed,Apple Pay,0.0
11852,5927,101,2024-06-28,Completed,PayPal,24.99
11853,5481,101,2024-06-28,Completed,PayPal,0.0
11854,5126,101,2024-06-28,Completed,Bank Transfer,14.99
11855,5601,101,2024-06-28,Completed,Credit Card,9.99
11856,6006,107,2024-06-28,Completed,Apple Pay,0.0
11857,5491,101,2024-06-28,Completed,Apple Pay,24.99
11858,6399,101,2024-06-28,Completed,Credit Card,0.0
11859,5147,106,2024-06-29,Completed,Credit Card,0.0
11860,5156,101,2024-06-29,Completed,Store Financing,24.99
11861,5464,101,2024-06-29,Completed,Credit Card,9.99
11862,5460,101,2024-06-29,Completed,Apple Pay,14.99
11863,6120,101,2024-06-29,Completed,Credit Card,24.99
11864,5855,101,2024-06-29,Completed,PayPal,0.0
11865,5173,105,2024-06-29,Completed,Bank Transfer,0.0
11866,6073,107,2024-06-29,Completed,Store Financing,0.0
11867,6150,101,2024-06-29,Completed,Store Financing,24.99
11868,6498,101,2024-06-29,Completed,Store Financing,14.99
11869,6026,102,2024-06-29,Completed,Apple Pay,0.0
11870,5170,101,2024-06-29,Completed,Store Financing,24.99
11871,5306,103,2024-06-29,Cancelled,Credit Card,0.0
11872,6455,101,2024-06-29,Returned,Credit Card,9.99
11873,5614,101,2024-06-29,Completed,Apple Pay,0.0
11874,5080,101,2024-06-30,Completed,Bank Transfer,24.99
11875,5349,101,2024-06-30,Cancelled,Store Financing,24.99
11876,5822,101,2024-06-30,Completed,Bank Transfer,0.0
11877,5658,102,2024-06-30,Completed,PayPal,0.0
11878,5147,105,2024-06-30,Completed,Credit Card,0.0
11879,5025,101,2024-06-30,Completed,Apple Pay,9.99
11880,5155,101,2024-06-30,Completed,PayPal,9.99
11881,5652,101,2024-06-30,Completed,Credit Card,9.99
11882,6172,101,2024-06-30,Completed,Credit Card,0.0
11883,5306,101,2024-06-30,Completed,Store Financing,24.99
11884,5208,101,2024-06-30,Completed,Store Financing,0.0
11885,5652,104,2024-06-30,Completed,PayPal,0.0
11886,5070,101,2024-06-30,Completed,Bank Transfer,14.99
11887,5382,101,2024-06-30,Completed,Bank Transfer,0.0
11888,5395,105,2024-06-30,Completed,Store Financing,0.0
11889,6175,101,2024-06-30,Completed,Bank Transfer,24.99
11890,5043,101,2024-06-30,Completed,Store Financing,0.0
11891,5334,101,2024-06-30,Completed,PayPal,24.99
11892,5421,101,2024-06-30,Completed,Bank Transfer,14.99
11893,5895,101,2024-07-01,Completed,PayPal,14.99
11894,5065,101,2024-07-01,Completed,PayPal,14.99
11895,6137,107,2024-07-01,Completed,Bank Transfer,0.0
11896,5080,101,2024-07-01,Completed,Bank Transfer,24.99
11897,6248,102,2024-07-01,Completed,PayPal,0.0
11898,5928,101,2024-07-01,Completed,PayPal,14.99
11899,6489,101,2024-07-01,Completed,Store Financing,14.99
11900,5287,106,2024-07-01,Completed,PayPal,0.0
11901,6262,104,2024-07-01,Completed,PayPal,0.0
11902,6119,101,2024-07-01,Completed,PayPal,24.99
11903,5658,101,2024-07-01,Completed,Bank Transfer,9.99
11904,5002,101,2024-07-02,Completed,Apple Pay,24.99
11905,5635,101,2024-07-02,Completed,Bank Transfer,24.99
11906,5219,105,2024-07-02,Completed,PayPal,0.0
11907,5349,108,2024-07-02,Returned,Apple Pay,0.0
11908,6360,103,2024-07-02,Completed,Store Financing,0.0
11909,5943,103,2024-07-02,Completed,Credit Card,0.0
11910,6448,101,2024-07-02,Completed,PayPal,9.99
11911,6033,108,2024-07-02,Returned,Credit Card,0.0
11912,5561,101,2024-07-02,Completed,Credit Card,14.99
11913,6336,108,2024-07-02,Completed,Bank Transfer,0.0
11914,6011,101,2024-07-02,Completed,Apple Pay,24.99
11915,5561,102,2024-07-02,Completed,Bank Transfer,0.0
11916,6177,101,2024-07-02,Completed,Credit Card,14.99
11917,6247,101,2024-07-02,Completed,Apple Pay,9.99
11918,5275,108,2024-07-02,Completed,Apple Pay,0.0
11919,5650,106,2024-07-03,Completed,Apple Pay,0.0
11920,5201,105,2024-07-03,Completed,Credit Card,0.0
11921,5625,101,2024-07-03,Completed,Store Financing,14.99
11922,6442,105,2024-07-03,Completed,PayPal,0.0
11923,5747,101,2024-07-03,Completed,PayPal,0.0
11924,5943,101,2024-07-03,Completed,Bank Transfer,14.99
11925,5987,107,2024-07-03,Completed,Apple Pay,0.0
11926,5645,101,2024-07-03,Completed,Bank Transfer,14.99
11927,5915,104,2024-07-03,Completed,Store Financing,0.0
11928,5428,101,2024-07-03,Completed,Credit Card,14.99
11929,5648,101,2024-07-03,Completed,Store Financing,9.99
11930,5077,101,2024-07-03,Completed,Credit Card,14.99
11931,6464,101,2024-07-03,Completed,Bank Transfer,24.99
11932,5371,107,2024-07-03,Completed,Bank Transfer,0.0
11933,5274,105,2024-07-03,Completed,PayPal,0.0
11934,5021,101,2024-07-04,Completed,Apple Pay,24.99
11935,6037,101,2024-07-04,Completed,Store Financing,0.0
11936,5159,101,2024-07-04,Completed,Store Financing,14.99
11937,6313,104,2024-07-04,Completed,Store Financing,0.0
11938,5185,108,2024-07-04,Completed,Apple Pay,0.0
11939,6033,101,2024-07-04,Completed,PayPal,0.0
11940,5388,102,2024-07-04,Completed,Bank Transfer,0.0
11941,5188,101,2024-07-05,Completed,Bank Transfer,14.99
11942,5605,101,2024-07-05,Completed,Apple Pay,9.99
11943,6454,101,2024-07-05,Completed,Bank Transfer,9.99
11944,5271,101,2024-07-05,Completed,Credit Card,9.99
11945,5063,101,2024-07-05,Completed,PayPal,14.99
11946,5215,101,2024-07-05,Completed,Credit Card,0.0
11947,6326,101,2024-07-05,Completed,Store Financing,24.99
11948,5350,101,2024-07-05,Completed,Apple Pay,0.0
11949,5080,102,2024-07-05,Completed,Credit Card,0.0
11950,5125,101,2024-07-05,Completed,Bank Transfer,14.99
11951,6033,101,2024-07-05,Completed,Credit Card,14.99
11952,6500,101,2024-07-05,Completed,PayPal,9.99
11953,6228,104,2024-07-05,Completed,Apple Pay,0.0
11954,5328,103,2024-07-05,Completed,PayPal,0.0
11955,6228,103,2024-07-05,Completed,Apple Pay,0.0
11956,6365,101,2024-07-05,Completed,Store Financing,24.99
11957,5466,104,2024-07-06,Completed,Credit Card,0.0
11958,5426,101,2024-07-06,Completed,Bank Transfer,14.99
11959,6411,107,2024-07-06,Completed,Credit Card,0.0
11960,5389,101,2024-07-06,Completed,Credit Card,14.99
11961,6429,102,2024-07-06,Completed,Credit Card,0.0
11962,5227,101,2024-07-06,Completed,Apple Pay,14.99
11963,5577,105,2024-07-06,Completed,PayPal,0.0
11964,5628,101,2024-07-06,Completed,Apple Pay,9.99
11965,5466,101,2024-07-06,Completed,PayPal,9.99
11966,6021,101,2024-07-06,Completed,PayPal,14.99
11967,5869,101,2024-07-06,Completed,Bank Transfer,14.99
11968,6196,101,2024-07-06,Completed,Apple Pay,0.0
11969,5862,101,2024-07-06,Completed,Apple Pay,0.0
11970,6396,101,2024-07-07,Completed,PayPal,9.99
11971,5597,101,2024-07-07,Completed,PayPal,24.99
11972,6175,101,2024-07-07,Completed,PayPal,24.99
11973,5020,101,2024-07-07,Completed,Credit Card,0.0
11974,6175,105,2024-07-07,Completed,Apple Pay,0.0
11975,5966,101,2024-07-07,Completed,Store Financing,14.99
11976,6170,102,2024-07-07,Completed,Store Financing,0.0
11977,6411,101,2024-07-07,Cancelled,Store Financing,14.99
11978,6043,101,2024-07-07,Completed,Bank Transfer,9.99
11979,5645,101,2024-07-07,Completed,PayPal,9.99
11980,5427,105,2024-07-07,Completed,Credit Card,0.0
11981,5229,101,2024-07-07,Completed,Store Financing,24.99
11982,6262,101,2024-07-07,Completed,Store Financing,0.0
11983,6104,108,2024-07-07,Returned,Bank Transfer,0.0
11984,5757,104,2024-07-07,Completed,PayPal,0.0
11985,5963,105,2024-07-07,Completed,Credit Card,0.0
11986,6203,103,2024-07-08,Completed,PayPal,0.0
11987,5981,101,2024-07-08,Completed,Credit Card,0.0
11988,6175,106,2024-07-08,Completed,PayPal,0.0
11989,5271,101,2024-07-08,Completed,Store Financing,24.99
11990,6464,101,2024-07-08,Completed,PayPal,0.0
11991,5895,101,2024-07-08,Completed,Credit Card,0.0
11992,6175,101,2024-07-08,Completed,Apple Pay,24.99
11993,5949,108,2024-07-08,Completed,Store Financing,0.0
11994,5070,101,2024-07-09,Completed,Bank Transfer,0.0
11995,5325,102,2024-07-09,Completed,Bank Transfer,0.0
11996,6491,101,2024-07-09,Completed,Credit Card,9.99
11997,6071,101,2024-07-09,Completed,Bank Transfer,9.99
11998,5017,105,2024-07-09,Completed,Bank Transfer,0.0
11999,6326,104,2024-07-09,Completed,Bank Transfer,0.0
12000,6422,101,2024-07-09,Completed,PayPal,24.99
12001,5114,101,2024-07-10,Completed,Store Financing,14.99
12002,6026,101,2024-07-10,Completed,Store Financing,24.99
12003,6417,108,2024-07-10,Completed,Apple Pay,0.0
12004,5466,104,2024-07-10,Completed,PayPal,0.0
12005,5970,101,2024-07-10,Completed,PayPal,0.0
12006,5038,101,2024-07-10,Completed,Store Financing,14.99
12007,6441,106,2024-07-10,Completed,Credit Card,0.0
12008,5018,104,2024-07-10,Returned,Credit Card,0.0
12009,6182,103,2024-07-10,Completed,Apple Pay,0.0
12010,5112,101,2024-07-10,Cancelled,Apple Pay,14.99
12011,5774,101,2024-07-10,Completed,Credit Card,0.0
12012,6172,108,2024-07-10,Completed,Credit Card,0.0
12013,6050,101,2024-07-11,Completed,Bank Transfer,14.99
12014,5490,101,2024-07-11,Completed,Bank Transfer,9.99
12015,5315,103,2024-07-11,Completed,Apple Pay,0.0
12016,5651,107,2024-07-11,Completed,Bank Transfer,0.0
12017,6337,101,2024-07-11,Completed,Bank Transfer,9.99
12018,5643,105,2024-07-11,Completed,Bank Transfer,0.0
12019,6010,101,2024-07-11,Completed,PayPal,9.99
12020,5454,103,2024-07-11,Completed,Store Financing,0.0
12021,5235,108,2024-07-11,Completed,PayPal,0.0
12022,5202,101,2024-07-11,Completed,Credit Card,14.99
12023,5939,101,2024-07-11,Completed,Bank Transfer,14.99
12024,5505,101,2024-07-11,Completed,Bank Transfer,14.99
12025,5108,101,2024-07-12,Completed,PayPal,14.99
12026,5946,101,2024-07-12,Completed,Credit Card,14.99
12027,5162,101,2024-07-12,Completed,Credit Card,9.99
12028,6394,101,2024-07-12,Completed,Credit Card,0.0
12029,5371,101,2024-07-12,Completed,Store Financing,9.99
12030,5738,104,2024-07-12,Completed,Store Financing,0.0
12031,5930,101,2024-07-12,Completed,Apple Pay,0.0
12032,6383,108,2024-07-12,Completed,Apple Pay,0.0
12033,6010,101,2024-07-12,Completed,Apple Pay,0.0
12034,5394,108,2024-07-12,Completed,Bank Transfer,0.0
12035,5889,101,2024-07-12,Completed,Bank Transfer,24.99
12036,6341,103,2024-07-12,Completed,Credit Card,0.0
12037,6491,102,2024-07-12,Completed,PayPal,0.0
12038,6050,103,2024-07-13,Completed,Apple Pay,0.0
12039,5920,102,2024-07-13,Completed,Store Financing,0.0
12040,5224,101,2024-07-13,Completed,Store Financing,0.0
12041,5301,101,2024-07-13,Completed,PayPal,14.99
12042,5468,107,2024-07-13,Completed,Apple Pay,0.0
12043,5749,101,2024-07-13,Completed,Bank Transfer,14.99
12044,5869,108,2024-07-13,Completed,Apple Pay,0.0
12045,6010,101,2024-07-13,Returned,PayPal,14.99
12046,5898,106,2024-07-13,Completed,Bank Transfer,0.0
12047,5817,101,2024-07-13,Completed,Store Financing,14.99
12048,6252,101,2024-07-13,Completed,Apple Pay,0.0
12049,5577,101,2024-07-13,Completed,PayPal,14.99
12050,5635,101,2024-07-13,Completed,Bank Transfer,14.99
12051,5675,101,2024-07-13,Completed,Apple Pay,9.99
12052,6086,101,2024-07-13,Completed,Credit Card,24.99
12053,5138,108,2024-07-13,Cancelled,PayPal,0.0
12054,5544,104,2024-07-13,Completed,PayPal,0.0
12055,5277,101,2024-07-13,Completed,Apple Pay,9.99
12056,5366,101,2024-07-13,Completed,PayPal,0.0
12057,5046,101,2024-07-14,Returned,Store Financing,14.99
12058,5334,101,2024-07-14,Completed,Bank Transfer,0.0
12059,5614,101,2024-07-14,Completed,Bank Transfer,14.99
12060,6099,107,2024-07-14,Completed,PayPal,0.0
12061,6095,108,2024-07-14,Cancelled,Bank Transfer,0.0
12062,5612,101,2024-07-14,Completed,Store Financing,0.0
12063,6436,108,2024-07-14,Completed,Bank Transfer,0.0
12064,6184,102,2024-07-14,Completed,Store Financing,0.0
12065,5658,101,2024-07-14,Completed,PayPal,14.99
12066,6321,108,2024-07-14,Completed,PayPal,0.0
12067,5915,104,2024-07-15,Completed,Apple Pay,0.0
12068,5122,107,2024-07-15,Completed,PayPal,0.0
12069,6021,101,2024-07-15,Returned,Bank Transfer,9.99
12070,6252,103,2024-07-15,Completed,Credit Card,0.0
12071,5892,105,2024-07-15,Completed,Store Financing,0.0
12072,6453,101,2024-07-15,Completed,Apple Pay,0.0
12073,6258,101,2024-07-15,Completed,Store Financing,14.99
12074,5516,102,2024-07-15,Completed,Bank Transfer,0.0
12075,5117,101,2024-07-15,Completed,Store Financing,0.0
12076,6032,101,2024-07-15,Completed,Credit Card,9.99
12077,5466,101,2024-07-15,Completed,Apple Pay,14.99
12078,5889,101,2024-07-15,Completed,Store Financing,9.99
12079,6141,101,2024-07-15,Completed,Bank Transfer,24.99
12080,6050,104,2024-07-15,Completed,Apple Pay,0.0
12081,5372,101,2024-07-15,Completed,Store Financing,9.99
12082,6280,101,2024-07-15,Completed,Apple Pay,9.99
12083,5587,101,2024-07-15,Completed,Apple Pay,9.99
12084,5147,101,2024-07-16,Cancelled,Credit Card,14.99
12085,5587,101,2024-07-16,Completed,PayPal,14.99
12086,6474,102,2024-07-16,Completed,Credit Card,0.0
12087,6150,101,2024-07-16,Completed,Store Financing,9.99
12088,5126,101,2024-07-16,Completed,PayPal,0.0
12089,6252,101,2024-07-16,Completed,PayPal,0.0
12090,6336,101,2024-07-16,Completed,Bank Transfer,14.99
12091,5379,104,2024-07-17,Completed,Store Financing,0.0
12092,5017,101,2024-07-17,Completed,PayPal,24.99
12093,5271,107,2024-07-17,Completed,PayPal,0.0
12094,6033,101,2024-07-17,Completed,Store Financing,14.99
12095,5934,101,2024-07-17,Completed,PayPal,9.99
12096,6088,101,2024-07-17,Completed,PayPal,14.99
12097,6021,106,2024-07-17,Completed,Store Financing,0.0
12098,5915,101,2024-07-17,Completed,Credit Card,14.99
12099,6490,102,2024-07-17,Returned,Bank Transfer,0.0
12100,5046,107,2024-07-17,Completed,Bank Transfer,0.0
12101,5298,101,2024-07-17,Completed,PayPal,0.0
12102,5531,101,2024-07-17,Cancelled,Store Financing,14.99
12103,5479,107,2024-07-17,Completed,Apple Pay,0.0
12104,6039,103,2024-07-17,Completed,Credit Card,0.0
12105,6018,106,2024-07-17,Cancelled,Bank Transfer,0.0
12106,5147,101,2024-07-17,Completed,PayPal,14.99
12107,5269,101,2024-07-17,Completed,Store Financing,9.99
12108,5860,104,2024-07-18,Completed,Credit Card,0.0
12109,5783,103,2024-07-18,Completed,Bank Transfer,0.0
12110,5426,108,2024-07-18,Completed,Store Financing,0.0
12111,6310,101,2024-07-18,Completed,PayPal,0.0
12112,6177,106,2024-07-18,Completed,PayPal,0.0
12113,5579,101,2024-07-18,Completed,Apple Pay,14.99
12114,6263,107,2024-07-18,Completed,PayPal,0.0
12115,6262,101,2024-07-19,Completed,PayPal,0.0
12116,6285,106,2024-07-19,Completed,PayPal,0.0
12117,5799,101,2024-07-19,Completed,Apple Pay,0.0
12118,6436,101,2024-07-19,Completed,Store Financing,24.99
12119,6383,107,2024-07-19,Returned,Bank Transfer,0.0
12120,6281,102,2024-07-19,Completed,Bank Transfer,0.0
12121,6381,101,2024-07-19,Completed,Store Financing,24.99
12122,6182,101,2024-07-19,Completed,Apple Pay,9.99
12123,6262,101,2024-07-19,Returned,Credit Card,14.99
12124,5025,101,2024-07-19,Completed,Store Financing,0.0
12125,5274,101,2024-07-19,Completed,PayPal,0.0
12126,5939,102,2024-07-19,Completed,Apple Pay,0.0
12127,6475,101,2024-07-19,Completed,Bank Transfer,14.99
12128,5846,101,2024-07-19,Completed,Apple Pay,24.99
12129,5822,102,2024-07-19,Completed,Store Financing,0.0
12130,6079,101,2024-07-20,Completed,Apple Pay,14.99
12131,6037,101,2024-07-20,Completed,PayPal,14.99
12132,6396,101,2024-07-20,Completed,Credit Card,24.99
12133,5561,102,2024-07-20,Completed,Apple Pay,0.0
12134,6435,107,2024-07-20,Completed,Credit Card,0.0
12135,6453,101,2024-07-20,Completed,Bank Transfer,9.99
12136,5345,104,2024-07-20,Cancelled,Bank Transfer,0.0
12137,5615,101,2024-07-20,Completed,Apple Pay,0.0
12138,6216,101,2024-07-20,Completed,Credit Card,9.99
12139,6444,101,2024-07-20,Completed,Apple Pay,24.99
12140,6498,101,2024-07-20,Completed,Store Financing,9.99
12141,5970,101,2024-07-20,Completed,Apple Pay,24.99
12142,5346,104,2024-07-21,Completed,Apple Pay,0.0
12143,6005,101,2024-07-21,Completed,Store Financing,9.99
12144,5298,101,2024-07-21,Completed,Apple Pay,24.99
12145,6498,107,2024-07-21,Completed,Store Financing,0.0
12146,5063,101,2024-07-21,Completed,Store Financing,9.99
12147,6436,101,2024-07-21,Completed,PayPal,14.99
12148,5087,101,2024-07-21,Completed,Credit Card,24.99
12149,6442,101,2024-07-21,Completed,Bank Transfer,14.99
12150,5138,101,2024-07-21,Returned,Credit Card,24.99
12151,5612,107,2024-07-21,Completed,Store Financing,0.0
12152,6172,101,2024-07-21,Completed,Bank Transfer,9.99
12153,5630,101,2024-07-21,Completed,PayPal,0.0
12154,6484,107,2024-07-21,Completed,Store Financing,0.0
12155,6119,101,2024-07-22,Cancelled,Bank Transfer,9.99
12156,6489,106,2024-07-22,Completed,Apple Pay,0.0
12157,5197,106,2024-07-22,Completed,Credit Card,0.0
12158,6137,108,2024-07-22,Completed,PayPal,0.0
12159,5907,103,2024-07-22,Completed,Credit Card,0.0
12160,5315,101,2024-07-22,Completed,PayPal,0.0
12161,5908,108,2024-07-22,Completed,Bank Transfer,0.0
12162,5329,102,2024-07-22,Completed,Credit Card,0.0
12163,5340,104,2024-07-22,Completed,PayPal,0.0
12164,6461,101,2024-07-22,Completed,PayPal,14.99
12165,6140,102,2024-07-22,Completed,Store Financing,0.0
12166,5544,101,2024-07-22,Completed,Credit Card,24.99
12167,6127,101,2024-07-22,Completed,Bank Transfer,0.0
12168,5225,101,2024-07-22,Completed,Bank Transfer,9.99
12169,5345,103,2024-07-22,Completed,Bank Transfer,0.0
12170,5591,101,2024-07-22,Completed,Store Financing,24.99
12171,5658,101,2024-07-23,Completed,Store Financing,0.0
12172,5100,105,2024-07-23,Completed,Bank Transfer,0.0
12173,5427,105,2024-07-23,Completed,Bank Transfer,0.0
12174,6247,104,2024-07-23,Cancelled,Store Financing,0.0
12175,5587,105,2024-07-23,Completed,Credit Card,0.0
12176,6326,104,2024-07-23,Completed,PayPal,0.0
12177,5874,101,2024-07-23,Completed,Credit Card,14.99
12178,6439,102,2024-07-23,Completed,Store Financing,0.0
12179,5318,107,2024-07-23,Completed,Credit Card,0.0
12180,5577,105,2024-07-23,Completed,Apple Pay,0.0
12181,6175,106,2024-07-23,Completed,PayPal,0.0
12182,5046,107,2024-07-23,Completed,Bank Transfer,0.0
12183,5271,108,2024-07-23,Completed,PayPal,0.0
12184,6033,107,2024-07-23,Completed,Bank Transfer,0.0
12185,5036,102,2024-07-23,Completed,Store Financing,0.0
12186,6203,104,2024-07-24,Completed,PayPal,0.0
12187,6041,101,2024-07-24,Completed,Credit Card,24.99
12188,5750,108,2024-07-24,Completed,Store Financing,0.0
12189,5168,101,2024-07-24,Completed,Apple Pay,9.99
12190,5454,101,2024-07-24,Completed,Credit Card,24.99
12191,6071,101,2024-07-24,Completed,Credit Card,14.99
12192,5002,102,2024-07-24,Completed,Store Financing,0.0
12193,5587,106,2024-07-25,Completed,Store Financing,0.0
12194,5095,101,2024-07-25,Completed,Apple Pay,9.99
12195,5351,106,2024-07-25,Completed,Store Financing,0.0
12196,6051,102,2024-07-25,Completed,Credit Card,0.0
12197,6345,102,2024-07-25,Completed,Apple Pay,0.0
12198,5697,101,2024-07-25,Returned,PayPal,14.99
12199,5133,101,2024-07-25,Completed,PayPal,14.99
12200,5197,101,2024-07-25,Completed,Apple Pay,0.0
12201,6204,106,2024-07-25,Completed,Apple Pay,0.0
12202,6023,101,2024-07-25,Completed,Credit Card,9.99
12203,6018,101,2024-07-26,Completed,Store Financing,0.0
12204,5956,105,2024-07-26,Completed,Apple Pay,0.0
12205,5744,101,2024-07-26,Completed,Bank Transfer,14.99
12206,6037,103,2024-07-26,Completed,Store Financing,0.0
12207,5155,101,2024-07-26,Completed,Credit Card,14.99
12208,6435,101,2024-07-26,Completed,Credit Card,14.99
12209,5628,106,2024-07-26,Completed,Bank Transfer,0.0
12210,5629,101,2024-07-27,Completed,PayPal,0.0
12211,6381,103,2024-07-27,Completed,Store Financing,0.0
12212,6453,101,2024-07-27,Completed,Store Financing,14.99
12213,5114,101,2024-07-27,Completed,Apple Pay,24.99
12214,6401,101,2024-07-27,Completed,Apple Pay,0.0
12215,6362,104,2024-07-27,Completed,PayPal,0.0
12216,6398,101,2024-07-27,Completed,Store Financing,0.0
12217,6455,101,2024-07-27,Completed,Apple Pay,0.0
12218,6262,101,2024-07-27,Completed,Bank Transfer,0.0
12219,6175,106,2024-07-27,Completed,Store Financing,0.0
12220,5202,101,2024-07-27,Completed,Store Financing,14.99
12221,5156,104,2024-07-27,Returned,Store Financing,0.0
12222,6057,101,2024-07-27,Completed,Credit Card,9.99
12223,6095,101,2024-07-27,Completed,Apple Pay,9.99
12224,5491,101,2024-07-27,Completed,Store Financing,24.99
12225,5114,108,2024-07-28,Completed,Store Financing,0.0
12226,6348,107,2024-07-28,Completed,Apple Pay,0.0
12227,5418,101,2024-07-28,Completed,Bank Transfer,14.99
12228,5846,101,2024-07-28,Cancelled,PayPal,24.99
12229,5760,108,2024-07-28,Completed,Bank Transfer,0.0
12230,5343,102,2024-07-28,Completed,Store Financing,0.0
12231,5683,105,2024-07-28,Completed,PayPal,0.0
12232,5852,101,2024-07-28,Completed,Store Financing,24.99
12233,5592,101,2024-07-28,Cancelled,Bank Transfer,24.99
12234,6203,101,2024-07-28,Completed,Bank Transfer,14.99
12235,6453,102,2024-07-29,Completed,Bank Transfer,0.0
12236,5077,102,2024-07-29,Completed,Bank Transfer,0.0
12237,5943,101,2024-07-29,Completed,Credit Card,24.99
12238,5668,101,2024-07-29,Completed,Bank Transfer,0.0
12239,5749,107,2024-07-29,Completed,Apple Pay,0.0
12240,5869,101,2024-07-29,Completed,Apple Pay,24.99
12241,5197,101,2024-07-29,Completed,Apple Pay,0.0
12242,6023,107,2024-07-29,Completed,PayPal,0.0
12243,5754,106,2024-07-29,Completed,Apple Pay,0.0
12244,6184,102,2024-07-29,Completed,PayPal,0.0
12245,5577,106,2024-07-29,Completed,Store Financing,0.0
12246,6265,106,2024-07-29,Completed,Bank Transfer,0.0
12247,5401,104,2024-07-29,Completed,Apple Pay,0.0
12248,5274,101,2024-07-30,Completed,Credit Card,14.99
12249,6107,101,2024-07-30,Completed,Store Financing,14.99
12250,5705,106,2024-07-30,Completed,Bank Transfer,0.0
12251,5855,108,2024-07-30,Completed,Store Financing,0.0
12252,5133,102,2024-07-30,Completed,Bank Transfer,0.0
12253,5080,102,2024-07-30,Completed,Store Financing,0.0
12254,5751,102,2024-07-30,Completed,Bank Transfer,0.0
12255,5786,101,2024-07-30,Completed,Bank Transfer,0.0
12256,5301,101,2024-07-30,Completed,PayPal,24.99
12257,5903,105,2024-07-30,Completed,PayPal,0.0
12258,6229,101,2024-07-30,Completed,PayPal,24.99
12259,6285,101,2024-07-30,Completed,Apple Pay,0.0
12260,5363,101,2024-07-30,Completed,PayPal,9.99
12261,6098,104,2024-07-30,Completed,PayPal,0.0
12262,6140,101,2024-07-30,Completed,Apple Pay,24.99
12263,6461,108,2024-07-30,Completed,Apple Pay,0.0
12264,6411,101,2024-07-31,Completed,Apple Pay,14.99
12265,5170,106,2024-07-31,Completed,Store Financing,0.0
12266,5844,101,2024-07-31,Completed,Apple Pay,24.99
12267,5514,101,2024-07-31,Completed,PayPal,9.99
12268,6033,108,2024-07-31,Completed,Apple Pay,0.0
12269,5806,101,2024-07-31,Completed,Apple Pay,24.99
12270,5077,102,2024-07-31,Completed,Credit Card,0.0
12271,5576,102,2024-08-01,Completed,Apple Pay,0.0
12272,5870,108,2024-08-01,Returned,Apple Pay,0.0
12273,6147,101,2024-08-01,Completed,Apple Pay,24.99
12274,6435,107,2024-08-01,Returned,Bank Transfer,0.0
12275,5889,101,2024-08-01,Completed,Credit Card,0.0
12276,5928,101,2024-08-01,Completed,Apple Pay,14.99
12277,5133,101,2024-08-01,Completed,PayPal,14.99
12278,6149,103,2024-08-01,Returned,Credit Card,0.0
12279,5728,102,2024-08-01,Completed,PayPal,0.0
12280,6093,101,2024-08-01,Completed,Bank Transfer,9.99
12281,5587,105,2024-08-01,Completed,Store Financing,0.0
12282,5544,101,2024-08-01,Completed,Apple Pay,0.0
12283,6037,101,2024-08-02,Completed,Bank Transfer,9.99
12284,5025,101,2024-08-02,Completed,Apple Pay,24.99
12285,5645,104,2024-08-02,Completed,Apple Pay,0.0
12286,5318,101,2024-08-02,Completed,Apple Pay,9.99
12287,5235,101,2024-08-02,Completed,Bank Transfer,14.99
12288,6441,101,2024-08-02,Completed,Credit Card,24.99
12289,5846,101,2024-08-03,Completed,Bank Transfer,9.99
12290,6184,101,2024-08-03,Completed,PayPal,0.0
12291,6262,103,2024-08-03,Completed,PayPal,0.0
12292,5238,101,2024-08-03,Completed,Store Financing,14.99
12293,6339,101,2024-08-03,Cancelled,Apple Pay,0.0
12294,5783,101,2024-08-03,Completed,Bank Transfer,14.99
12295,5468,101,2024-08-03,Completed,Credit Card,0.0
12296,5652,101,2024-08-03,Completed,Store Financing,0.0
12297,6359,101,2024-08-03,Completed,Credit Card,14.99
12298,5851,104,2024-08-03,Completed,Credit Card,0.0
12299,5954,101,2024-08-04,Completed,PayPal,14.99
12300,5468,101,2024-08-04,Completed,PayPal,14.99
12301,5998,101,2024-08-04,Completed,Bank Transfer,24.99
12302,6124,101,2024-08-04,Completed,Apple Pay,9.99
12303,6326,104,2024-08-04,Completed,PayPal,0.0
12304,5998,101,2024-08-04,Completed,Credit Card,0.0
12305,5754,105,2024-08-04,Completed,Credit Card,0.0
12306,5065,108,2024-08-04,Completed,Credit Card,0.0
12307,6029,101,2024-08-04,Completed,Store Financing,24.99
12308,6201,101,2024-08-04,Returned,Bank Transfer,14.99
12309,5587,101,2024-08-04,Completed,PayPal,9.99
12310,5856,101,2024-08-04,Completed,PayPal,24.99
12311,6033,107,2024-08-05,Completed,Store Financing,0.0
12312,5751,101,2024-08-05,Completed,PayPal,24.99
12313,5970,101,2024-08-05,Completed,Store Financing,0.0
12314,5910,101,2024-08-05,Completed,PayPal,9.99
12315,6203,101,2024-08-05,Completed,PayPal,14.99
12316,6127,101,2024-08-05,Completed,Credit Card,24.99
12317,5395,101,2024-08-05,Completed,PayPal,9.99
12318,6488,105,2024-08-05,Completed,Store Financing,0.0
12319,5354,101,2024-08-05,Completed,Credit Card,14.99
12320,6011,107,2024-08-05,Completed,Apple Pay,0.0
12321,6294,101,2024-08-05,Completed,Bank Transfer,0.0
12322,6352,101,2024-08-06,Completed,Credit Card,0.0
12323,5716,101,2024-08-06,Completed,Bank Transfer,0.0
12324,5903,101,2024-08-06,Completed,PayPal,24.99
12325,5475,105,2024-08-06,Completed,Store Financing,0.0
12326,5426,101,2024-08-06,Completed,Store Financing,0.0
12327,6406,102,2024-08-06,Completed,Store Financing,0.0
12328,5848,101,2024-08-06,Completed,Store Financing,9.99
12329,5822,102,2024-08-06,Completed,Store Financing,0.0
12330,5250,101,2024-08-06,Completed,Bank Transfer,24.99
12331,5943,101,2024-08-07,Completed,PayPal,14.99
12332,5915,101,2024-08-07,Completed,PayPal,9.99
12333,6444,101,2024-08-07,Completed,Store Financing,9.99
12334,5041,101,2024-08-07,Completed,Bank Transfer,24.99
12335,5077,101,2024-08-07,Completed,Store Financing,24.99
12336,6307,103,2024-08-07,Completed,Credit Card,0.0
12337,6127,102,2024-08-07,Completed,PayPal,0.0
12338,5587,101,2024-08-07,Completed,Credit Card,14.99
12339,5597,102,2024-08-07,Completed,Credit Card,0.0
12340,6170,101,2024-08-08,Completed,Store Financing,0.0
12341,5597,102,2024-08-08,Completed,Credit Card,0.0
12342,6435,107,2024-08-08,Completed,PayPal,0.0
12343,5319,101,2024-08-08,Completed,Bank Transfer,24.99
12344,5577,101,2024-08-08,Returned,Apple Pay,24.99
12345,5418,101,2024-08-08,Completed,Store Financing,14.99
12346,6394,104,2024-08-08,Completed,Apple Pay,0.0
12347,6443,102,2024-08-08,Completed,Bank Transfer,0.0
12348,6050,104,2024-08-09,Completed,Credit Card,0.0
12349,5751,101,2024-08-09,Completed,PayPal,14.99
12350,6491,102,2024-08-09,Completed,Credit Card,0.0
12351,6373,101,2024-08-09,Completed,Credit Card,0.0
12352,6463,101,2024-08-09,Completed,Credit Card,0.0
12353,5645,103,2024-08-09,Completed,Credit Card,0.0
12354,5112,101,2024-08-09,Returned,Credit Card,0.0
12355,6023,101,2024-08-09,Completed,Apple Pay,9.99
12356,5272,103,2024-08-09,Completed,Credit Card,0.0
12357,5112,101,2024-08-09,Returned,Bank Transfer,14.99
12358,5587,101,2024-08-10,Completed,Credit Card,0.0
12359,5209,102,2024-08-10,Completed,PayPal,0.0
12360,6308,101,2024-08-10,Completed,Apple Pay,24.99
12361,5741,101,2024-08-10,Completed,Apple Pay,14.99
12362,5630,102,2024-08-10,Completed,Bank Transfer,0.0
12363,5460,101,2024-08-10,Completed,Store Financing,14.99
12364,6171,101,2024-08-10,Completed,Credit Card,14.99
12365,5326,101,2024-08-10,Completed,Apple Pay,0.0
12366,6436,101,2024-08-10,Completed,Store Financing,9.99
12367,6154,101,2024-08-10,Completed,Store Financing,9.99
12368,5371,101,2024-08-10,Completed,Credit Card,0.0
12369,6204,105,2024-08-10,Completed,PayPal,0.0
12370,5017,101,2024-08-10,Completed,PayPal,14.99
12371,5059,101,2024-08-10,Completed,Store Financing,9.99
12372,5932,101,2024-08-11,Completed,Bank Transfer,14.99
12373,5240,107,2024-08-11,Completed,Apple Pay,0.0
12374,5645,101,2024-08-11,Completed,Bank Transfer,24.99
12375,5334,101,2024-08-11,Completed,PayPal,0.0
12376,5711,101,2024-08-11,Completed,Credit Card,9.99
12377,5156,101,2024-08-11,Completed,Store Financing,14.99
12378,6004,101,2024-08-11,Completed,Store Financing,0.0
12379,5312,101,2024-08-12,Completed,Bank Transfer,9.99
12380,6489,106,2024-08-12,Completed,Bank Transfer,0.0
12381,5630,102,2024-08-12,Completed,Credit Card,0.0
12382,6441,101,2024-08-12,Completed,Apple Pay,14.99
12383,5850,102,2024-08-12,Completed,PayPal,0.0
12384,5201,101,2024-08-12,Completed,Bank Transfer,14.99
12385,6007,101,2024-08-12,Completed,Bank Transfer,9.99
12386,5648,106,2024-08-13,Completed,PayPal,0.0
12387,5025,101,2024-08-13,Completed,Credit Card,14.99
12388,5615,101,2024-08-13,Completed,PayPal,14.99
12389,6035,101,2024-08-13,Completed,PayPal,0.0
12390,5741,106,2024-08-13,Cancelled,Apple Pay,0.0
12391,5996,106,2024-08-13,Completed,Store Financing,0.0
12392,6441,105,2024-08-14,Completed,Store Financing,0.0
12393,6285,105,2024-08-14,Completed,Store Financing,0.0
12394,5875,107,2024-08-14,Completed,Store Financing,0.0
12395,5930,101,2024-08-14,Returned,Apple Pay,0.0
12396,5471,101,2024-08-14,Completed,Apple Pay,0.0
12397,6381,101,2024-08-14,Completed,Credit Card,0.0
12398,5586,101,2024-08-14,Completed,Apple Pay,14.99
12399,6409,101,2024-08-14,Completed,Credit Card,14.99
12400,5645,101,2024-08-14,Completed,Credit Card,24.99
12401,5986,101,2024-08-14,Completed,Credit Card,14.99
12402,5185,107,2024-08-14,Completed,Apple Pay,0.0
12403,6247,104,2024-08-14,Completed,Credit Card,0.0
12404,5544,103,2024-08-15,Completed,Apple Pay,0.0
12405,6464,103,2024-08-15,Completed,PayPal,0.0
12406,5143,103,2024-08-15,Completed,Apple Pay,0.0
12407,5766,105,2024-08-15,Completed,Apple Pay,0.0
12408,6409,101,2024-08-15,Completed,Store Financing,24.99
12409,5385,106,2024-08-15,Completed,PayPal,0.0
12410,5907,103,2024-08-15,Completed,Apple Pay,0.0
12411,5392,102,2024-08-15,Completed,Store Financing,0.0
12412,6120,102,2024-08-16,Completed,Apple Pay,0.0
12413,5279,101,2024-08-16,Completed,Bank Transfer,14.99
12414,6381,104,2024-08-16,Completed,Apple Pay,0.0
12415,5895,104,2024-08-16,Cancelled,Credit Card,0.0
12416,6021,105,2024-08-16,Completed,Store Financing,0.0
12417,6480,106,2024-08-16,Completed,Bank Transfer,0.0
12418,5717,101,2024-08-16,Returned,Bank Transfer,0.0
12419,6011,108,2024-08-16,Completed,Apple Pay,0.0
12420,6326,101,2024-08-16,Completed,Store Financing,24.99
12421,6200,101,2024-08-16,Returned,Store Financing,14.99
12422,5711,101,2024-08-16,Completed,Store Financing,0.0
12423,5713,102,2024-08-16,Completed,Store Financing,0.0
12424,5202,101,2024-08-17,Completed,Bank Transfer,14.99
12425,6441,101,2024-08-17,Completed,Bank Transfer,0.0
12426,5713,102,2024-08-17,Completed,Credit Card,0.0
12427,5328,101,2024-08-17,Completed,Credit Card,9.99
12428,6281,102,2024-08-17,Cancelled,Bank Transfer,0.0
12429,5643,106,2024-08-17,Completed,Bank Transfer,0.0
12430,6336,107,2024-08-17,Completed,Credit Card,0.0
12431,5544,101,2024-08-18,Completed,Bank Transfer,9.99
12432,6441,106,2024-08-18,Completed,Credit Card,0.0
12433,5468,101,2024-08-18,Completed,Store Financing,9.99
12434,5271,101,2024-08-18,Completed,Bank Transfer,0.0
12435,5632,102,2024-08-18,Completed,Bank Transfer,0.0
12436,5943,103,2024-08-18,Completed,PayPal,0.0
12437,5209,102,2024-08-18,Completed,Apple Pay,0.0
12438,6336,101,2024-08-18,Completed,Credit Card,14.99
12439,6010,101,2024-08-18,Completed,Credit Card,24.99
12440,5629,101,2024-08-19,Completed,Credit Card,0.0
12441,5045,105,2024-08-19,Returned,Apple Pay,0.0
12442,5753,101,2024-08-19,Completed,Bank Transfer,24.99
12443,5332,102,2024-08-19,Cancelled,Credit Card,0.0
12444,5250,105,2024-08-19,Completed,PayPal,0.0
12445,5147,106,2024-08-19,Completed,Store Financing,0.0
12446,6429,102,2024-08-19,Completed,Store Financing,0.0
12447,6498,107,2024-08-19,Completed,Apple Pay,0.0
12448,6316,101,2024-08-19,Completed,Bank Transfer,9.99
12449,5651,101,2024-08-19,Completed,Bank Transfer,0.0
12450,5658,101,2024-08-19,Completed,Apple Pay,14.99
12451,5832,101,2024-08-20,Completed,Credit Card,24.99
12452,6051,101,2024-08-20,Completed,Store Financing,0.0
12453,6312,101,2024-08-20,Completed,PayPal,9.99
12454,5098,103,2024-08-20,Completed,Credit Card,0.0
12455,6247,101,2024-08-20,Completed,Store Financing,14.99
12456,5321,101,2024-08-20,Completed,Store Financing,24.99
12457,6021,105,2024-08-20,Completed,PayPal,0.0
12458,6011,107,2024-08-20,Completed,PayPal,0.0
12459,6480,101,2024-08-20,Cancelled,Credit Card,0.0
12460,6360,101,2024-08-20,Completed,Store Financing,24.99
12461,5629,101,2024-08-20,Completed,Bank Transfer,9.99
12462,5354,101,2024-08-20,Completed,Credit Card,0.0
12463,5946,107,2024-08-20,Completed,Store Financing,0.0
12464,6494,101,2024-08-20,Cancelled,Store Financing,14.99
12465,5776,101,2024-08-21,Completed,Store Financing,9.99
12466,5251,103,2024-08-21,Completed,Apple Pay,0.0
12467,5209,102,2024-08-21,Returned,Credit Card,0.0
12468,5088,108,2024-08-21,Completed,Bank Transfer,0.0
12469,5215,101,2024-08-21,Completed,Apple Pay,14.99
12470,5468,101,2024-08-21,Completed,PayPal,24.99
12471,5387,101,2024-08-21,Completed,Credit Card,14.99
12472,5075,101,2024-08-21,Completed,PayPal,14.99
12473,5850,102,2024-08-21,Completed,Apple Pay,0.0
12474,6441,101,2024-08-21,Completed,Apple Pay,0.0
12475,5034,103,2024-08-21,Completed,Apple Pay,0.0
12476,5943,101,2024-08-21,Returned,Apple Pay,14.99
12477,5298,101,2024-08-22,Completed,Bank Transfer,9.99
12478,6175,101,2024-08-22,Completed,Credit Card,14.99
12479,5711,101,2024-08-22,Completed,Credit Card,9.99
12480,6051,101,2024-08-22,Completed,Store Financing,24.99
12481,5209,101,2024-08-22,Completed,Apple Pay,14.99
12482,6182,101,2024-08-22,Completed,Apple Pay,0.0
12483,5862,101,2024-08-22,Completed,PayPal,9.99
12484,6381,104,2024-08-22,Completed,Credit Card,0.0
12485,5894,108,2024-08-22,Completed,Apple Pay,0.0
12486,5932,101,2024-08-23,Completed,Bank Transfer,9.99
12487,6444,101,2024-08-23,Completed,Store Financing,9.99
12488,5274,106,2024-08-23,Completed,Store Financing,0.0
12489,5757,101,2024-08-23,Completed,Store Financing,0.0
12490,5546,102,2024-08-23,Completed,Credit Card,0.0
12491,6475,101,2024-08-23,Completed,Credit Card,9.99
12492,5737,101,2024-08-23,Completed,Bank Transfer,14.99
12493,5822,101,2024-08-23,Completed,Store Financing,14.99
12494,6307,101,2024-08-23,Completed,Store Financing,24.99
12495,6184,101,2024-08-23,Completed,Apple Pay,9.99
12496,6479,101,2024-08-23,Cancelled,Apple Pay,9.99
12497,5211,101,2024-08-23,Completed,Apple Pay,0.0
12498,5252,101,2024-08-23,Completed,Store Financing,9.99
12499,6326,104,2024-08-23,Completed,Bank Transfer,0.0
12500,6479,103,2024-08-24,Completed,Store Financing,0.0
12501,5224,106,2024-08-24,Completed,Apple Pay,0.0
12502,5318,101,2024-08-24,Completed,Bank Transfer,9.99
12503,6230,101,2024-08-24,Completed,Credit Card,14.99
12504,5541,106,2024-08-24,Completed,Apple Pay,0.0
12505,6336,101,2024-08-24,Completed,PayPal,14.99
12506,5713,101,2024-08-24,Completed,Store Financing,0.0
12507,5647,101,2024-08-24,Completed,Credit Card,9.99
12508,5057,103,2024-08-24,Completed,Bank Transfer,0.0
12509,5454,104,2024-08-24,Completed,Apple Pay,0.0
12510,5025,103,2024-08-24,Completed,Credit Card,0.0
12511,6399,101,2024-08-24,Completed,Store Financing,14.99
12512,5792,104,2024-08-24,Completed,Apple Pay,0.0
12513,6093,101,2024-08-24,Completed,Store Financing,24.99
12514,5612,101,2024-08-24,Completed,Apple Pay,0.0
12515,5257,101,2024-08-25,Completed,Apple Pay,9.99
12516,6289,101,2024-08-25,Returned,Store Financing,14.99
12517,6394,104,2024-08-25,Completed,Store Financing,0.0
12518,5850,102,2024-08-25,Completed,Store Financing,0.0
12519,6102,106,2024-08-25,Completed,Credit Card,0.0
12520,5509,101,2024-08-25,Completed,PayPal,9.99
12521,5916,101,2024-08-25,Completed,Bank Transfer,24.99
12522,6394,103,2024-08-25,Completed,Apple Pay,0.0
12523,5751,102,2024-08-25,Completed,PayPal,0.0
12524,5459,101,2024-08-25,Completed,Store Financing,14.99
12525,6426,102,2024-08-25,Completed,PayPal,0.0
12526,5250,105,2024-08-25,Completed,Store Financing,0.0
12527,5363,101,2024-08-25,Completed,Credit Card,24.99
12528,6453,102,2024-08-26,Completed,Bank Transfer,0.0
12529,5751,102,2024-08-26,Completed,Credit Card,0.0
12530,5819,101,2024-08-26,Cancelled,Bank Transfer,9.99
12531,5357,101,2024-08-26,Completed,Bank Transfer,14.99
12532,5748,102,2024-08-26,Returned,Apple Pay,0.0
12533,5720,102,2024-08-26,Completed,PayPal,0.0
12534,6336,101,2024-08-27,Completed,Apple Pay,14.99
12535,5586,101,2024-08-27,Completed,Store Financing,9.99
12536,5981,101,2024-08-27,Completed,Bank Transfer,9.99
12537,5202,103,2024-08-27,Completed,Store Financing,0.0
12538,6228,104,2024-08-27,Completed,Credit Card,0.0
12539,6227,104,2024-08-27,Completed,Credit Card,0.0
12540,6204,101,2024-08-27,Completed,Apple Pay,14.99
12541,5986,101,2024-08-28,Completed,Apple Pay,24.99
12542,6026,101,2024-08-28,Completed,Credit Card,9.99
12543,5852,101,2024-08-28,Completed,Credit Card,14.99
12544,5008,101,2024-08-28,Completed,Store Financing,24.99
12545,5889,101,2024-08-28,Completed,PayPal,24.99
12546,6426,102,2024-08-28,Completed,Store Financing,0.0
12547,6281,101,2024-08-28,Completed,PayPal,9.99
12548,6177,101,2024-08-28,Completed,Credit Card,14.99
12549,5305,101,2024-08-29,Returned,Store Financing,0.0
12550,6289,101,2024-08-29,Completed,Store Financing,0.0
12551,5021,101,2024-08-29,Completed,Bank Transfer,24.99
12552,5274,101,2024-08-29,Completed,Store Financing,0.0
12553,6359,101,2024-08-29,Completed,Bank Transfer,9.99
12554,5427,101,2024-08-29,Completed,Bank Transfer,9.99
12555,5844,106,2024-08-29,Completed,Store Financing,0.0
12556,5001,103,2024-08-29,Completed,PayPal,0.0
12557,5749,108,2024-08-29,Completed,Bank Transfer,0.0
12558,5822,102,2024-08-29,Completed,Store Financing,0.0
12559,5987,101,2024-08-29,Completed,Bank Transfer,0.0
12560,6282,101,2024-08-29,Completed,Credit Card,14.99
12561,5215,107,2024-08-29,Completed,Bank Transfer,0.0
12562,5646,101,2024-08-30,Returned,Credit Card,14.99
12563,6307,104,2024-08-30,Completed,Store Financing,0.0
12564,5916,101,2024-08-30,Cancelled,Bank Transfer,9.99
12565,5038,101,2024-08-30,Completed,Apple Pay,24.99
12566,5754,101,2024-08-30,Completed,Bank Transfer,24.99
12567,6491,101,2024-08-30,Completed,Apple Pay,14.99
12568,6453,102,2024-08-30,Completed,Apple Pay,0.0
12569,5077,102,2024-08-30,Completed,Apple Pay,0.0
12570,6154,101,2024-08-31,Returned,Credit Card,9.99
12571,5371,101,2024-08-31,Completed,PayPal,24.99
12572,6051,101,2024-08-31,Completed,PayPal,9.99
12573,5363,101,2024-08-31,Completed,Store Financing,24.99
12574,6212,101,2024-08-31,Completed,Credit Card,0.0
12575,5136,101,2024-08-31,Completed,Apple Pay,9.99
12576,5808,101,2024-08-31,Completed,Store Financing,9.99
12577,5007,104,2024-08-31,Completed,Store Financing,0.0
12578,5175,102,2024-08-31,Completed,PayPal,0.0
12579,6010,102,2024-08-31,Completed,Apple Pay,0.0
12580,5508,101,2024-08-31,Completed,Bank Transfer,0.0
12581,5614,107,2024-08-31,Cancelled,Bank Transfer,0.0
12582,5390,104,2024-08-31,Completed,Store Financing,0.0
12583,6411,107,2024-09-01,Completed,Credit Card,0.0
12584,5224,101,2024-09-01,Completed,Bank Transfer,9.99
12585,5229,101,2024-09-01,Completed,PayPal,0.0
12586,5021,101,2024-09-01,Completed,Store Financing,14.99
12587,6464,101,2024-09-01,Completed,Store Financing,9.99
12588,6016,101,2024-09-01,Completed,Apple Pay,9.99
12589,6208,104,2024-09-01,Completed,Bank Transfer,0.0
12590,6193,103,2024-09-01,Completed,Credit Card,0.0
12591,6281,101,2024-09-01,Completed,Bank Transfer,14.99
12592,6033,101,2024-09-01,Completed,PayPal,9.99
12593,6230,101,2024-09-01,Completed,PayPal,0.0
12594,5197,101,2024-09-01,Completed,Store Financing,24.99
12595,5875,101,2024-09-01,Completed,Bank Transfer,0.0
12596,5226,101,2024-09-02,Completed,Credit Card,24.99
12597,5131,101,2024-09-02,Completed,PayPal,0.0
12598,6444,101,2024-09-02,Completed,PayPal,24.99
12599,6375,101,2024-09-02,Returned,Credit Card,0.0
12600,5147,101,2024-09-02,Completed,PayPal,24.99
12601,5224,105,2024-09-02,Returned,Store Financing,0.0
12602,5587,101,2024-09-02,Completed,Bank Transfer,0.0
12603,5956,101,2024-09-02,Completed,PayPal,14.99
12604,5647,101,2024-09-02,Completed,Apple Pay,14.99
12605,5587,105,2024-09-02,Completed,Apple Pay,0.0
12606,5298,101,2024-09-02,Completed,Bank Transfer,9.99
12607,5188,104,2024-09-02,Completed,Store Financing,0.0
12608,5280,102,2024-09-02,Completed,Bank Transfer,0.0
12609,6037,101,2024-09-03,Completed,Credit Card,9.99
12610,5738,104,2024-09-03,Completed,Credit Card,0.0
12611,5066,101,2024-09-03,Completed,Credit Card,0.0
12612,6095,107,2024-09-03,Completed,Credit Card,0.0
12613,5643,106,2024-09-03,Completed,Apple Pay,0.0
12614,5337,101,2024-09-03,Completed,Bank Transfer,24.99
12615,5170,101,2024-09-03,Completed,Store Financing,9.99
12616,5591,101,2024-09-03,Completed,Credit Card,9.99
12617,5126,101,2024-09-04,Completed,Apple Pay,14.99
12618,5418,102,2024-09-04,Cancelled,Bank Transfer,0.0
12619,5202,104,2024-09-04,Completed,Store Financing,0.0
12620,6463,101,2024-09-04,Completed,PayPal,14.99
12621,6336,108,2024-09-04,Completed,PayPal,0.0
12622,5694,107,2024-09-04,Completed,Apple Pay,0.0
12623,6041,102,2024-09-04,Completed,Credit Card,0.0
12624,5892,101,2024-09-04,Completed,Credit Card,0.0
12625,5647,101,2024-09-04,Completed,Bank Transfer,0.0
12626,5423,104,2024-09-04,Completed,Credit Card,0.0
12627,5645,101,2024-09-05,Completed,PayPal,14.99
12628,5152,107,2024-09-05,Completed,Credit Card,0.0
12629,6243,101,2024-09-05,Completed,PayPal,14.99
12630,6203,104,2024-09-05,Completed,Credit Card,0.0
12631,6436,107,2024-09-05,Completed,Apple Pay,0.0
12632,5401,103,2024-09-05,Completed,PayPal,0.0
12633,5385,101,2024-09-05,Completed,Credit Card,0.0
12634,5614,101,2024-09-05,Completed,Apple Pay,14.99
12635,6436,108,2024-09-05,Completed,Apple Pay,0.0
12636,5713,101,2024-09-05,Completed,Store Financing,9.99
12637,5360,101,2024-09-05,Completed,Bank Transfer,0.0
12638,5087,103,2024-09-06,Completed,Store Financing,0.0
12639,5328,101,2024-09-06,Completed,Credit Card,9.99
12640,5252,101,2024-09-06,Completed,Credit Card,9.99
12641,6378,101,2024-09-06,Cancelled,Store Financing,24.99
12642,5597,102,2024-09-06,Completed,Store Financing,0.0
12643,6010,101,2024-09-06,Completed,PayPal,9.99
12644,5319,101,2024-09-06,Cancelled,Credit Card,24.99
12645,6441,101,2024-09-06,Completed,Apple Pay,0.0
12646,6203,103,2024-09-06,Completed,PayPal,0.0
12647,5650,101,2024-09-06,Returned,Bank Transfer,24.99
12648,6043,107,2024-09-07,Completed,Bank Transfer,0.0
12649,5783,101,2024-09-07,Cancelled,Bank Transfer,0.0
12650,5251,101,2024-09-07,Completed,Store Financing,0.0
12651,6399,101,2024-09-07,Completed,PayPal,0.0
12652,6175,101,2024-09-07,Completed,Credit Card,24.99
12653,5906,103,2024-09-07,Completed,Credit Card,0.0
12654,5272,101,2024-09-07,Completed,PayPal,24.99
12655,6158,101,2024-09-07,Completed,PayPal,9.99
12656,5004,107,2024-09-07,Returned,PayPal,0.0
12657,5491,101,2024-09-07,Completed,Credit Card,14.99
12658,5751,102,2024-09-08,Completed,Bank Transfer,0.0
12659,5042,101,2024-09-08,Completed,PayPal,9.99
12660,6033,101,2024-09-08,Completed,PayPal,14.99
12661,5389,101,2024-09-08,Completed,Store Financing,14.99
12662,5741,106,2024-09-08,Completed,Bank Transfer,0.0
12663,6495,106,2024-09-08,Completed,Bank Transfer,0.0
12664,5385,101,2024-09-08,Completed,Bank Transfer,9.99
12665,6482,101,2024-09-08,Completed,Store Financing,0.0
12666,6321,101,2024-09-08,Completed,Store Financing,0.0
12667,5865,101,2024-09-08,Returned,Bank Transfer,0.0
12668,6498,101,2024-09-08,Completed,Apple Pay,0.0
12669,5355,101,2024-09-08,Completed,Credit Card,24.99
12670,5647,101,2024-09-08,Completed,Credit Card,0.0
12671,6491,102,2024-09-08,Completed,Credit Card,0.0
12672,5878,103,2024-09-09,Completed,PayPal,0.0
12673,5004,101,2024-09-09,Completed,Store Financing,14.99
12674,5041,106,2024-09-09,Completed,PayPal,0.0
12675,5643,101,2024-09-09,Completed,Store Financing,24.99
12676,5579,105,2024-09-09,Completed,Apple Pay,0.0
12677,5166,102,2024-09-09,Completed,Credit Card,0.0
12678,6339,101,2024-09-10,Returned,Credit Card,9.99
12679,5940,101,2024-09-10,Completed,Bank Transfer,0.0
12680,6339,101,2024-09-10,Completed,PayPal,24.99
12681,5224,101,2024-09-10,Returned,Store Financing,14.99
12682,6142,101,2024-09-10,Completed,Credit Card,9.99
12683,5930,101,2024-09-10,Completed,Bank Transfer,14.99
12684,6359,101,2024-09-10,Completed,Bank Transfer,24.99
12685,5916,108,2024-09-10,Completed,PayPal,0.0
12686,6041,101,2024-09-10,Completed,Apple Pay,14.99
12687,5547,104,2024-09-11,Completed,Credit Card,0.0
12688,5372,101,2024-09-11,Completed,Bank Transfer,0.0
12689,6119,103,2024-09-11,Completed,Apple Pay,0.0
12690,5717,101,2024-09-11,Completed,PayPal,9.99
12691,5627,101,2024-09-11,Completed,PayPal,9.99
12692,5087,104,2024-09-11,Completed,Bank Transfer,0.0
12693,5472,101,2024-09-11,Completed,Apple Pay,9.99
12694,5672,104,2024-09-11,Completed,PayPal,0.0
12695,6007,101,2024-09-12,Completed,Apple Pay,24.99
12696,6312,101,2024-09-12,Completed,Apple Pay,9.99
12697,6057,101,2024-09-12,Completed,Credit Card,9.99
12698,6339,104,2024-09-12,Completed,Credit Card,0.0
12699,5943,101,2024-09-12,Completed,Store Financing,9.99
12700,6381,103,2024-09-12,Completed,Store Financing,0.0
12701,6408,101,2024-09-12,Completed,Apple Pay,14.99
12702,5226,101,2024-09-12,Completed,Bank Transfer,14.99
12703,5007,103,2024-09-12,Completed,Bank Transfer,0.0
12704,5034,104,2024-09-12,Completed,Bank Transfer,0.0
12705,6029,102,2024-09-12,Returned,Store Financing,0.0
12706,5225,101,2024-09-12,Completed,PayPal,14.99
12707,5025,101,2024-09-12,Completed,Credit Card,9.99
12708,5346,101,2024-09-12,Completed,Apple Pay,24.99
12709,5321,101,2024-09-13,Completed,PayPal,0.0
12710,5457,101,2024-09-13,Completed,Credit Card,24.99
12711,5373,101,2024-09-13,Completed,PayPal,9.99
12712,5450,101,2024-09-13,Completed,Store Financing,9.99
12713,6464,101,2024-09-13,Completed,Bank Transfer,14.99
12714,5912,104,2024-09-13,Completed,Bank Transfer,0.0
12715,6033,101,2024-09-14,Completed,Credit Card,24.99
12716,5869,107,2024-09-14,Completed,Store Financing,0.0
12717,5721,101,2024-09-14,Completed,Store Financing,14.99
12718,6119,101,2024-09-14,Completed,PayPal,0.0
12719,6280,107,2024-09-14,Completed,Store Financing,0.0
12720,5337,106,2024-09-14,Completed,Store Financing,0.0
12721,5652,101,2024-09-14,Completed,Credit Card,0.0
12722,6399,101,2024-09-15,Completed,PayPal,14.99
12723,5934,103,2024-09-15,Completed,Credit Card,0.0
12724,6472,108,2024-09-15,Completed,Store Financing,0.0
12725,5106,101,2024-09-15,Completed,Apple Pay,24.99
12726,5597,101,2024-09-15,Completed,Bank Transfer,9.99
12727,6230,101,2024-09-15,Completed,Credit Card,14.99
12728,5351,106,2024-09-15,Completed,Store Financing,0.0
12729,5181,103,2024-09-15,Completed,Store Financing,0.0
12730,5645,103,2024-09-15,Completed,Store Financing,0.0
12731,6480,101,2024-09-15,Completed,Apple Pay,9.99
12732,6196,103,2024-09-15,Completed,PayPal,0.0
12733,5594,101,2024-09-15,Completed,Bank Transfer,24.99
12734,6016,101,2024-09-15,Completed,Apple Pay,9.99
12735,5379,103,2024-09-15,Completed,Credit Card,0.0
12736,5098,101,2024-09-15,Completed,Apple Pay,9.99
12737,5185,101,2024-09-16,Completed,Credit Card,14.99
12738,5143,101,2024-09-16,Completed,Store Financing,0.0
12739,5652,101,2024-09-16,Completed,PayPal,24.99
12740,6062,101,2024-09-16,Completed,Bank Transfer,24.99
12741,5788,107,2024-09-16,Completed,Credit Card,0.0
12742,5002,102,2024-09-16,Completed,Credit Card,0.0
12743,5829,105,2024-09-16,Completed,Credit Card,0.0
12744,5137,101,2024-09-16,Returned,Bank Transfer,14.99
12745,6482,103,2024-09-16,Completed,Bank Transfer,0.0
12746,6011,107,2024-09-16,Completed,Bank Transfer,0.0
12747,5668,101,2024-09-16,Completed,Apple Pay,24.99
12748,5629,101,2024-09-16,Completed,Apple Pay,0.0
12749,5643,101,2024-09-16,Completed,Store Financing,14.99
12750,5817,101,2024-09-17,Completed,PayPal,24.99
12751,5035,105,2024-09-17,Completed,Credit Card,0.0
12752,6098,101,2024-09-17,Completed,Apple Pay,0.0
12753,5986,104,2024-09-17,Completed,Bank Transfer,0.0
12754,5892,101,2024-09-17,Completed,Apple Pay,0.0
12755,5481,105,2024-09-17,Completed,Apple Pay,0.0
12756,5630,101,2024-09-17,Completed,Bank Transfer,0.0
12757,5229,101,2024-09-17,Completed,Store Financing,0.0
12758,6078,108,2024-09-17,Completed,Apple Pay,0.0
12759,5063,101,2024-09-17,Completed,Apple Pay,24.99
12760,5046,101,2024-09-18,Completed,Bank Transfer,9.99
12761,5143,104,2024-09-18,Completed,Bank Transfer,0.0
12762,6026,102,2024-09-18,Completed,Credit Card,0.0
12763,5679,101,2024-09-18,Completed,Apple Pay,24.99
12764,5299,101,2024-09-18,Completed,Bank Transfer,0.0
12765,5987,101,2024-09-18,Completed,Bank Transfer,24.99
12766,6033,101,2024-09-18,Completed,Bank Transfer,9.99
12767,5087,101,2024-09-19,Completed,Apple Pay,9.99
12768,5003,108,2024-09-19,Completed,Apple Pay,0.0
12769,6200,102,2024-09-19,Completed,PayPal,0.0
12770,6381,101,2024-09-19,Completed,Bank Transfer,24.99
12771,5668,101,2024-09-19,Completed,Bank Transfer,0.0
12772,5197,105,2024-09-19,Completed,Bank Transfer,0.0
12773,6016,101,2024-09-19,Completed,Bank Transfer,24.99
12774,6281,101,2024-09-19,Completed,Credit Card,0.0
12775,6043,108,2024-09-19,Completed,PayPal,0.0
12776,5438,108,2024-09-19,Completed,Bank Transfer,0.0
12777,6252,101,2024-09-19,Completed,Credit Card,9.99
12778,5220,101,2024-09-19,Cancelled,Apple Pay,0.0
12779,5858,102,2024-09-19,Completed,Apple Pay,0.0
12780,5292,101,2024-09-19,Completed,PayPal,14.99
12781,6336,107,2024-09-20,Completed,Apple Pay,0.0
12782,6023,101,2024-09-20,Completed,Store Financing,9.99
12783,5061,108,2024-09-20,Completed,Apple Pay,0.0
12784,6041,101,2024-09-20,Completed,Bank Transfer,14.99
12785,5629,101,2024-09-20,Completed,Apple Pay,0.0
12786,5370,101,2024-09-20,Completed,Apple Pay,0.0
12787,5669,101,2024-09-20,Completed,PayPal,0.0
12788,6095,108,2024-09-21,Completed,Apple Pay,0.0
12789,5114,101,2024-09-21,Completed,Apple Pay,24.99
12790,5003,101,2024-09-21,Completed,Credit Card,24.99
12791,5147,101,2024-09-21,Completed,Store Financing,0.0
12792,6041,101,2024-09-21,Completed,Apple Pay,0.0
12793,5647,101,2024-09-21,Completed,Store Financing,24.99
12794,6203,101,2024-09-21,Completed,PayPal,24.99
12795,5418,101,2024-09-21,Completed,PayPal,9.99
12796,6247,104,2024-09-21,Completed,PayPal,0.0
12797,5574,101,2024-09-21,Completed,Credit Card,9.99
12798,6274,101,2024-09-21,Completed,Credit Card,0.0
12799,5844,105,2024-09-21,Completed,Apple Pay,0.0
12800,6474,101,2024-09-21,Completed,Store Financing,0.0
12801,6339,101,2024-09-21,Completed,Store Financing,9.99
12802,5786,101,2024-09-21,Completed,Credit Card,9.99
12803,6230,102,2024-09-22,Completed,Bank Transfer,0.0
12804,6386,101,2024-09-22,Returned,Store Financing,9.99
12805,5063,104,2024-09-22,Completed,Store Financing,0.0
12806,5606,107,2024-09-22,Completed,Credit Card,0.0
12807,5106,101,2024-09-22,Completed,Apple Pay,0.0
12808,5158,104,2024-09-22,Completed,Bank Transfer,0.0
12809,5299,101,2024-09-22,Completed,PayPal,9.99
12810,5021,101,2024-09-22,Completed,Credit Card,0.0
12811,5363,103,2024-09-22,Completed,PayPal,0.0
12812,6010,102,2024-09-22,Completed,PayPal,0.0
12813,6399,101,2024-09-22,Completed,PayPal,0.0
12814,5190,105,2024-09-22,Completed,PayPal,0.0
12815,5549,103,2024-09-22,Completed,PayPal,0.0
12816,5981,108,2024-09-23,Completed,Bank Transfer,0.0
12817,5717,102,2024-09-23,Completed,Store Financing,0.0
12818,5615,102,2024-09-23,Completed,Apple Pay,0.0
12819,5893,107,2024-09-23,Completed,Bank Transfer,0.0
12820,6381,101,2024-09-23,Completed,Store Financing,9.99
12821,6043,101,2024-09-23,Completed,PayPal,9.99
12822,5372,101,2024-09-23,Completed,PayPal,14.99
12823,6409,108,2024-09-24,Completed,Store Financing,0.0
12824,6252,101,2024-09-24,Completed,PayPal,14.99
12825,5059,103,2024-09-24,Completed,Store Financing,0.0
12826,6095,101,2024-09-24,Completed,PayPal,9.99
12827,5133,102,2024-09-24,Completed,Credit Card,0.0
12828,5382,104,2024-09-24,Completed,Store Financing,0.0
12829,5100,101,2024-09-24,Completed,Bank Transfer,24.99
12830,5454,104,2024-09-24,Completed,Bank Transfer,0.0
12831,6409,108,2024-09-24,Completed,Store Financing,0.0
12832,5246,101,2024-09-24,Completed,Apple Pay,14.99
12833,5630,101,2024-09-25,Completed,Store Financing,14.99
12834,5612,101,2024-09-25,Completed,PayPal,0.0
12835,5630,101,2024-09-25,Completed,Credit Card,14.99
12836,5987,108,2024-09-25,Completed,Credit Card,0.0
12837,5028,101,2024-09-25,Completed,Bank Transfer,24.99
12838,5987,101,2024-09-25,Completed,Store Financing,9.99
12839,5868,101,2024-09-25,Completed,Credit Card,0.0
12840,5363,101,2024-09-25,Completed,PayPal,0.0
12841,5028,101,2024-09-26,Completed,Credit Card,14.99
12842,5351,101,2024-09-26,Returned,Credit Card,0.0
12843,5095,106,2024-09-26,Returned,Apple Pay,0.0
12844,5076,101,2024-09-26,Completed,Apple Pay,9.99
12845,6469,106,2024-09-26,Completed,Apple Pay,0.0
12846,6104,101,2024-09-26,Completed,Store Financing,14.99
12847,6441,101,2024-09-27,Completed,Credit Card,14.99
12848,5529,101,2024-09-27,Completed,Credit Card,24.99
12849,5170,105,2024-09-27,Completed,Bank Transfer,0.0
12850,6050,101,2024-09-27,Completed,Apple Pay,0.0
12851,5751,101,2024-09-27,Completed,PayPal,14.99
12852,5751,102,2024-09-27,Completed,Store Financing,0.0
12853,5100,106,2024-09-27,Completed,Apple Pay,0.0
12854,5202,101,2024-09-27,Completed,Store Financing,24.99
12855,5930,102,2024-09-28,Completed,PayPal,0.0
12856,5299,106,2024-09-28,Returned,Store Financing,0.0
12857,5544,104,2024-09-28,Completed,Store Financing,0.0
12858,6095,101,2024-09-28,Completed,PayPal,14.99
12859,6339,101,2024-09-28,Completed,Apple Pay,14.99
12860,5298,105,2024-09-28,Completed,Credit Card,0.0
12861,6141,102,2024-09-28,Completed,Apple Pay,0.0
12862,5134,101,2024-09-28,Completed,PayPal,0.0
12863,5543,101,2024-09-28,Completed,Apple Pay,9.99
12864,5877,101,2024-09-28,Returned,Store Financing,24.99
12865,5076,101,2024-09-28,Completed,Credit Card,0.0
12866,5235,107,2024-09-28,Completed,Store Financing,0.0
12867,5346,101,2024-09-28,Completed,Bank Transfer,24.99
12868,5645,101,2024-09-28,Completed,Store Financing,24.99
12869,5114,108,2024-09-28,Completed,Bank Transfer,0.0
12870,6081,101,2024-09-28,Completed,Credit Card,9.99
12871,5156,101,2024-09-29,Completed,PayPal,9.99
12872,5603,107,2024-09-29,Completed,Store Financing,0.0
12873,5114,108,2024-09-29,Completed,Bank Transfer,0.0
12874,5025,101,2024-09-29,Completed,Store Financing,14.99
12875,6366,101,2024-09-29,Completed,PayPal,14.99
12876,5359,104,2024-09-29,Completed,Store Financing,0.0
12877,5366,101,2024-09-29,Completed,PayPal,14.99
12878,5915,103,2024-09-29,Completed,Bank Transfer,0.0
12879,5389,101,2024-09-29,Completed,Bank Transfer,24.99
12880,6206,106,2024-09-29,Completed,PayPal,0.0
12881,5410,101,2024-09-29,Completed,Credit Card,14.99
12882,6021,105,2024-09-29,Completed,Store Financing,0.0
12883,6381,104,2024-09-29,Completed,PayPal,0.0
12884,5946,101,2024-09-30,Completed,PayPal,9.99
12885,6217,101,2024-09-30,Completed,Apple Pay,24.99
12886,6074,101,2024-09-30,Completed,Credit Card,0.0
12887,6051,101,2024-09-30,Completed,Apple Pay,9.99
12888,5787,103,2024-09-30,Completed,Apple Pay,0.0
12889,6436,107,2024-09-30,Returned,Apple Pay,0.0
12890,5106,102,2024-09-30,Completed,Credit Card,0.0
12891,5080,102,2024-10-01,Returned,Store Financing,0.0
12892,6119,101,2024-10-01,Returned,Store Financing,0.0
12893,5219,105,2024-10-01,Completed,Bank Transfer,0.0
12894,5629,101,2024-10-01,Completed,Store Financing,24.99
12895,5783,101,2024-10-01,Completed,Credit Card,9.99
12896,5272,101,2024-10-01,Completed,Bank Transfer,14.99
12897,5547,104,2024-10-02,Completed,PayPal,0.0
12898,6359,103,2024-10-02,Completed,Apple Pay,0.0
12899,6057,103,2024-10-02,Completed,Apple Pay,0.0
12900,5940,104,2024-10-02,Completed,Bank Transfer,0.0
12901,6480,101,2024-10-02,Completed,Store Financing,9.99
12902,6074,101,2024-10-02,Returned,Credit Card,14.99
12903,6468,107,2024-10-02,Completed,Credit Card,0.0
12904,5094,105,2024-10-02,Completed,Apple Pay,0.0
12905,5865,105,2024-10-02,Returned,Credit Card,0.0
12906,6010,101,2024-10-02,Completed,Bank Transfer,24.99
12907,5587,101,2024-10-02,Completed,Bank Transfer,14.99
12908,6043,107,2024-10-02,Cancelled,Credit Card,0.0
12909,6464,104,2024-10-03,Completed,Credit Card,0.0
12910,5529,101,2024-10-03,Completed,Store Financing,14.99
12911,5459,101,2024-10-03,Completed,Credit Card,9.99
12912,6491,101,2024-10-03,Completed,Bank Transfer,24.99
12913,6336,108,2024-10-03,Completed,PayPal,0.0
12914,6441,101,2024-10-03,Completed,PayPal,24.99
12915,5858,102,2024-10-03,Completed,Bank Transfer,0.0
12916,6336,107,2024-10-04,Completed,PayPal,0.0
12917,6172,108,2024-10-04,Completed,Bank Transfer,0.0
12918,5869,107,2024-10-04,Completed,Credit Card,0.0
12919,5985,101,2024-10-04,Completed,Bank Transfer,0.0
12920,5577,106,2024-10-04,Completed,Apple Pay,0.0
12921,6074,101,2024-10-04,Completed,PayPal,0.0
12922,5028,108,2024-10-04,Completed,Bank Transfer,0.0
12923,5201,101,2024-10-04,Completed,Store Financing,0.0
12924,6491,102,2024-10-04,Completed,Store Financing,0.0
12925,5423,103,2024-10-04,Completed,Apple Pay,0.0
12926,5943,101,2024-10-04,Completed,Apple Pay,14.99
12927,6339,101,2024-10-04,Completed,Credit Card,0.0
12928,6381,101,2024-10-05,Completed,Apple Pay,24.99
12929,5751,102,2024-10-05,Completed,Apple Pay,0.0
12930,5178,104,2024-10-05,Completed,Apple Pay,0.0
12931,5003,101,2024-10-05,Completed,Bank Transfer,0.0
12932,5892,101,2024-10-05,Cancelled,Apple Pay,24.99
12933,5040,101,2024-10-05,Completed,Bank Transfer,9.99
12934,5162,101,2024-10-05,Completed,Bank Transfer,0.0
12935,5263,107,2024-10-05,Completed,Bank Transfer,0.0
12936,5271,108,2024-10-05,Cancelled,Bank Transfer,0.0
12937,5970,101,2024-10-05,Completed,Credit Card,9.99
12938,6476,102,2024-10-05,Completed,Credit Card,0.0
12939,5034,101,2024-10-05,Completed,PayPal,14.99
12940,6304,101,2024-10-06,Completed,Apple Pay,9.99
12941,5645,101,2024-10-06,Completed,Apple Pay,0.0
12942,5379,104,2024-10-06,Cancelled,Bank Transfer,0.0
12943,5143,101,2024-10-06,Completed,PayPal,9.99
12944,5220,104,2024-10-06,Cancelled,Store Financing,0.0
12945,6457,101,2024-10-06,Completed,Apple Pay,9.99
12946,6172,101,2024-10-06,Completed,Apple Pay,0.0
12947,6196,103,2024-10-06,Completed,Bank Transfer,0.0
12948,6480,105,2024-10-06,Completed,Credit Card,0.0
12949,5842,101,2024-10-06,Completed,Credit Card,24.99
12950,5080,101,2024-10-06,Returned,Bank Transfer,0.0
12951,6398,101,2024-10-06,Completed,PayPal,0.0
12952,5078,103,2024-10-06,Completed,Credit Card,0.0
12953,5459,101,2024-10-07,Returned,Store Financing,9.99
12954,5505,101,2024-10-07,Completed,PayPal,0.0
12955,5741,101,2024-10-07,Completed,Store Financing,0.0
12956,6169,108,2024-10-07,Completed,Bank Transfer,0.0
12957,6491,101,2024-10-07,Completed,Store Financing,24.99
12958,5346,101,2024-10-07,Completed,Credit Card,14.99
12959,6243,101,2024-10-08,Completed,Credit Card,24.99
12960,6476,101,2024-10-08,Completed,PayPal,0.0
12961,6120,101,2024-10-08,Completed,Apple Pay,24.99
12962,5202,103,2024-10-08,Completed,Store Financing,0.0
12963,6453,102,2024-10-08,Completed,Bank Transfer,0.0
12964,5574,105,2024-10-08,Completed,Store Financing,0.0
12965,5875,101,2024-10-08,Completed,Store Financing,24.99
12966,5309,101,2024-10-08,Completed,Store Financing,9.99
12967,5999,101,2024-10-08,Completed,Apple Pay,0.0
12968,6394,104,2024-10-08,Completed,Credit Card,0.0
12969,5282,101,2024-10-08,Returned,Bank Transfer,9.99
12970,5853,101,2024-10-08,Completed,Apple Pay,0.0
12971,6235,101,2024-10-08,Completed,Credit Card,24.99
12972,6171,101,2024-10-09,Completed,Store Financing,14.99
12973,6155,106,2024-10-09,Returned,Store Financing,0.0
12974,5298,101,2024-10-09,Completed,Bank Transfer,14.99
12975,5455,101,2024-10-09,Completed,Apple Pay,0.0
12976,5760,108,2024-10-09,Completed,Bank Transfer,0.0
12977,5197,101,2024-10-09,Completed,Credit Card,0.0
12978,5219,101,2024-10-09,Completed,Apple Pay,0.0
12979,5250,101,2024-10-09,Completed,Bank Transfer,24.99
12980,5382,101,2024-10-10,Completed,Store Financing,14.99
12981,5238,101,2024-10-10,Completed,Store Financing,0.0
12982,5039,101,2024-10-10,Completed,Store Financing,9.99
12983,6267,103,2024-10-10,Completed,Store Financing,0.0
12984,6393,106,2024-10-10,Completed,Bank Transfer,0.0
12985,5298,101,2024-10-10,Returned,PayPal,24.99
12986,6210,101,2024-10-10,Completed,Bank Transfer,24.99
12987,5063,101,2024-10-10,Completed,Bank Transfer,0.0
12988,5666,106,2024-10-10,Completed,Apple Pay,0.0
12989,5271,107,2024-10-11,Returned,PayPal,0.0
12990,5675,101,2024-10-11,Completed,Store Financing,24.99
12991,5040,102,2024-10-11,Completed,Bank Transfer,0.0
12992,5945,101,2024-10-11,Completed,Bank Transfer,9.99
12993,5629,101,2024-10-11,Completed,Apple Pay,9.99
12994,6409,101,2024-10-11,Completed,Credit Card,9.99
12995,5040,102,2024-10-11,Completed,Store Financing,0.0
12996,5013,101,2024-10-11,Completed,Credit Card,9.99
12997,5468,101,2024-10-11,Completed,PayPal,24.99
12998,6196,101,2024-10-11,Completed,Store Financing,14.99
12999,6120,101,2024-10-12,Completed,Bank Transfer,0.0
13000,6352,101,2024-10-12,Completed,PayPal,24.99
13001,5775,101,2024-10-12,Completed,Bank Transfer,14.99
13002,5202,104,2024-10-12,Completed,PayPal,0.0
13003,5457,101,2024-10-12,Completed,Store Financing,9.99
13004,6033,108,2024-10-12,Completed,Store Financing,0.0
13005,5234,107,2024-10-12,Completed,Store Financing,0.0
13006,6399,108,2024-10-12,Completed,Bank Transfer,0.0
13007,5125,107,2024-10-12,Completed,PayPal,0.0
13008,6491,102,2024-10-12,Completed,Bank Transfer,0.0
13009,6271,102,2024-10-12,Completed,Apple Pay,0.0
13010,5940,104,2024-10-12,Cancelled,Store Financing,0.0
13011,5147,101,2024-10-12,Completed,Apple Pay,0.0
13012,6395,101,2024-10-12,Completed,Credit Card,24.99
13013,6468,101,2024-10-13,Completed,Apple Pay,24.99
13014,5147,101,2024-10-13,Returned,Bank Transfer,9.99
13015,6088,101,2024-10-13,Completed,Apple Pay,0.0
13016,5895,101,2024-10-13,Completed,Apple Pay,14.99
13017,5712,103,2024-10-13,Completed,Bank Transfer,0.0
13018,6476,102,2024-10-13,Completed,Bank Transfer,0.0
13019,5126,101,2024-10-13,Completed,Credit Card,0.0
13020,6120,102,2024-10-13,Returned,Apple Pay,0.0
13021,6228,104,2024-10-13,Completed,PayPal,0.0
13022,5636,107,2024-10-14,Completed,Credit Card,0.0
13023,5014,108,2024-10-14,Returned,Credit Card,0.0
13024,5379,101,2024-10-14,Completed,Store Financing,24.99
13025,5309,108,2024-10-14,Completed,Store Financing,0.0
13026,6033,101,2024-10-14,Completed,Store Financing,24.99
13027,5718,105,2024-10-14,Completed,Credit Card,0.0
13028,6018,106,2024-10-14,Completed,Credit Card,0.0
13029,5063,101,2024-10-15,Completed,Credit Card,14.99
13030,5916,101,2024-10-15,Completed,PayPal,9.99
13031,5675,101,2024-10-15,Completed,Apple Pay,9.99
13032,6307,101,2024-10-15,Completed,Apple Pay,9.99
13033,5710,106,2024-10-15,Completed,PayPal,0.0
13034,5401,104,2024-10-15,Completed,Credit Card,0.0
13035,5647,101,2024-10-15,Completed,Bank Transfer,14.99
13036,6247,101,2024-10-15,Completed,Bank Transfer,14.99
13037,5966,101,2024-10-15,Completed,Credit Card,9.99
13038,5889,102,2024-10-15,Completed,Store Financing,0.0
13039,5945,101,2024-10-16,Completed,Apple Pay,0.0
13040,5401,101,2024-10-16,Completed,PayPal,0.0
13041,5734,105,2024-10-16,Completed,Apple Pay,0.0
13042,6265,101,2024-10-16,Completed,Apple Pay,14.99
13043,6466,101,2024-10-16,Completed,PayPal,14.99
13044,5401,101,2024-10-16,Completed,Credit Card,24.99
13045,6230,102,2024-10-16,Returned,Store Financing,0.0
13046,6453,102,2024-10-17,Completed,Bank Transfer,0.0
13047,6062,102,2024-10-17,Returned,Credit Card,0.0
13048,6399,107,2024-10-17,Completed,Credit Card,0.0
13049,5666,106,2024-10-17,Completed,PayPal,0.0
13050,5848,102,2024-10-17,Completed,Store Financing,0.0
13051,6247,103,2024-10-17,Completed,Apple Pay,0.0
13052,6172,107,2024-10-18,Completed,Bank Transfer,0.0
13053,5197,101,2024-10-18,Completed,Bank Transfer,0.0
13054,6381,103,2024-10-18,Completed,Credit Card,0.0
13055,5943,101,2024-10-18,Completed,Store Financing,14.99
13056,5943,101,2024-10-18,Cancelled,Credit Card,9.99
13057,5330,101,2024-10-18,Completed,Bank Transfer,9.99
13058,6441,105,2024-10-18,Completed,Credit Card,0.0
13059,6200,101,2024-10-18,Completed,Store Financing,14.99
13060,6359,101,2024-10-18,Completed,Store Financing,9.99
13061,5125,101,2024-10-18,Completed,Apple Pay,14.99
13062,5587,101,2024-10-18,Completed,Bank Transfer,9.99
13063,5751,101,2024-10-19,Completed,Apple Pay,24.99
13064,6399,108,2024-10-19,Completed,Apple Pay,0.0
13065,6171,101,2024-10-19,Completed,Bank Transfer,24.99
13066,5636,101,2024-10-19,Completed,Bank Transfer,24.99
13067,5261,101,2024-10-19,Returned,Store Financing,9.99
13068,5658,101,2024-10-19,Completed,PayPal,0.0
13069,5853,101,2024-10-19,Completed,Apple Pay,14.99
13070,6073,108,2024-10-19,Completed,Apple Pay,0.0
13071,6252,101,2024-10-19,Completed,Bank Transfer,9.99
13072,5537,102,2024-10-19,Completed,Bank Transfer,0.0
13073,5629,106,2024-10-19,Completed,Bank Transfer,0.0
13074,5421,101,2024-10-19,Completed,Bank Transfer,24.99
13075,5332,102,2024-10-20,Completed,Apple Pay,0.0
13076,5631,107,2024-10-20,Completed,Apple Pay,0.0
13077,5028,107,2024-10-20,Completed,Store Financing,0.0
13078,5834,101,2024-10-20,Completed,Credit Card,14.99
13079,6086,101,2024-10-20,Completed,Apple Pay,24.99
13080,6411,101,2024-10-20,Completed,Apple Pay,0.0
13081,5069,101,2024-10-20,Completed,Apple Pay,14.99
13082,6016,101,2024-10-20,Completed,PayPal,24.99
13083,5401,101,2024-10-20,Completed,Bank Transfer,9.99
13084,6495,101,2024-10-20,Returned,Apple Pay,14.99
13085,5468,108,2024-10-20,Completed,Credit Card,0.0
13086,6150,101,2024-10-20,Completed,Credit Card,0.0
13087,5981,107,2024-10-20,Completed,Credit Card,0.0
13088,5138,101,2024-10-20,Completed,Credit Card,9.99
13089,6298,101,2024-10-21,Completed,Credit Card,14.99
13090,6095,107,2024-10-21,Completed,Bank Transfer,0.0
13091,5255,101,2024-10-21,Completed,Bank Transfer,0.0
13092,6439,101,2024-10-21,Completed,Credit Card,0.0
13093,5229,101,2024-10-21,Completed,Credit Card,14.99
13094,5063,101,2024-10-21,Returned,Bank Transfer,0.0
13095,5964,102,2024-10-22,Completed,Credit Card,0.0
13096,5505,101,2024-10-22,Completed,Credit Card,9.99
13097,5219,101,2024-10-22,Completed,Apple Pay,9.99
13098,6448,101,2024-10-22,Completed,Credit Card,0.0
13099,6039,101,2024-10-22,Completed,Bank Transfer,14.99
13100,5943,104,2024-10-22,Completed,Bank Transfer,0.0
13101,5853,106,2024-10-22,Cancelled,Credit Card,0.0
13102,6435,108,2024-10-23,Completed,Bank Transfer,0.0
13103,6241,101,2024-10-23,Completed,Bank Transfer,24.99
13104,5471,107,2024-10-23,Completed,Credit Card,0.0
13105,6349,101,2024-10-23,Completed,Store Financing,14.99
13106,5438,101,2024-10-23,Cancelled,Store Financing,0.0
13107,5454,101,2024-10-23,Completed,Store Financing,9.99
13108,5292,102,2024-10-24,Completed,Apple Pay,0.0
13109,5716,101,2024-10-24,Completed,Apple Pay,14.99
13110,6436,108,2024-10-24,Completed,Credit Card,0.0
13111,5066,101,2024-10-24,Completed,Credit Card,14.99
13112,5644,101,2024-10-24,Completed,Credit Card,24.99
13113,5225,108,2024-10-24,Completed,Apple Pay,0.0
13114,5910,101,2024-10-24,Completed,PayPal,0.0
13115,6409,101,2024-10-24,Completed,PayPal,0.0
13116,5856,102,2024-10-24,Completed,PayPal,0.0
13117,5963,106,2024-10-24,Completed,PayPal,0.0
13118,6388,101,2024-10-24,Completed,Bank Transfer,0.0
13119,6281,101,2024-10-25,Completed,Bank Transfer,24.99
13120,6011,101,2024-10-25,Completed,Credit Card,14.99
13121,5706,101,2024-10-25,Completed,PayPal,9.99
13122,5225,101,2024-10-25,Cancelled,Credit Card,9.99
13123,5401,103,2024-10-25,Completed,Store Financing,0.0
13124,6005,101,2024-10-25,Completed,Store Financing,9.99
13125,5561,101,2024-10-25,Completed,Store Financing,14.99
13126,6500,102,2024-10-25,Completed,Apple Pay,0.0
13127,5650,105,2024-10-25,Completed,Apple Pay,0.0
13128,5875,101,2024-10-25,Cancelled,Apple Pay,24.99
13129,5966,101,2024-10-25,Completed,Store Financing,0.0
13130,5100,101,2024-10-25,Completed,PayPal,0.0
13131,5202,101,2024-10-25,Completed,Bank Transfer,0.0
13132,6393,106,2024-10-25,Completed,PayPal,0.0
13133,5087,104,2024-10-26,Completed,PayPal,0.0
13134,5641,101,2024-10-26,Completed,Store Financing,0.0
13135,5170,106,2024-10-26,Cancelled,PayPal,0.0
13136,5587,101,2024-10-26,Completed,Bank Transfer,24.99
13137,5530,103,2024-10-26,Completed,Apple Pay,0.0
13138,6368,101,2024-10-26,Completed,Store Financing,14.99
13139,5869,101,2024-10-26,Completed,PayPal,14.99
13140,5577,101,2024-10-26,Completed,Store Financing,14.99
13141,6409,107,2024-10-26,Completed,Store Financing,0.0
13142,5126,101,2024-10-26,Completed,PayPal,14.99
13143,5046,101,2024-10-27,Returned,PayPal,14.99
13144,6087,101,2024-10-27,Completed,Bank Transfer,9.99
13145,5583,101,2024-10-27,Completed,Credit Card,9.99
13146,5299,101,2024-10-27,Completed,Store Financing,9.99
13147,5969,101,2024-10-27,Completed,Store Financing,0.0
13148,5080,102,2024-10-27,Completed,Credit Card,0.0
13149,5459,101,2024-10-27,Completed,Credit Card,0.0
13150,5614,101,2024-10-27,Completed,Bank Transfer,9.99
13151,6206,101,2024-10-27,Completed,Store Financing,9.99
13152,5401,101,2024-10-28,Completed,Apple Pay,0.0
13153,5454,101,2024-10-28,Completed,PayPal,0.0
13154,5111,102,2024-10-28,Completed,Bank Transfer,0.0
13155,6228,101,2024-10-28,Completed,Credit Card,9.99
13156,6182,103,2024-10-28,Completed,PayPal,0.0
13157,5636,101,2024-10-28,Completed,Bank Transfer,9.99
13158,6281,101,2024-10-28,Completed,Store Financing,14.99
13159,5014,101,2024-10-29,Completed,Bank Transfer,24.99
13160,6394,101,2024-10-29,Completed,Apple Pay,14.99
13161,5943,103,2024-10-29,Completed,Store Financing,0.0
13162,5054,101,2024-10-29,Completed,Bank Transfer,14.99
13163,6274,101,2024-10-29,Completed,Bank Transfer,9.99
13164,5429,101,2024-10-29,Completed,Apple Pay,14.99
13165,5645,101,2024-10-29,Completed,Store Financing,24.99
13166,5039,101,2024-10-29,Cancelled,Credit Card,14.99
13167,5889,102,2024-10-29,Completed,Credit Card,0.0
13168,5589,101,2024-10-29,Completed,Credit Card,24.99
13169,5597,101,2024-10-29,Completed,Bank Transfer,9.99
13170,5658,102,2024-10-29,Completed,Bank Transfer,0.0
13171,6281,101,2024-10-29,Completed,Store Financing,9.99
13172,5233,101,2024-10-29,Completed,Credit Card,0.0
13173,6326,104,2024-10-30,Completed,PayPal,0.0
13174,5754,105,2024-10-30,Completed,PayPal,0.0
13175,6316,101,2024-10-30,Completed,Bank Transfer,14.99
13176,6335,101,2024-10-30,Completed,Apple Pay,14.99
13177,6491,101,2024-10-30,Completed,Apple Pay,9.99
13178,5389,107,2024-10-30,Completed,Store Financing,0.0
13179,5371,101,2024-10-30,Completed,Credit Card,14.99
13180,6476,101,2024-10-30,Completed,Bank Transfer,9.99
13181,5250,101,2024-10-30,Completed,Apple Pay,9.99
13182,5143,103,2024-10-31,Completed,Credit Card,0.0
13183,6243,102,2024-10-31,Completed,Apple Pay,0.0
13184,5224,106,2024-10-31,Completed,Credit Card,0.0
13185,5561,102,2024-10-31,Completed,Apple Pay,0.0
13186,6088,105,2024-10-31,Completed,Store Financing,0.0
13187,5742,101,2024-10-31,Completed,Bank Transfer,24.99
13188,5040,102,2024-10-31,Completed,Store Financing,0.0
13189,5299,106,2024-10-31,Completed,Bank Transfer,0.0
13190,5126,104,2024-10-31,Completed,Credit Card,0.0
13191,6074,101,2024-11-01,Completed,Credit Card,24.99
13192,6140,102,2024-11-01,Completed,PayPal,0.0
13193,5611,108,2024-11-01,Completed,Store Financing,0.0
13194,5229,106,2024-11-01,Completed,Apple Pay,0.0
13195,6033,107,2024-11-01,Completed,Apple Pay,0.0
13196,6122,101,2024-11-01,Completed,Apple Pay,0.0
13197,5850,101,2024-11-01,Completed,PayPal,9.99
13198,6336,108,2024-11-01,Completed,Apple Pay,0.0
13199,5202,101,2024-11-01,Completed,Apple Pay,24.99
13200,6011,107,2024-11-01,Completed,Store Financing,0.0
13201,5632,101,2024-11-01,Completed,Bank Transfer,9.99
13202,6442,101,2024-11-02,Completed,PayPal,9.99
13203,5822,101,2024-11-02,Completed,PayPal,9.99
13204,6349,101,2024-11-02,Completed,Bank Transfer,24.99
13205,5178,104,2024-11-02,Completed,Apple Pay,0.0
13206,5616,102,2024-11-02,Completed,Apple Pay,0.0
13207,5003,101,2024-11-02,Completed,Apple Pay,9.99
13208,6304,104,2024-11-02,Completed,Apple Pay,0.0
13209,6444,101,2024-11-02,Cancelled,Store Financing,24.99
13210,5672,104,2024-11-02,Completed,Bank Transfer,0.0
13211,5554,101,2024-11-02,Completed,Bank Transfer,9.99
13212,5630,101,2024-11-02,Returned,Store Financing,14.99
13213,5007,104,2024-11-02,Completed,Store Financing,0.0
13214,5767,101,2024-11-02,Completed,PayPal,14.99
13215,6463,101,2024-11-02,Completed,Bank Transfer,24.99
13216,5636,107,2024-11-02,Completed,Store Financing,0.0
13217,5459,101,2024-11-03,Completed,PayPal,9.99
13218,5126,104,2024-11-03,Completed,Bank Transfer,0.0
13219,6331,104,2024-11-03,Completed,Apple Pay,0.0
13220,6375,102,2024-11-03,Completed,Bank Transfer,0.0
13221,6033,101,2024-11-03,Completed,Bank Transfer,14.99
13222,5351,105,2024-11-03,Returned,Store Financing,0.0
13223,5890,101,2024-11-03,Completed,Credit Card,0.0
13224,6386,107,2024-11-03,Completed,PayPal,0.0
13225,6137,108,2024-11-03,Completed,Credit Card,0.0
13226,6170,102,2024-11-03,Completed,Bank Transfer,0.0
13227,5784,101,2024-11-03,Completed,Store Financing,24.99
13228,6488,101,2024-11-03,Completed,Apple Pay,9.99
13229,5070,107,2024-11-03,Completed,Apple Pay,0.0
13230,5017,106,2024-11-03,Completed,Store Financing,0.0
13231,6016,105,2024-11-03,Completed,Apple Pay,0.0
13232,6395,106,2024-11-03,Completed,Bank Transfer,0.0
13233,5044,101,2024-11-03,Completed,PayPal,0.0
13234,6119,101,2024-11-03,Completed,PayPal,9.99
13235,5500,101,2024-11-03,Completed,Credit Card,24.99
13236,6158,101,2024-11-03,Cancelled,Apple Pay,24.99
13237,5250,101,2024-11-03,Completed,Bank Transfer,9.99
13238,6119,101,2024-11-03,Completed,Store Financing,24.99
13239,5920,101,2024-11-04,Completed,Store Financing,14.99
13240,5748,102,2024-11-04,Completed,Credit Card,0.0
13241,5981,101,2024-11-04,Completed,Apple Pay,24.99
13242,5045,101,2024-11-04,Completed,Bank Transfer,0.0
13243,6490,101,2024-11-04,Completed,PayPal,9.99
13244,6464,101,2024-11-04,Completed,Bank Transfer,14.99
13245,5630,102,2024-11-04,Completed,Store Financing,0.0
13246,6441,101,2024-11-04,Completed,Credit Card,0.0
13247,6271,102,2024-11-04,Completed,Store Financing,0.0
13248,5454,103,2024-11-04,Completed,Bank Transfer,0.0
13249,5906,101,2024-11-04,Completed,Bank Transfer,9.99
13250,6011,108,2024-11-04,Returned,Credit Card,0.0
13251,6318,101,2024-11-04,Completed,Apple Pay,9.99
13252,5625,101,2024-11-04,Returned,Bank Transfer,24.99
13253,5987,101,2024-11-04,Completed,Bank Transfer,14.99
13254,6251,101,2024-11-04,Completed,Store Financing,9.99
13255,6313,101,2024-11-05,Completed,Bank Transfer,24.99
13256,6455,101,2024-11-05,Completed,Store Financing,0.0
13257,6016,106,2024-11-05,Completed,Store Financing,0.0
13258,5317,106,2024-11-05,Completed,Bank Transfer,0.0
13259,5914,106,2024-11-05,Completed,Bank Transfer,0.0
13260,5098,101,2024-11-05,Completed,Store Financing,9.99
13261,6498,101,2024-11-05,Completed,Store Financing,14.99
13262,6482,104,2024-11-05,Completed,Store Financing,0.0
13263,5059,101,2024-11-05,Completed,Store Financing,9.99
13264,5999,107,2024-11-05,Completed,Apple Pay,0.0
13265,5645,104,2024-11-05,Completed,Store Financing,0.0
13266,6393,106,2024-11-05,Completed,Credit Card,0.0
13267,5751,101,2024-11-05,Returned,Credit Card,24.99
13268,6203,103,2024-11-05,Returned,Apple Pay,0.0
13269,6373,108,2024-11-05,Completed,Store Financing,0.0
13270,5315,104,2024-11-05,Completed,Credit Card,0.0
13271,5043,102,2024-11-05,Completed,PayPal,0.0
13272,5291,101,2024-11-05,Completed,Credit Card,24.99
13273,5720,101,2024-11-05,Completed,PayPal,24.99
13274,5054,107,2024-11-05,Completed,PayPal,0.0
13275,5630,102,2024-11-05,Completed,Bank Transfer,0.0
13276,6476,101,2024-11-05,Completed,Store Financing,0.0
13277,5201,101,2024-11-05,Completed,Bank Transfer,0.0
13278,5159,106,2024-11-05,Cancelled,Store Financing,0.0
13279,6071,104,2024-11-05,Completed,Store Financing,0.0
13280,5306,103,2024-11-06,Completed,Credit Card,0.0
13281,6326,101,2024-11-06,Cancelled,Apple Pay,0.0
13282,6409,101,2024-11-06,Completed,Store Financing,9.99
13283,5063,101,2024-11-06,Completed,Bank Transfer,0.0
13284,5562,101,2024-11-06,Completed,Apple Pay,9.99
13285,6498,107,2024-11-06,Completed,Store Financing,0.0
13286,5890,101,2024-11-06,Completed,Bank Transfer,9.99
13287,6500,101,2024-11-06,Returned,Credit Card,9.99
13288,5379,101,2024-11-06,Completed,PayPal,14.99
13289,5587,101,2024-11-06,Completed,Credit Card,14.99
13290,5147,105,2024-11-06,Completed,Apple Pay,0.0
13291,5014,108,2024-11-06,Completed,Bank Transfer,0.0
13292,5133,102,2024-11-06,Completed,Bank Transfer,0.0
13293,6282,102,2024-11-06,Completed,Bank Transfer,0.0
13294,5748,101,2024-11-07,Cancelled,Bank Transfer,14.99
13295,6223,101,2024-11-07,Completed,Apple Pay,0.0
13296,5630,102,2024-11-07,Completed,Credit Card,0.0
13297,5546,102,2024-11-07,Completed,Store Financing,0.0
13298,5943,101,2024-11-07,Completed,Bank Transfer,14.99
13299,5537,101,2024-11-07,Completed,Apple Pay,24.99
13300,5910,101,2024-11-07,Completed,Store Financing,14.99
13301,5229,106,2024-11-07,Completed,PayPal,0.0
13302,5315,101,2024-11-07,Completed,PayPal,14.99
13303,5401,101,2024-11-07,Completed,Credit Card,24.99
13304,6175,101,2024-11-07,Completed,Apple Pay,9.99
13305,5187,101,2024-11-07,Completed,Store Financing,14.99
13306,6372,101,2024-11-07,Completed,Credit Card,14.99
13307,5855,101,2024-11-07,Completed,PayPal,24.99
13308,6274,101,2024-11-07,Completed,Bank Transfer,0.0
13309,5240,101,2024-11-07,Completed,PayPal,0.0
13310,6012,101,2024-11-08,Completed,Store Financing,9.99
13311,5577,106,2024-11-08,Completed,PayPal,0.0
13312,5003,101,2024-11-08,Completed,Apple Pay,9.99
13313,5544,104,2024-11-08,Completed,PayPal,0.0
13314,6095,101,2024-11-08,Completed,Apple Pay,14.99
13315,6021,101,2024-11-08,Completed,Store Financing,0.0
13316,5940,103,2024-11-08,Completed,PayPal,0.0
13317,5768,103,2024-11-08,Completed,Store Financing,0.0
13318,6281,102,2024-11-08,Completed,Apple Pay,0.0
13319,5713,101,2024-11-08,Completed,Store Financing,9.99
13320,5277,101,2024-11-08,Completed,Store Financing,14.99
13321,6021,101,2024-11-09,Completed,PayPal,24.99
13322,5943,104,2024-11-09,Completed,Credit Card,0.0
13323,5491,104,2024-11-09,Returned,Credit Card,0.0
13324,5643,101,2024-11-09,Completed,Credit Card,9.99
13325,5822,101,2024-11-09,Completed,PayPal,0.0
13326,5631,101,2024-11-09,Completed,PayPal,24.99
13327,5610,102,2024-11-09,Completed,Bank Transfer,0.0
13328,5529,101,2024-11-09,Completed,Credit Card,0.0
13329,5658,101,2024-11-09,Completed,PayPal,14.99
13330,5277,101,2024-11-09,Completed,Bank Transfer,9.99
13331,6120,101,2024-11-09,Completed,Bank Transfer,0.0
13332,5104,102,2024-11-09,Completed,PayPal,0.0
13333,5178,101,2024-11-09,Completed,Bank Transfer,24.99
13334,5090,105,2024-11-09,Completed,Credit Card,0.0
13335,5305,104,2024-11-09,Completed,Store Financing,0.0
13336,6170,101,2024-11-09,Completed,Bank Transfer,24.99
13337,6050,104,2024-11-09,Completed,Apple Pay,0.0
13338,5776,101,2024-11-09,Completed,Store Financing,14.99
13339,5543,107,2024-11-09,Completed,Apple Pay,0.0
13340,5277,103,2024-11-09,Completed,Bank Transfer,0.0
13341,6182,101,2024-11-09,Completed,Store Financing,24.99
13342,6201,101,2024-11-09,Completed,PayPal,0.0
13343,5235,107,2024-11-09,Completed,Bank Transfer,0.0
13344,5433,101,2024-11-09,Completed,Bank Transfer,0.0
13345,6122,101,2024-11-09,Completed,Apple Pay,0.0
13346,5290,101,2024-11-09,Completed,Store Financing,14.99
13347,6208,101,2024-11-09,Completed,Apple Pay,9.99
13348,5418,101,2024-11-09,Completed,Bank Transfer,0.0
13349,6178,108,2024-11-09,Completed,Apple Pay,0.0
13350,5488,101,2024-11-09,Cancelled,Store Financing,24.99
13351,6200,101,2024-11-09,Completed,Store Financing,0.0
13352,5927,101,2024-11-10,Completed,Store Financing,24.99
13353,6023,101,2024-11-10,Completed,Apple Pay,24.99
13354,5546,101,2024-11-10,Completed,Apple Pay,9.99
13355,6394,101,2024-11-10,Returned,Bank Transfer,24.99
13356,6265,105,2024-11-10,Completed,Credit Card,0.0
13357,6037,101,2024-11-10,Completed,Apple Pay,9.99
13358,5952,103,2024-11-10,Completed,Bank Transfer,0.0
13359,5098,101,2024-11-10,Completed,PayPal,0.0
13360,5513,106,2024-11-10,Completed,Credit Card,0.0
13361,5291,101,2024-11-10,Completed,Apple Pay,14.99
13362,5162,101,2024-11-10,Completed,PayPal,14.99
13363,5071,106,2024-11-10,Completed,Store Financing,0.0
13364,6020,101,2024-11-10,Cancelled,Store Financing,14.99
13365,5471,108,2024-11-11,Completed,Apple Pay,0.0
13366,5046,108,2024-11-11,Completed,Store Financing,0.0
13367,5457,102,2024-11-11,Completed,Store Financing,0.0
13368,6480,101,2024-11-11,Completed,Credit Card,9.99
13369,5754,105,2024-11-11,Completed,Store Financing,0.0
13370,5008,102,2024-11-11,Completed,Bank Transfer,0.0
13371,6436,101,2024-11-11,Completed,Store Financing,0.0
13372,6368,101,2024-11-11,Completed,Credit Card,24.99
13373,5021,101,2024-11-11,Completed,Store Financing,0.0
13374,5604,102,2024-11-11,Completed,Credit Card,0.0
13375,5202,101,2024-11-11,Completed,Bank Transfer,14.99
13376,5970,101,2024-11-11,Completed,PayPal,0.0
13377,5955,106,2024-11-12,Completed,Bank Transfer,0.0
13378,6491,102,2024-11-12,Completed,Store Financing,0.0
13379,5889,101,2024-11-12,Completed,Credit Card,9.99
13380,6170,102,2024-11-12,Completed,Bank Transfer,0.0
13381,5694,101,2024-11-12,Completed,PayPal,0.0
13382,6208,101,2024-11-12,Completed,PayPal,24.99
13383,5830,105,2024-11-12,Completed,Bank Transfer,0.0
13384,6011,107,2024-11-12,Completed,Bank Transfer,0.0
13385,5912,101,2024-11-12,Completed,Apple Pay,0.0
13386,5646,101,2024-11-12,Returned,PayPal,24.99
13387,6491,102,2024-11-12,Completed,Bank Transfer,0.0
13388,5594,101,2024-11-12,Completed,Bank Transfer,14.99
13389,5645,103,2024-11-12,Returned,Bank Transfer,0.0
13390,5819,101,2024-11-12,Completed,Apple Pay,9.99
13391,5224,101,2024-11-12,Completed,Store Financing,9.99
13392,5596,102,2024-11-12,Completed,Bank Transfer,0.0
13393,6137,101,2024-11-13,Completed,Store Financing,14.99
13394,5537,101,2024-11-13,Completed,Credit Card,0.0
13395,5125,101,2024-11-13,Completed,Credit Card,24.99
13396,5998,108,2024-11-13,Completed,Bank Transfer,0.0
13397,6170,101,2024-11-13,Completed,Credit Card,0.0
13398,6078,101,2024-11-13,Completed,PayPal,14.99
13399,5706,104,2024-11-13,Completed,Bank Transfer,0.0
13400,6491,101,2024-11-13,Returned,Credit Card,24.99
13401,6491,102,2024-11-13,Cancelled,Bank Transfer,0.0
13402,5852,107,2024-11-13,Completed,Apple Pay,0.0
13403,5252,101,2024-11-13,Completed,Apple Pay,0.0
13404,5786,103,2024-11-13,Completed,PayPal,0.0
13405,6434,102,2024-11-13,Completed,Bank Transfer,0.0
13406,5298,101,2024-11-13,Completed,Store Financing,9.99
13407,6063,101,2024-11-13,Completed,PayPal,9.99
13408,6044,101,2024-11-13,Completed,Bank Transfer,24.99
13409,6281,102,2024-11-13,Completed,Apple Pay,0.0
13410,5234,108,2024-11-13,Completed,PayPal,0.0
13411,5960,105,2024-11-13,Completed,Bank Transfer,0.0
13412,6316,106,2024-11-13,Completed,Apple Pay,0.0
13413,6263,101,2024-11-13,Completed,Bank Transfer,0.0
13414,5439,101,2024-11-13,Completed,Bank Transfer,0.0
13415,5334,101,2024-11-13,Completed,Store Financing,0.0
13416,5390,103,2024-11-13,Completed,Store Financing,0.0
13417,6411,101,2024-11-14,Completed,Bank Transfer,24.99
13418,6203,101,2024-11-14,Completed,Bank Transfer,0.0
13419,6039,103,2024-11-14,Completed,Bank Transfer,0.0
13420,5945,101,2024-11-14,Completed,Credit Card,14.99
13421,5549,103,2024-11-14,Completed,Credit Card,0.0
13422,5387,101,2024-11-14,Completed,PayPal,9.99
13423,5829,106,2024-11-14,Completed,Bank Transfer,0.0
13424,5934,101,2024-11-14,Completed,Credit Card,14.99
13425,6409,101,2024-11-14,Completed,PayPal,0.0
13426,5833,102,2024-11-14,Completed,Store Financing,0.0
13427,5122,101,2024-11-14,Completed,Apple Pay,24.99
13428,5972,102,2024-11-14,Completed,Credit Card,0.0
13429,5133,101,2024-11-14,Completed,Apple Pay,14.99
13430,5201,105,2024-11-14,Completed,Apple Pay,0.0
13431,5488,101,2024-11-14,Completed,Apple Pay,9.99
13432,5227,102,2024-11-14,Completed,PayPal,0.0
13433,5650,105,2024-11-14,Completed,Store Financing,0.0
13434,6247,104,2024-11-14,Completed,Apple Pay,0.0
13435,6362,101,2024-11-15,Completed,Bank Transfer,9.99
13436,5647,101,2024-11-15,Completed,Bank Transfer,14.99
13437,5708,101,2024-11-15,Completed,Apple Pay,0.0
13438,5966,101,2024-11-15,Completed,Apple Pay,14.99
13439,5418,101,2024-11-15,Completed,Credit Card,9.99
13440,6206,105,2024-11-15,Completed,Bank Transfer,0.0
13441,5814,106,2024-11-15,Completed,Apple Pay,0.0
13442,6021,101,2024-11-15,Completed,Credit Card,24.99
13443,5645,104,2024-11-15,Completed,Bank Transfer,0.0
13444,5567,102,2024-11-15,Completed,Credit Card,0.0
13445,6243,102,2024-11-15,Completed,PayPal,0.0
13446,6447,106,2024-11-16,Completed,Apple Pay,0.0
13447,5574,105,2024-11-16,Completed,Credit Card,0.0
13448,5223,101,2024-11-16,Completed,Credit Card,14.99
13449,6010,101,2024-11-16,Cancelled,Store Financing,14.99
13450,6120,102,2024-11-16,Completed,Store Financing,0.0
13451,5561,101,2024-11-16,Completed,Bank Transfer,9.99
13452,5728,102,2024-11-16,Completed,Bank Transfer,0.0
13453,5655,101,2024-11-16,Completed,Bank Transfer,0.0
13454,6207,102,2024-11-16,Completed,Store Financing,0.0
13455,6411,108,2024-11-16,Completed,Bank Transfer,0.0
13456,6399,101,2024-11-16,Completed,Store Financing,14.99
13457,5160,101,2024-11-16,Completed,PayPal,0.0
13458,5831,101,2024-11-16,Completed,PayPal,0.0
13459,5201,106,2024-11-16,Completed,PayPal,0.0
13460,6433,102,2024-11-16,Completed,Apple Pay,0.0
13461,5250,101,2024-11-16,Completed,Store Financing,24.99
13462,6212,102,2024-11-16,Completed,Credit Card,0.0
13463,5668,101,2024-11-16,Completed,PayPal,14.99
13464,5177,101,2024-11-16,Completed,Apple Pay,24.99
13465,5298,101,2024-11-16,Completed,Apple Pay,24.99
13466,5114,101,2024-11-16,Completed,PayPal,24.99
13467,5063,101,2024-11-16,Completed,PayPal,0.0
13468,5202,103,2024-11-16,Completed,Bank Transfer,0.0
13469,6137,101,2024-11-16,Completed,PayPal,14.99
13470,5908,101,2024-11-16,Completed,PayPal,9.99
13471,5067,101,2024-11-16,Completed,Credit Card,14.99
13472,6172,101,2024-11-17,Completed,Apple Pay,0.0
13473,6387,101,2024-11-17,Returned,PayPal,9.99
13474,5261,108,2024-11-17,Completed,Apple Pay,0.0
13475,5058,101,2024-11-17,Completed,Apple Pay,24.99
13476,5596,102,2024-11-17,Completed,Credit Card,0.0
13477,5486,101,2024-11-17,Completed,Credit Card,24.99
13478,6120,101,2024-11-17,Completed,Bank Transfer,9.99
13479,5774,105,2024-11-17,Completed,PayPal,0.0
13480,5958,101,2024-11-17,Completed,Store Financing,24.99
13481,5751,101,2024-11-17,Completed,Credit Card,24.99
13482,5668,105,2024-11-17,Returned,Bank Transfer,0.0
13483,5635,105,2024-11-17,Completed,Apple Pay,0.0
13484,5045,101,2024-11-17,Completed,Credit Card,14.99
13485,5672,101,2024-11-17,Completed,Bank Transfer,0.0
13486,6399,101,2024-11-17,Completed,Apple Pay,9.99
13487,5357,106,2024-11-18,Completed,Apple Pay,0.0
13488,6281,102,2024-11-18,Completed,Credit Card,0.0
13489,5722,103,2024-11-18,Cancelled,Apple Pay,0.0
13490,5045,101,2024-11-18,Completed,Store Financing,9.99
13491,5063,101,2024-11-18,Completed,Store Financing,0.0
13492,5561,101,2024-11-18,Completed,Apple Pay,24.99
13493,5603,101,2024-11-18,Completed,Apple Pay,0.0
13494,5537,101,2024-11-18,Completed,Credit Card,14.99
13495,6203,101,2024-11-18,Completed,Store Financing,9.99
13496,6252,103,2024-11-18,Returned,Bank Transfer,0.0
13497,5722,101,2024-11-18,Cancelled,Store Financing,0.0
13498,5252,108,2024-11-18,Completed,Store Financing,0.0
13499,5875,101,2024-11-18,Completed,Bank Transfer,0.0
13500,5111,101,2024-11-18,Completed,PayPal,0.0
13501,5045,101,2024-11-18,Completed,PayPal,9.99
13502,5224,101,2024-11-18,Completed,Store Financing,9.99
13503,5587,106,2024-11-18,Completed,Bank Transfer,0.0
13504,5987,101,2024-11-18,Completed,PayPal,24.99
13505,5713,101,2024-11-18,Completed,Credit Card,9.99
13506,5468,101,2024-11-18,Completed,Bank Transfer,24.99
13507,6303,103,2024-11-18,Completed,Bank Transfer,0.0
13508,6408,101,2024-11-18,Completed,Apple Pay,24.99
13509,5895,101,2024-11-18,Completed,Store Financing,24.99
13510,6054,102,2024-11-18,Completed,Store Financing,0.0
13511,6182,104,2024-11-19,Completed,Store Financing,0.0
13512,5334,103,2024-11-19,Completed,PayPal,0.0
13513,6381,101,2024-11-19,Completed,Bank Transfer,0.0
13514,5855,107,2024-11-19,Completed,PayPal,0.0
13515,5408,101,2024-11-19,Completed,Store Financing,0.0
13516,6172,108,2024-11-19,Completed,Apple Pay,0.0
13517,6040,101,2024-11-19,Returned,Store Financing,24.99
13518,6409,101,2024-11-19,Completed,Credit Card,9.99
13519,6081,101,2024-11-19,Completed,Bank Transfer,0.0
13520,5643,105,2024-11-19,Completed,Credit Card,0.0
13521,5853,101,2024-11-19,Completed,Bank Transfer,24.99
13522,5608,101,2024-11-19,Returned,Credit Card,24.99
13523,5516,102,2024-11-19,Completed,Apple Pay,0.0
13524,5069,107,2024-11-19,Returned,Apple Pay,0.0
13525,5351,101,2024-11-19,Completed,Apple Pay,24.99
13526,6243,101,2024-11-19,Completed,Apple Pay,24.99
13527,5490,101,2024-11-20,Completed,PayPal,14.99
13528,6379,101,2024-11-20,Returned,Apple Pay,0.0
13529,5468,107,2024-11-20,Completed,Apple Pay,0.0
13530,5999,108,2024-11-20,Completed,Store Financing,0.0
13531,5087,101,2024-11-20,Completed,Bank Transfer,0.0
13532,5856,102,2024-11-20,Completed,Bank Transfer,0.0
13533,5614,107,2024-11-20,Completed,Store Financing,0.0
13534,5330,101,2024-11-20,Completed,Credit Card,0.0
13535,5371,107,2024-11-20,Completed,Credit Card,0.0
13536,5026,101,2024-11-20,Completed,Store Financing,0.0
13537,5596,101,2024-11-20,Cancelled,Apple Pay,0.0
13538,5643,101,2024-11-20,Completed,PayPal,24.99
13539,5631,107,2024-11-20,Completed,Credit Card,0.0
13540,6229,107,2024-11-20,Completed,Bank Transfer,0.0
13541,6182,104,2024-11-20,Completed,PayPal,0.0
13542,5713,102,2024-11-20,Completed,PayPal,0.0
13543,6411,101,2024-11-21,Completed,Credit Card,24.99
13544,6175,105,2024-11-21,Completed,Apple Pay,0.0
13545,6434,102,2024-11-21,Completed,Apple Pay,0.0
13546,5822,101,2024-11-21,Completed,Credit Card,0.0
13547,5710,101,2024-11-21,Completed,Apple Pay,24.99
13548,5920,101,2024-11-21,Completed,Bank Transfer,9.99
13549,5402,102,2024-11-21,Completed,Credit Card,0.0
13550,5672,101,2024-11-21,Completed,PayPal,0.0
13551,6043,108,2024-11-21,Completed,Credit Card,0.0
13552,5647,101,2024-11-21,Completed,Bank Transfer,0.0
13553,5466,103,2024-11-21,Completed,Bank Transfer,0.0
13554,5395,101,2024-11-21,Completed,PayPal,14.99
13555,5108,102,2024-11-21,Completed,Bank Transfer,0.0
13556,5536,101,2024-11-21,Completed,Apple Pay,24.99
13557,6243,101,2024-11-22,Cancelled,Credit Card,9.99
13558,5226,101,2024-11-22,Completed,Credit Card,0.0
13559,6021,101,2024-11-22,Completed,PayPal,9.99
13560,5822,102,2024-11-22,Completed,Credit Card,0.0
13561,5166,102,2024-11-22,Completed,PayPal,0.0
13562,5555,101,2024-11-22,Returned,PayPal,9.99
13563,6184,101,2024-11-22,Returned,Bank Transfer,24.99
13564,5202,104,2024-11-22,Completed,Credit Card,0.0
13565,6326,101,2024-11-22,Completed,Bank Transfer,14.99
13566,5625,101,2024-11-22,Completed,PayPal,24.99
13567,5586,105,2024-11-22,Cancelled,Credit Card,0.0
13568,5063,101,2024-11-22,Completed,Apple Pay,14.99
13569,6457,104,2024-11-22,Completed,Bank Transfer,0.0
13570,5889,101,2024-11-22,Cancelled,Bank Transfer,0.0
13571,6079,105,2024-11-22,Completed,Bank Transfer,0.0
13572,6463,101,2024-11-22,Completed,Credit Card,0.0
13573,5427,105,2024-11-22,Completed,PayPal,0.0
13574,5417,101,2024-11-22,Completed,Credit Card,9.99
13575,5155,102,2024-11-22,Completed,Credit Card,0.0
13576,6182,101,2024-11-22,Completed,Credit Card,0.0
13577,5271,107,2024-11-23,Completed,Store Financing,0.0
13578,5259,101,2024-11-23,Completed,Bank Transfer,0.0
13579,5792,101,2024-11-23,Completed,Credit Card,24.99
13580,6336,101,2024-11-23,Completed,Apple Pay,14.99
13581,6110,101,2024-11-23,Completed,Apple Pay,0.0
13582,5587,106,2024-11-23,Completed,Bank Transfer,0.0
13583,6076,104,2024-11-23,Completed,PayPal,0.0
13584,5367,101,2024-11-23,Completed,Credit Card,14.99
13585,5853,101,2024-11-23,Completed,Apple Pay,0.0
13586,5351,101,2024-11-23,Completed,PayPal,24.99
13587,6399,107,2024-11-23,Completed,Store Financing,0.0
13588,6444,101,2024-11-23,Completed,Apple Pay,0.0
13589,5147,105,2024-11-23,Completed,Bank Transfer,0.0
13590,5215,107,2024-11-23,Completed,Apple Pay,0.0
13591,6491,101,2024-11-23,Completed,Apple Pay,9.99
13592,5776,101,2024-11-23,Completed,Store Financing,9.99
13593,5768,101,2024-11-23,Completed,Bank Transfer,24.99
13594,5178,101,2024-11-23,Completed,PayPal,0.0
13595,5686,102,2024-11-23,Completed,Credit Card,0.0
13596,6401,104,2024-11-23,Completed,Credit Card,0.0
13597,5959,101,2024-11-23,Completed,Apple Pay,14.99
13598,5852,101,2024-11-23,Completed,Credit Card,0.0
13599,5577,101,2024-11-23,Completed,Store Financing,14.99
13600,6500,102,2024-11-23,Returned,PayPal,0.0
13601,5952,101,2024-11-23,Completed,Store Financing,14.99
13602,5345,104,2024-11-23,Completed,Bank Transfer,0.0
13603,5077,102,2024-11-23,Completed,Credit Card,0.0
13604,5897,103,2024-11-23,Completed,Credit Card,0.0
13605,5046,108,2024-11-23,Completed,Credit Card,0.0
13606,6239,101,2024-11-23,Completed,Bank Transfer,14.99
13607,5028,107,2024-11-23,Completed,PayPal,0.0
13608,6336,101,2024-11-24,Returned,Bank Transfer,9.99
13609,5028,101,2024-11-24,Completed,Apple Pay,14.99
13610,6172,108,2024-11-24,Completed,Apple Pay,0.0
13611,5611,101,2024-11-24,Completed,Bank Transfer,0.0
13612,6241,101,2024-11-24,Completed,Credit Card,14.99
13613,6073,101,2024-11-24,Completed,PayPal,9.99
13614,5554,102,2024-11-24,Completed,Store Financing,0.0
13615,5705,101,2024-11-24,Completed,PayPal,0.0
13616,5599,107,2024-11-24,Completed,Credit Card,0.0
13617,5466,104,2024-11-24,Completed,PayPal,0.0
13618,5865,101,2024-11-24,Completed,Credit Card,14.99
13619,6455,102,2024-11-24,Completed,Store Financing,0.0
13620,6443,101,2024-11-24,Completed,Apple Pay,24.99
13621,5848,102,2024-11-24,Completed,Apple Pay,0.0
13622,5143,103,2024-11-24,Completed,Bank Transfer,0.0
13623,5630,101,2024-11-24,Returned,PayPal,0.0
13624,6170,101,2024-11-24,Completed,Bank Transfer,24.99
13625,5229,101,2024-11-24,Completed,Store Financing,24.99
13626,6007,101,2024-11-24,Returned,Store Financing,24.99
13627,5436,101,2024-11-24,Completed,Apple Pay,0.0
13628,6033,101,2024-11-24,Completed,PayPal,24.99
13629,5372,102,2024-11-24,Completed,PayPal,0.0
13630,5372,102,2024-11-24,Completed,Apple Pay,0.0
13631,6054,102,2024-11-24,Completed,Apple Pay,0.0
13632,6469,101,2024-11-24,Completed,Apple Pay,9.99
13633,6336,101,2024-11-24,Returned,Bank Transfer,9.99
13634,6436,107,2024-11-24,Completed,Apple Pay,0.0
13635,5610,102,2024-11-24,Completed,PayPal,0.0
13636,6098,104,2024-11-24,Completed,Bank Transfer,0.0
13637,5379,103,2024-11-24,Completed,Store Financing,0.0
13638,6227,101,2024-11-24,Completed,Bank Transfer,0.0
13639,5464,103,2024-11-25,Completed,Store Financing,0.0
13640,6171,101,2024-11-25,Completed,Store Financing,14.99
13641,5750,108,2024-11-25,Completed,Bank Transfer,0.0
13642,5147,105,2024-11-25,Completed,Bank Transfer,0.0
13643,5006,101,2024-11-25,Completed,Apple Pay,0.0
13644,5768,101,2024-11-25,Completed,Store Financing,14.99
13645,6162,108,2024-11-25,Completed,Apple Pay,0.0
13646,6192,102,2024-11-25,Completed,Bank Transfer,0.0
13647,5669,101,2024-11-25,Completed,Credit Card,24.99
13648,6239,101,2024-11-25,Completed,Bank Transfer,0.0
13649,6165,105,2024-11-25,Completed,Store Financing,0.0
13650,5652,101,2024-11-26,Completed,PayPal,9.99
13651,6114,101,2024-11-26,Cancelled,Apple Pay,14.99
13652,5612,101,2024-11-26,Completed,Credit Card,9.99
13653,5426,101,2024-11-26,Returned,Apple Pay,14.99
13654,5501,101,2024-11-26,Completed,Apple Pay,0.0
13655,5250,105,2024-11-26,Completed,Store Financing,0.0
13656,5464,101,2024-11-26,Completed,Credit Card,0.0
13657,5668,101,2024-11-26,Completed,Bank Transfer,9.99
13658,6436,107,2024-11-26,Completed,Bank Transfer,0.0
13659,5587,101,2024-11-26,Completed,PayPal,9.99
13660,6350,101,2024-11-26,Completed,Store Financing,0.0
13661,5958,102,2024-11-26,Completed,PayPal,0.0
13662,6247,101,2024-11-26,Completed,Credit Card,9.99
13663,6011,101,2024-11-26,Completed,Apple Pay,14.99
13664,5599,108,2024-11-26,Completed,Apple Pay,0.0
13665,5645,103,2024-11-26,Completed,Store Financing,0.0
13666,5949,108,2024-11-26,Completed,PayPal,0.0
13667,6399,108,2024-11-26,Completed,Bank Transfer,0.0
13668,5002,102,2024-11-26,Completed,Apple Pay,0.0
13669,6175,101,2024-11-26,Completed,Bank Transfer,0.0
13670,6184,102,2024-11-27,Completed,Apple Pay,0.0
13671,5076,101,2024-11-27,Completed,Store Financing,0.0
13672,5645,104,2024-11-27,Completed,Apple Pay,0.0
13673,6111,101,2024-11-27,Completed,Bank Transfer,0.0
13674,6025,104,2024-11-27,Cancelled,Bank Transfer,0.0
13675,5666,101,2024-11-27,Completed,Credit Card,9.99
13676,6169,101,2024-11-27,Completed,PayPal,0.0
13677,6441,101,2024-11-27,Completed,Bank Transfer,0.0
13678,5231,104,2024-11-27,Completed,Bank Transfer,0.0
13679,6426,101,2024-11-27,Completed,Credit Card,24.99
13680,6359,101,2024-11-27,Completed,Credit Card,9.99
13681,5170,101,2024-11-27,Completed,Bank Transfer,24.99
13682,6131,101,2024-11-27,Cancelled,Apple Pay,14.99
13683,6381,101,2024-11-27,Completed,Store Financing,9.99
13684,5668,105,2024-11-27,Completed,Credit Card,0.0
13685,5963,101,2024-11-27,Completed,Apple Pay,24.99
13686,5224,101,2024-11-27,Completed,Credit Card,14.99
13687,5822,101,2024-11-27,Completed,Apple Pay,0.0
13688,5734,101,2024-11-28,Cancelled,Store Financing,9.99
13689,5631,101,2024-11-28,Completed,Bank Transfer,0.0
13690,5427,101,2024-11-28,Completed,Apple Pay,14.99
13691,6476,102,2024-11-28,Returned,Credit Card,0.0
13692,6203,103,2024-11-28,Completed,Store Financing,0.0
13693,5932,102,2024-11-28,Completed,Credit Card,0.0
13694,5853,101,2024-11-28,Cancelled,PayPal,0.0
13695,6170,101,2024-11-28,Completed,Apple Pay,24.99
13696,5713,101,2024-11-28,Completed,Bank Transfer,9.99
13697,5268,101,2024-11-28,Completed,Credit Card,9.99
13698,6172,108,2024-11-28,Completed,Credit Card,0.0
13699,5491,101,2024-11-28,Completed,PayPal,24.99
13700,6162,108,2024-11-28,Completed,Apple Pay,0.0
13701,5895,101,2024-11-28,Completed,Bank Transfer,9.99
13702,6394,101,2024-11-28,Completed,Apple Pay,0.0
13703,6491,101,2024-11-28,Completed,Apple Pay,9.99
13704,6393,106,2024-11-28,Completed,PayPal,0.0
13705,5120,107,2024-11-28,Returned,PayPal,0.0
13706,5018,101,2024-11-28,Completed,Credit Card,9.99
13707,5043,102,2024-11-28,Completed,Store Financing,0.0
13708,6307,104,2024-11-28,Completed,Store Financing,0.0
13709,5694,108,2024-11-28,Completed,Bank Transfer,0.0
13710,5341,101,2024-11-28,Completed,Apple Pay,14.99
13711,6349,101,2024-11-28,Returned,Apple Pay,24.99
13712,6491,101,2024-11-28,Cancelled,Apple Pay,9.99
13713,5114,101,2024-11-29,Completed,Apple Pay,9.99
13714,5722,101,2024-11-29,Completed,Credit Card,0.0
13715,5454,101,2024-11-29,Completed,Store Financing,0.0
13716,6426,101,2024-11-29,Completed,Bank Transfer,24.99
13717,5760,101,2024-11-29,Completed,Store Financing,14.99
13718,5610,102,2024-11-29,Completed,Bank Transfer,0.0
13719,5625,103,2024-11-29,Returned,Store Financing,0.0
13720,5349,101,2024-11-29,Completed,Credit Card,14.99
13721,5822,101,2024-11-29,Completed,PayPal,0.0
13722,5063,101,2024-11-29,Completed,Apple Pay,24.99
13723,5822,101,2024-11-29,Completed,Store Financing,14.99
13724,5594,103,2024-11-29,Completed,Credit Card,0.0
13725,5767,101,2024-11-30,Completed,Store Financing,0.0
13726,6411,107,2024-11-30,Completed,PayPal,0.0
13727,6035,105,2024-11-30,Completed,PayPal,0.0
13728,5751,102,2024-11-30,Completed,Bank Transfer,0.0
13729,6424,102,2024-11-30,Completed,Credit Card,0.0
13730,5963,101,2024-11-30,Completed,Store Financing,14.99
13731,6137,107,2024-11-30,Completed,Apple Pay,0.0
13732,6429,102,2024-11-30,Completed,Apple Pay,0.0
13733,6230,102,2024-11-30,Completed,PayPal,0.0
13734,5636,108,2024-11-30,Completed,Store Financing,0.0
13735,5479,107,2024-11-30,Completed,Credit Card,0.0
13736,5371,101,2024-11-30,Completed,Apple Pay,14.99
13737,5927,101,2024-11-30,Completed,Store Financing,0.0
13738,6396,101,2024-11-30,Completed,Bank Transfer,0.0
13739,6172,101,2024-11-30,Completed,PayPal,24.99
13740,5044,105,2024-11-30,Completed,PayPal,0.0
13741,5028,101,2024-11-30,Completed,Bank Transfer,24.99
13742,5220,101,2024-11-30,Completed,Apple Pay,9.99
13743,5822,101,2024-11-30,Completed,PayPal,9.99
13744,5114,108,2024-11-30,Completed,PayPal,0.0
13745,5046,108,2024-11-30,Completed,PayPal,0.0
13746,5277,103,2024-11-30,Returned,Bank Transfer,0.0
13747,5028,101,2024-12-01,Completed,Apple Pay,24.99
13748,5457,101,2024-12-01,Completed,Bank Transfer,14.99
13749,5271,107,2024-12-01,Completed,Credit Card,0.0
13750,5007,103,2024-12-01,Completed,Bank Transfer,0.0
13751,6436,108,2024-12-01,Completed,Store Financing,0.0
13752,5591,101,2024-12-01,Completed,Store Financing,24.99
13753,5668,105,2024-12-01,Completed,Apple Pay,0.0
13754,5355,101,2024-12-01,Completed,Store Financing,14.99
13755,5235,108,2024-12-01,Completed,Bank Transfer,0.0
13756,5536,101,2024-12-01,Completed,Bank Transfer,9.99
13757,5831,101,2024-12-01,Completed,PayPal,24.99
13758,5668,101,2024-12-01,Completed,PayPal,24.99
13759,6111,103,2024-12-01,Completed,Store Financing,0.0
13760,5298,106,2024-12-01,Cancelled,Apple Pay,0.0
13761,5334,101,2024-12-01,Completed,Credit Card,14.99
13762,6043,101,2024-12-01,Completed,Credit Card,24.99
13763,5597,102,2024-12-01,Completed,Credit Card,0.0
13764,6212,101,2024-12-01,Completed,Bank Transfer,24.99
13765,6336,101,2024-12-01,Completed,Credit Card,9.99
13766,5513,105,2024-12-01,Completed,Store Financing,0.0
13767,5630,102,2024-12-01,Completed,Credit Card,0.0
13768,6196,101,2024-12-01,Completed,Credit Card,24.99
13769,5455,101,2024-12-01,Completed,Bank Transfer,0.0
13770,5292,102,2024-12-01,Completed,Credit Card,0.0
13771,5334,101,2024-12-01,Completed,Store Financing,0.0
13772,6137,101,2024-12-01,Returned,Apple Pay,9.99
13773,6128,101,2024-12-01,Completed,Credit Card,24.99
13774,6373,108,2024-12-01,Completed,Credit Card,0.0
13775,5999,108,2024-12-02,Completed,Credit Card,0.0
13776,6281,101,2024-12-02,Completed,PayPal,9.99
13777,5587,101,2024-12-02,Completed,Credit Card,24.99
13778,5194,101,2024-12-02,Returned,Bank Transfer,0.0
13779,5890,102,2024-12-02,Completed,Bank Transfer,0.0
13780,5268,101,2024-12-02,Completed,Credit Card,0.0
13781,5834,101,2024-12-02,Completed,Store Financing,9.99
13782,5156,104,2024-12-02,Completed,Bank Transfer,0.0
13783,5126,101,2024-12-02,Returned,Apple Pay,24.99
13784,6351,101,2024-12-02,Completed,Bank Transfer,24.99
13785,6387,105,2024-12-02,Completed,Credit Card,0.0
13786,6435,108,2024-12-02,Completed,Bank Transfer,0.0
13787,5185,108,2024-12-03,Completed,Bank Transfer,0.0
13788,5468,101,2024-12-03,Completed,Apple Pay,9.99
13789,6102,105,2024-12-03,Completed,Credit Card,0.0
13790,5346,101,2024-12-03,Completed,Bank Transfer,0.0
13791,5272,104,2024-12-03,Completed,Apple Pay,0.0
13792,5578,101,2024-12-03,Completed,Apple Pay,14.99
13793,5858,101,2024-12-03,Completed,PayPal,9.99
13794,5985,101,2024-12-03,Completed,PayPal,9.99
13795,5261,101,2024-12-03,Completed,Apple Pay,24.99
13796,6339,101,2024-12-03,Completed,Apple Pay,14.99
13797,5754,101,2024-12-03,Completed,PayPal,9.99
13798,5986,101,2024-12-04,Cancelled,Bank Transfer,24.99
13799,5315,104,2024-12-04,Completed,Apple Pay,0.0
13800,5705,101,2024-12-04,Completed,PayPal,24.99
13801,5298,101,2024-12-04,Completed,Bank Transfer,14.99
13802,5529,101,2024-12-04,Completed,Credit Card,14.99
13803,5999,101,2024-12-04,Completed,PayPal,14.99
13804,5226,101,2024-12-04,Completed,Bank Transfer,0.0
13805,5063,101,2024-12-04,Completed,Credit Card,9.99
13806,6417,101,2024-12-04,Completed,PayPal,0.0
13807,5117,101,2024-12-04,Completed,PayPal,14.99
13808,6119,101,2024-12-04,Completed,Bank Transfer,14.99
13809,6051,101,2024-12-04,Returned,Credit Card,9.99
13810,6037,101,2024-12-04,Completed,PayPal,24.99
13811,5774,101,2024-12-04,Completed,PayPal,24.99
13812,5652,104,2024-12-04,Completed,Apple Pay,0.0
13813,5375,101,2024-12-04,Completed,Credit Card,0.0
13814,6252,104,2024-12-04,Completed,Credit Card,0.0
13815,6182,104,2024-12-04,Cancelled,Store Financing,0.0
13816,5930,102,2024-12-05,Cancelled,PayPal,0.0
13817,5054,101,2024-12-05,Completed,Store Financing,14.99
13818,5986,101,2024-12-05,Completed,Credit Card,9.99
13819,6411,101,2024-12-05,Completed,Credit Card,14.99
13820,6343,102,2024-12-05,Completed,Apple Pay,0.0
13821,5862,105,2024-12-05,Completed,Credit Card,0.0
13822,5283,101,2024-12-05,Completed,Apple Pay,0.0
13823,5578,101,2024-12-05,Returned,PayPal,9.99
13824,5028,101,2024-12-05,Completed,PayPal,0.0
13825,6196,101,2024-12-05,Completed,PayPal,9.99
13826,6409,101,2024-12-05,Completed,Apple Pay,0.0
13827,6037,101,2024-12-05,Returned,Bank Transfer,9.99
13828,5599,108,2024-12-05,Completed,Bank Transfer,0.0
13829,5158,104,2024-12-05,Completed,Store Financing,0.0
13830,5567,102,2024-12-05,Completed,Apple Pay,0.0
13831,5645,101,2024-12-05,Completed,Credit Card,24.99
13832,6016,101,2024-12-06,Completed,PayPal,24.99
13833,5261,107,2024-12-06,Completed,Store Financing,0.0
13834,5076,101,2024-12-06,Completed,Apple Pay,0.0
13835,5087,101,2024-12-06,Completed,Bank Transfer,9.99
13836,5645,101,2024-12-06,Completed,Store Financing,24.99
13837,5090,101,2024-12-06,Completed,Bank Transfer,24.99
13838,6336,101,2024-12-06,Completed,Credit Card,14.99
13839,5016,101,2024-12-06,Completed,PayPal,14.99
13840,5986,101,2024-12-06,Completed,PayPal,0.0
13841,6124,101,2024-12-06,Completed,Apple Pay,9.99
13842,5648,106,2024-12-06,Completed,Credit Card,0.0
13843,5875,107,2024-12-06,Completed,Apple Pay,0.0
13844,6230,101,2024-12-06,Completed,Store Financing,14.99
13845,6410,102,2024-12-06,Completed,Credit Card,0.0
13846,5343,101,2024-12-06,Completed,Bank Transfer,0.0
13847,5460,102,2024-12-06,Returned,PayPal,0.0
13848,5126,104,2024-12-06,Completed,Apple Pay,0.0
13849,6016,105,2024-12-06,Completed,Bank Transfer,0.0
13850,6335,101,2024-12-06,Completed,Bank Transfer,9.99
13851,6482,104,2024-12-06,Completed,Credit Card,0.0
13852,5447,101,2024-12-06,Completed,Bank Transfer,9.99
13853,5537,101,2024-12-06,Completed,Store Financing,0.0
13854,5471,101,2024-12-06,Completed,Store Financing,9.99
13855,6033,101,2024-12-06,Completed,PayPal,9.99
13856,5274,105,2024-12-06,Completed,Credit Card,0.0
13857,5045,106,2024-12-07,Completed,PayPal,0.0
13858,5063,103,2024-12-07,Completed,Apple Pay,0.0
13859,5215,101,2024-12-07,Completed,Bank Transfer,0.0
13860,5697,101,2024-12-07,Completed,Store Financing,14.99
13861,6137,101,2024-12-07,Cancelled,Credit Card,9.99
13862,5018,103,2024-12-07,Completed,Apple Pay,0.0
13863,6016,101,2024-12-07,Completed,Credit Card,24.99
13864,5891,101,2024-12-07,Completed,PayPal,9.99
13865,5567,102,2024-12-07,Completed,Bank Transfer,0.0
13866,5986,101,2024-12-07,Completed,Store Financing,24.99
13867,6482,103,2024-12-07,Completed,PayPal,0.0
13868,5775,101,2024-12-07,Completed,Bank Transfer,14.99
13869,5372,101,2024-12-07,Completed,Bank Transfer,14.99
13870,5201,105,2024-12-07,Completed,Store Financing,0.0
13871,5325,101,2024-12-07,Completed,Credit Card,9.99
13872,5114,101,2024-12-07,Completed,PayPal,24.99
13873,5853,106,2024-12-07,Completed,Bank Transfer,0.0
13874,6020,101,2024-12-07,Cancelled,Credit Card,0.0
13875,6069,101,2024-12-07,Completed,Store Financing,14.99
13876,5227,101,2024-12-07,Completed,PayPal,24.99
13877,5638,102,2024-12-07,Cancelled,Credit Card,0.0
13878,5252,108,2024-12-07,Completed,PayPal,0.0
13879,5969,101,2024-12-07,Cancelled,Bank Transfer,9.99
13880,5889,101,2024-12-07,Cancelled,Apple Pay,24.99
13881,5321,101,2024-12-08,Completed,Store Financing,9.99
13882,6435,101,2024-12-08,Completed,Credit Card,24.99
13883,5143,104,2024-12-08,Completed,Store Financing,0.0
13884,5025,101,2024-12-08,Completed,Store Financing,9.99
13885,5351,101,2024-12-08,Completed,Store Financing,9.99
13886,5063,101,2024-12-08,Completed,Store Financing,24.99
13887,6394,101,2024-12-08,Completed,Bank Transfer,24.99
13888,5754,101,2024-12-08,Completed,Bank Transfer,24.99
13889,5659,101,2024-12-08,Cancelled,Credit Card,14.99
13890,5405,107,2024-12-08,Completed,Store Financing,0.0
13891,5003,107,2024-12-08,Completed,Bank Transfer,0.0
13892,5293,101,2024-12-08,Completed,Bank Transfer,14.99
13893,6281,101,2024-12-08,Completed,Credit Card,24.99
13894,5889,101,2024-12-08,Cancelled,Store Financing,0.0
13895,5377,101,2024-12-08,Completed,PayPal,14.99
13896,6435,101,2024-12-08,Completed,Apple Pay,24.99
13897,6040,101,2024-12-08,Completed,PayPal,9.99
13898,6037,104,2024-12-08,Completed,Bank Transfer,0.0
13899,5406,101,2024-12-08,Completed,Apple Pay,9.99
13900,6228,104,2024-12-08,Completed,Apple Pay,0.0
13901,5899,101,2024-12-08,Completed,Store Financing,14.99
13902,5271,108,2024-12-08,Completed,Store Financing,0.0
13903,5299,106,2024-12-08,Completed,Store Financing,0.0
13904,6074,101,2024-12-08,Completed,Store Financing,14.99
13905,6336,101,2024-12-08,Completed,Store Financing,9.99
13906,6336,107,2024-12-08,Completed,Credit Card,0.0
13907,5229,101,2024-12-08,Completed,Apple Pay,0.0
13908,5147,101,2024-12-08,Completed,Bank Transfer,14.99
13909,5757,104,2024-12-09,Returned,Bank Transfer,0.0
13910,5932,101,2024-12-09,Completed,Credit Card,9.99
13911,5716,101,2024-12-09,Completed,Credit Card,9.99
13912,6021,101,2024-12-09,Completed,Bank Transfer,14.99
13913,5734,101,2024-12-09,Completed,Apple Pay,9.99
13914,5079,101,2024-12-09,Returned,PayPal,24.99
13915,6109,101,2024-12-09,Completed,PayPal,9.99
13916,6098,101,2024-12-09,Completed,PayPal,0.0
13917,6074,101,2024-12-09,Completed,PayPal,9.99
13918,5143,101,2024-12-09,Completed,Credit Card,0.0
13919,6041,101,2024-12-09,Completed,Store Financing,0.0
13920,6318,101,2024-12-09,Completed,Store Financing,24.99
13921,5606,101,2024-12-09,Completed,Store Financing,14.99
13922,5439,101,2024-12-09,Completed,Credit Card,14.99
13923,6203,101,2024-12-10,Completed,PayPal,0.0
13924,5058,101,2024-12-10,Completed,Apple Pay,24.99
13925,5987,107,2024-12-10,Completed,Credit Card,0.0
13926,5768,101,2024-12-10,Completed,Store Financing,24.99
13927,6471,102,2024-12-10,Completed,Bank Transfer,0.0
13928,5742,101,2024-12-10,Completed,Store Financing,24.99
13929,5940,104,2024-12-10,Completed,Bank Transfer,0.0
13930,5270,104,2024-12-10,Completed,Apple Pay,0.0
13931,5610,102,2024-12-10,Completed,Bank Transfer,0.0
13932,5751,101,2024-12-10,Completed,PayPal,0.0
13933,5260,101,2024-12-10,Returned,Store Financing,24.99
13934,5392,101,2024-12-10,Completed,Credit Card,9.99
13935,5177,102,2024-12-10,Completed,Credit Card,0.0
13936,5868,101,2024-12-10,Completed,Credit Card,14.99
13937,6252,103,2024-12-10,Completed,Apple Pay,0.0
13938,5930,102,2024-12-10,Completed,Bank Transfer,0.0
13939,6021,101,2024-12-10,Completed,Credit Card,14.99
13940,6495,101,2024-12-10,Completed,Credit Card,0.0
13941,5817,105,2024-12-10,Completed,Apple Pay,0.0
13942,5508,101,2024-12-10,Completed,Credit Card,14.99
13943,5630,102,2024-12-11,Completed,Apple Pay,0.0
13944,5644,107,2024-12-11,Completed,PayPal,0.0
13945,5579,101,2024-12-11,Completed,Bank Transfer,9.99
13946,5597,102,2024-12-11,Completed,Apple Pay,0.0
13947,5916,101,2024-12-11,Completed,Bank Transfer,14.99
13948,6230,101,2024-12-11,Completed,Apple Pay,0.0
13949,5750,107,2024-12-11,Completed,Apple Pay,0.0
13950,6012,101,2024-12-11,Completed,Apple Pay,0.0
13951,5579,106,2024-12-11,Completed,Store Financing,0.0
13952,5283,101,2024-12-11,Completed,Credit Card,24.99
13953,6498,107,2024-12-11,Returned,Apple Pay,0.0
13954,5044,105,2024-12-11,Completed,Store Financing,0.0
13955,5405,107,2024-12-11,Completed,Bank Transfer,0.0
13956,6131,101,2024-12-11,Completed,Bank Transfer,24.99
13957,5606,107,2024-12-11,Completed,Credit Card,0.0
13958,6281,101,2024-12-11,Returned,Credit Card,14.99
13959,5268,101,2024-12-11,Returned,Store Financing,14.99
13960,6358,101,2024-12-11,Completed,Apple Pay,24.99
13961,6375,101,2024-12-11,Completed,Credit Card,24.99
13962,6010,102,2024-12-11,Returned,PayPal,0.0
13963,5002,101,2024-12-11,Completed,Apple Pay,9.99
13964,5787,101,2024-12-11,Completed,Credit Card,0.0
13965,5970,101,2024-12-12,Cancelled,Credit Card,9.99
13966,5294,103,2024-12-12,Completed,Store Financing,0.0
13967,5969,101,2024-12-12,Completed,Apple Pay,9.99
13968,5996,101,2024-12-12,Completed,Apple Pay,9.99
13969,5122,108,2024-12-12,Completed,Store Financing,0.0
13970,6492,101,2024-12-12,Completed,Credit Card,24.99
13971,5945,101,2024-12-12,Returned,Store Financing,0.0
13972,5352,103,2024-12-12,Returned,Store Financing,0.0
13973,5225,101,2024-12-12,Completed,Bank Transfer,14.99
13974,5567,101,2024-12-12,Completed,Apple Pay,24.99
13975,5722,101,2024-12-12,Completed,Store Financing,14.99
13976,5235,101,2024-12-12,Completed,Store Financing,9.99
13977,5155,101,2024-12-12,Completed,Credit Card,14.99
13978,5822,102,2024-12-12,Completed,Store Financing,0.0
13979,5561,102,2024-12-13,Completed,Credit Card,0.0
13980,6388,107,2024-12-13,Completed,Store Financing,0.0
13981,5429,103,2024-12-13,Completed,PayPal,0.0
13982,6325,101,2024-12-13,Completed,PayPal,14.99
13983,5156,101,2024-12-13,Completed,Store Financing,24.99
13984,6203,101,2024-12-13,Completed,Store Financing,0.0
13985,5114,108,2024-12-13,Completed,Apple Pay,0.0
13986,6411,108,2024-12-13,Completed,Store Financing,0.0
13987,5544,101,2024-12-13,Completed,Bank Transfer,24.99
13988,5325,101,2024-12-13,Completed,Apple Pay,24.99
13989,5046,107,2024-12-13,Completed,PayPal,0.0
13990,5632,101,2024-12-13,Returned,Credit Card,24.99
13991,6482,103,2024-12-13,Returned,Bank Transfer,0.0
13992,5866,101,2024-12-13,Completed,Credit Card,9.99
13993,5969,101,2024-12-13,Completed,Apple Pay,0.0
13994,5645,101,2024-12-13,Completed,PayPal,9.99
13995,5952,101,2024-12-13,Completed,Store Financing,9.99
13996,5529,101,2024-12-13,Completed,Bank Transfer,9.99
13997,5126,101,2024-12-13,Completed,Apple Pay,9.99
13998,5717,101,2024-12-13,Completed,Store Financing,24.99
13999,5622,101,2024-12-13,Cancelled,Bank Transfer,9.99
14000,5302,101,2024-12-13,Completed,PayPal,0.0
14001,5220,101,2024-12-14,Completed,Bank Transfer,24.99
14002,6012,108,2024-12-14,Completed,Credit Card,0.0
14003,6021,105,2024-12-14,Completed,Bank Transfer,0.0
14004,6339,101,2024-12-14,Completed,Credit Card,9.99
14005,5500,101,2024-12-14,Completed,Credit Card,24.99
14006,5107,101,2024-12-14,Completed,Credit Card,0.0
14007,5164,101,2024-12-14,Returned,Apple Pay,24.99
14008,5318,101,2024-12-14,Completed,Bank Transfer,9.99
14009,5786,103,2024-12-14,Completed,Apple Pay,0.0
14010,5298,106,2024-12-14,Completed,Credit Card,0.0
14011,6021,101,2024-12-14,Completed,Store Financing,9.99
14012,5907,101,2024-12-14,Completed,PayPal,0.0
14013,5384,102,2024-12-14,Completed,PayPal,0.0
14014,5946,107,2024-12-14,Completed,PayPal,0.0
14015,5126,101,2024-12-14,Completed,Store Financing,24.99
14016,6011,108,2024-12-14,Completed,Apple Pay,0.0
14017,5676,102,2024-12-14,Completed,Bank Transfer,0.0
14018,5261,108,2024-12-14,Completed,Apple Pay,0.0
14019,6326,101,2024-12-14,Completed,PayPal,9.99
14020,5901,101,2024-12-14,Completed,Apple Pay,14.99
14021,5350,101,2024-12-14,Completed,Bank Transfer,24.99
14022,5384,101,2024-12-14,Completed,Apple Pay,14.99
14023,6182,104,2024-12-14,Completed,Apple Pay,0.0
14024,5044,105,2024-12-14,Completed,Credit Card,0.0
14025,6448,101,2024-12-14,Completed,Credit Card,14.99
14026,5561,102,2024-12-14,Completed,Bank Transfer,0.0
14027,5080,101,2024-12-14,Completed,Bank Transfer,0.0
14028,5537,102,2024-12-14,Completed,Apple Pay,0.0
14029,5897,103,2024-12-15,Completed,Bank Transfer,0.0
14030,5087,101,2024-12-15,Completed,Apple Pay,0.0
14031,6074,108,2024-12-15,Completed,Store Financing,0.0
14032,6468,101,2024-12-15,Completed,Apple Pay,9.99
14033,6216,101,2024-12-15,Completed,Bank Transfer,9.99
14034,6252,104,2024-12-15,Returned,Apple Pay,0.0
14035,5722,103,2024-12-15,Completed,PayPal,0.0
14036,5274,101,2024-12-15,Completed,Bank Transfer,24.99
14037,5875,107,2024-12-15,Completed,Credit Card,0.0
14038,6172,101,2024-12-15,Completed,Credit Card,0.0
14039,5710,105,2024-12-15,Completed,Apple Pay,0.0
14040,5271,101,2024-12-15,Completed,Bank Transfer,14.99
14041,5814,101,2024-12-15,Returned,PayPal,9.99
14042,5853,101,2024-12-15,Completed,Credit Card,24.99
14043,5278,101,2024-12-15,Completed,Apple Pay,0.0
14044,5126,101,2024-12-16,Completed,Store Financing,9.99
14045,5666,101,2024-12-16,Completed,Store Financing,9.99
14046,6336,107,2024-12-16,Completed,Bank Transfer,0.0
14047,5869,107,2024-12-16,Completed,Apple Pay,0.0
14048,6012,108,2024-12-16,Completed,Credit Card,0.0
14049,6068,101,2024-12-16,Returned,Apple Pay,14.99
14050,5576,102,2024-12-16,Completed,Credit Card,0.0
14051,5351,101,2024-12-16,Completed,Apple Pay,0.0
14052,6381,101,2024-12-16,Completed,Apple Pay,0.0
14053,5044,101,2024-12-16,Completed,Apple Pay,24.99
14054,5370,101,2024-12-16,Completed,Store Financing,14.99
14055,5872,101,2024-12-16,Completed,Apple Pay,9.99
14056,6394,101,2024-12-16,Completed,Store Financing,9.99
14057,6459,101,2024-12-16,Completed,PayPal,14.99
14058,5601,103,2024-12-16,Completed,Bank Transfer,0.0
14059,5770,101,2024-12-16,Completed,PayPal,0.0
14060,5509,101,2024-12-16,Completed,Bank Transfer,24.99
14061,5376,101,2024-12-16,Completed,PayPal,14.99
14062,5375,101,2024-12-16,Returned,PayPal,24.99
14063,5986,101,2024-12-16,Completed,Apple Pay,14.99
14064,6215,101,2024-12-16,Completed,Bank Transfer,0.0
14065,6262,101,2024-12-16,Completed,Bank Transfer,14.99
14066,5475,101,2024-12-16,Completed,Store Financing,14.99
14067,5225,101,2024-12-16,Completed,Credit Card,14.99
14068,5475,101,2024-12-16,Completed,Apple Pay,9.99
14069,5179,101,2024-12-17,Completed,Store Financing,24.99
14070,5379,103,2024-12-17,Completed,Apple Pay,0.0
14071,5438,107,2024-12-17,Completed,PayPal,0.0
14072,5861,101,2024-12-17,Completed,Bank Transfer,0.0
14073,5057,101,2024-12-17,Completed,Store Financing,24.99
14074,5950,101,2024-12-17,Completed,Bank Transfer,0.0
14075,6433,102,2024-12-17,Completed,Bank Transfer,0.0
14076,5956,101,2024-12-17,Completed,Store Financing,9.99
14077,5587,105,2024-12-17,Completed,Bank Transfer,0.0
14078,5591,102,2024-12-17,Completed,Store Financing,0.0
14079,5261,107,2024-12-17,Completed,Credit Card,0.0
14080,5455,101,2024-12-17,Completed,Apple Pay,24.99
14081,5208,101,2024-12-18,Completed,Credit Card,0.0
14082,5224,101,2024-12-18,Returned,PayPal,14.99
14083,5505,101,2024-12-18,Completed,PayPal,0.0
14084,5299,106,2024-12-18,Completed,Apple Pay,0.0
14085,5645,101,2024-12-18,Completed,PayPal,9.99
14086,6155,101,2024-12-18,Completed,PayPal,9.99
14087,6411,101,2024-12-18,Completed,Store Financing,0.0
14088,5007,101,2024-12-18,Completed,Store Financing,9.99
14089,6175,101,2024-12-18,Completed,PayPal,9.99
14090,5645,101,2024-12-18,Completed,Bank Transfer,24.99
14091,6491,101,2024-12-18,Completed,Apple Pay,0.0
14092,5606,101,2024-12-18,Completed,Apple Pay,14.99
14093,5579,105,2024-12-18,Completed,Credit Card,0.0
14094,6368,101,2024-12-18,Completed,Apple Pay,0.0
14095,5741,101,2024-12-18,Cancelled,Apple Pay,14.99
14096,6441,101,2024-12-18,Completed,Credit Card,24.99
14097,5271,101,2024-12-18,Completed,Credit Card,24.99
14098,5454,104,2024-12-18,Completed,Credit Card,0.0
14099,6011,108,2024-12-19,Completed,Bank Transfer,0.0
14100,5910,102,2024-12-19,Completed,Credit Card,0.0
14101,6171,101,2024-12-19,Completed,Credit Card,24.99
14102,5028,101,2024-12-19,Completed,PayPal,0.0
14103,6482,101,2024-12-19,Completed,Store Financing,14.99
14104,5668,101,2024-12-19,Completed,Bank Transfer,0.0
14105,5930,101,2024-12-19,Completed,Credit Card,14.99
14106,6037,101,2024-12-19,Completed,Credit Card,24.99
14107,6041,102,2024-12-19,Completed,Bank Transfer,0.0
14108,5890,101,2024-12-19,Completed,Bank Transfer,14.99
14109,6326,101,2024-12-19,Completed,Credit Card,9.99
14110,5063,101,2024-12-20,Cancelled,Apple Pay,9.99
14111,5814,101,2024-12-20,Completed,PayPal,9.99
14112,6381,101,2024-12-20,Completed,Bank Transfer,0.0
14113,6100,101,2024-12-20,Completed,PayPal,24.99
14114,5587,101,2024-12-20,Completed,Credit Card,14.99
14115,6252,101,2024-12-20,Completed,Credit Card,0.0
14116,5387,105,2024-12-20,Cancelled,Bank Transfer,0.0
14117,5862,106,2024-12-20,Completed,Credit Card,0.0
14118,6339,101,2024-12-20,Completed,PayPal,0.0
14119,6346,101,2024-12-20,Completed,PayPal,24.99
14120,6119,104,2024-12-20,Completed,Credit Card,0.0
14121,5625,101,2024-12-20,Completed,Apple Pay,9.99
14122,6381,101,2024-12-20,Completed,Store Financing,14.99
14123,6453,101,2024-12-20,Completed,Store Financing,0.0
14124,5224,106,2024-12-20,Completed,Credit Card,0.0
14125,6182,103,2024-12-20,Completed,Credit Card,0.0
14126,5028,101,2024-12-21,Completed,Apple Pay,14.99
14127,6423,101,2024-12-21,Completed,Store Financing,24.99
14128,5597,102,2024-12-21,Completed,Apple Pay,0.0
14129,5986,101,2024-12-21,Completed,Credit Card,9.99
14130,6078,101,2024-12-21,Completed,Store Financing,24.99
14131,5605,101,2024-12-21,Completed,Apple Pay,0.0
14132,5257,101,2024-12-21,Completed,Credit Card,24.99
14133,5565,101,2024-12-21,Completed,PayPal,14.99
14134,5380,101,2024-12-21,Completed,PayPal,9.99
14135,5256,102,2024-12-21,Completed,Apple Pay,0.0
14136,5026,102,2024-12-21,Completed,Store Financing,0.0
14137,5063,101,2024-12-21,Completed,Bank Transfer,14.99
14138,5272,101,2024-12-21,Returned,Apple Pay,0.0
14139,6191,104,2024-12-21,Completed,PayPal,0.0
14140,5092,104,2024-12-21,Completed,PayPal,0.0
14141,6274,101,2024-12-22,Completed,Bank Transfer,24.99
14142,5500,101,2024-12-22,Completed,Apple Pay,0.0
14143,5744,102,2024-12-22,Completed,PayPal,0.0
14144,6170,101,2024-12-22,Completed,Credit Card,14.99
14145,6443,102,2024-12-22,Completed,PayPal,0.0
14146,5271,101,2024-12-22,Completed,Credit Card,9.99
14147,5556,101,2024-12-22,Completed,Bank Transfer,0.0
14148,6169,101,2024-12-22,Completed,Credit Card,14.99
14149,5597,101,2024-12-22,Completed,Apple Pay,14.99
14150,5077,101,2024-12-22,Returned,PayPal,0.0
14151,5892,105,2024-12-22,Cancelled,PayPal,0.0
14152,5125,107,2024-12-22,Completed,Credit Card,0.0
14153,6386,101,2024-12-22,Completed,Apple Pay,14.99
14154,5039,106,2024-12-23,Completed,Credit Card,0.0
14155,5427,101,2024-12-23,Completed,Store Financing,24.99
14156,5157,104,2024-12-23,Completed,Apple Pay,0.0
14157,5280,101,2024-12-23,Completed,Bank Transfer,14.99
14158,6029,101,2024-12-23,Completed,Bank Transfer,24.99
14159,5561,101,2024-12-23,Completed,Apple Pay,9.99
14160,5298,101,2024-12-23,Completed,Apple Pay,24.99
14161,6037,101,2024-12-23,Completed,Store Financing,14.99
14162,6439,101,2024-12-23,Completed,Apple Pay,24.99
14163,6387,101,2024-12-23,Completed,Credit Card,24.99
14164,5387,106,2024-12-23,Completed,PayPal,0.0
14165,5399,101,2024-12-24,Completed,PayPal,24.99
14166,6203,101,2024-12-24,Completed,PayPal,24.99
14167,6223,101,2024-12-24,Completed,Apple Pay,14.99
14168,5622,102,2024-12-24,Returned,Credit Card,0.0
14169,6020,104,2024-12-24,Completed,PayPal,0.0
14170,6226,101,2024-12-24,Completed,Store Financing,14.99
14171,6321,108,2024-12-24,Completed,Store Financing,0.0
14172,6010,101,2024-12-24,Completed,Apple Pay,0.0
14173,5986,101,2024-12-24,Returned,PayPal,14.99
14174,6281,102,2024-12-24,Completed,Apple Pay,0.0
14175,5822,101,2024-12-24,Completed,Apple Pay,0.0
14176,5751,101,2024-12-24,Completed,Apple Pay,14.99
14177,6252,101,2024-12-24,Completed,Apple Pay,14.99
14178,5547,101,2024-12-24,Completed,Bank Transfer,24.99
14179,5261,108,2024-12-24,Completed,Store Financing,0.0
14180,5895,104,2024-12-24,Returned,Apple Pay,0.0
14181,5894,108,2024-12-24,Completed,Store Financing,0.0
14182,5457,101,2024-12-24,Completed,PayPal,0.0
14183,5768,101,2024-12-24,Completed,PayPal,24.99
14184,6243,101,2024-12-24,Completed,Credit Card,24.99
14185,5252,108,2024-12-24,Completed,Store Financing,0.0
14186,5966,101,2024-12-24,Completed,Credit Card,14.99
14187,5427,106,2024-12-24,Completed,Credit Card,0.0
14188,6468,107,2024-12-24,Completed,PayPal,0.0
14189,6436,101,2024-12-25,Completed,Credit Card,14.99
14190,5852,107,2024-12-25,Completed,PayPal,0.0
14191,6020,101,2024-12-25,Completed,Credit Card,14.99
14192,5261,101,2024-12-25,Completed,Credit Card,14.99
14193,5166,102,2024-12-25,Completed,Credit Card,0.0
14194,5839,101,2024-12-25,Completed,Credit Card,9.99
14195,5170,101,2024-12-25,Completed,PayPal,24.99
14196,6399,101,2024-12-25,Completed,Store Financing,0.0
14197,6368,108,2024-12-25,Completed,Credit Card,0.0
14198,6472,107,2024-12-25,Completed,PayPal,0.0
14199,6368,107,2024-12-25,Completed,PayPal,0.0
14200,5892,105,2024-12-25,Completed,Bank Transfer,0.0
14201,5271,101,2024-12-25,Completed,Credit Card,14.99
14202,5106,101,2024-12-25,Cancelled,PayPal,14.99
14203,5853,101,2024-12-26,Completed,Apple Pay,0.0
14204,6192,101,2024-12-26,Completed,Bank Transfer,24.99
14205,5108,101,2024-12-26,Completed,Store Financing,9.99
14206,6351,101,2024-12-26,Completed,Credit Card,24.99
14207,5007,103,2024-12-26,Completed,Bank Transfer,0.0
14208,5384,101,2024-12-26,Completed,PayPal,24.99
14209,6091,101,2024-12-26,Completed,PayPal,9.99
14210,6019,101,2024-12-26,Returned,Credit Card,24.99
14211,5201,101,2024-12-26,Completed,Apple Pay,24.99
14212,5540,101,2024-12-26,Completed,Store Financing,0.0
14213,6156,101,2024-12-26,Completed,Bank Transfer,0.0
14214,5966,108,2024-12-26,Completed,Store Financing,0.0
14215,5853,106,2024-12-27,Completed,Store Financing,0.0
14216,5080,101,2024-12-27,Completed,Apple Pay,24.99
14217,6229,108,2024-12-27,Cancelled,Credit Card,0.0
14218,5240,108,2024-12-27,Completed,Apple Pay,0.0
14219,5822,102,2024-12-27,Completed,Credit Card,0.0
14220,6119,103,2024-12-27,Completed,Bank Transfer,0.0
14221,5423,101,2024-12-27,Completed,PayPal,14.99
14222,5589,104,2024-12-27,Completed,PayPal,0.0
14223,5003,101,2024-12-27,Completed,Apple Pay,14.99
14224,5989,101,2024-12-27,Completed,Apple Pay,24.99
14225,6074,101,2024-12-27,Returned,PayPal,24.99
14226,6005,101,2024-12-27,Completed,Bank Transfer,24.99
14227,6498,101,2024-12-27,Completed,Credit Card,24.99
14228,5792,101,2024-12-27,Completed,Apple Pay,0.0
14229,5500,101,2024-12-27,Returned,PayPal,24.99
14230,5753,101,2024-12-27,Completed,Credit Card,24.99
14231,5913,101,2024-12-27,Completed,Credit Card,14.99
14232,6187,101,2024-12-27,Completed,Store Financing,24.99
14233,5344,108,2024-12-27,Completed,PayPal,0.0
14234,5219,101,2024-12-27,Completed,Store Financing,0.0
14235,5943,101,2024-12-27,Completed,Credit Card,0.0
14236,6012,108,2024-12-27,Returned,PayPal,0.0
14237,6231,101,2024-12-27,Completed,Bank Transfer,14.99
14238,5326,101,2024-12-27,Cancelled,Credit Card,9.99
14239,6110,106,2024-12-27,Completed,Apple Pay,0.0
14240,6229,101,2024-12-28,Completed,PayPal,24.99
14241,5240,101,2024-12-28,Completed,Bank Transfer,0.0
14242,5508,101,2024-12-28,Completed,Credit Card,0.0
14243,6333,101,2024-12-28,Completed,PayPal,0.0
14244,5100,101,2024-12-28,Cancelled,Store Financing,0.0
14245,5133,102,2024-12-28,Completed,Apple Pay,0.0
14246,5334,104,2024-12-28,Completed,Bank Transfer,0.0
14247,5587,101,2024-12-28,Completed,Store Financing,24.99
14248,5290,101,2024-12-28,Completed,Apple Pay,14.99
14249,5536,101,2024-12-28,Cancelled,Store Financing,14.99
14250,5459,101,2024-12-28,Completed,Apple Pay,14.99
14251,6172,108,2024-12-28,Completed,Store Financing,0.0
14252,6313,101,2024-12-28,Completed,Apple Pay,14.99
14253,5334,101,2024-12-28,Completed,Store Financing,0.0
14254,6109,101,2024-12-28,Completed,Apple Pay,14.99
14255,6409,108,2024-12-28,Completed,Credit Card,0.0
14256,5302,101,2024-12-28,Completed,Bank Transfer,24.99
14257,5529,101,2024-12-28,Completed,Bank Transfer,14.99
14258,5147,106,2024-12-28,Completed,Apple Pay,0.0
14259,6368,101,2024-12-28,Completed,PayPal,24.99
14260,6376,105,2024-12-28,Completed,Credit Card,0.0
14261,5156,104,2024-12-28,Completed,Store Financing,0.0
14262,5852,101,2024-12-29,Completed,Store Financing,9.99
14263,6018,105,2024-12-29,Completed,PayPal,0.0
14264,5077,102,2024-12-29,Completed,Bank Transfer,0.0
14265,5488,103,2024-12-29,Completed,Store Financing,0.0
14266,6196,101,2024-12-29,Completed,Credit Card,0.0
14267,5155,101,2024-12-29,Completed,Credit Card,9.99
14268,6472,107,2024-12-29,Completed,PayPal,0.0
14269,6243,101,2024-12-29,Completed,Bank Transfer,24.99
14270,5292,101,2024-12-29,Completed,Store Financing,9.99
14271,6234,105,2024-12-29,Completed,PayPal,0.0
14272,6432,101,2024-12-29,Completed,Apple Pay,14.99
14273,5402,102,2024-12-29,Completed,Store Financing,0.0
14274,6359,103,2024-12-29,Completed,PayPal,0.0
14275,5087,101,2024-12-30,Completed,PayPal,9.99
14276,5003,107,2024-12-30,Completed,Bank Transfer,0.0
14277,6436,107,2024-12-30,Completed,Credit Card,0.0
14278,6021,101,2024-12-30,Completed,Credit Card,14.99
14279,5861,102,2024-12-30,Completed,Apple Pay,0.0
14280,5889,101,2024-12-30,Completed,Apple Pay,0.0
14281,5762,101,2024-12-30,Completed,PayPal,24.99
14282,5471,108,2024-12-30,Completed,PayPal,0.0
14283,5597,102,2024-12-30,Completed,Store Financing,0.0
14284,5003,101,2024-12-30,Completed,Credit Card,9.99
14285,6016,101,2024-12-30,Completed,Credit Card,9.99
14286,5597,102,2024-12-30,Completed,Credit Card,0.0
14287,5610,101,2024-12-30,Cancelled,PayPal,9.99
14288,5998,107,2024-12-30,Completed,Bank Transfer,0.0
14289,5302,101,2024-12-31,Cancelled,Apple Pay,0.0
14290,5940,101,2024-12-31,Completed,PayPal,0.0
14291,6281,102,2024-12-31,Returned,Bank Transfer,0.0
14292,5001,101,2024-12-31,Completed,Credit Card,0.0
14293,5549,101,2024-12-31,Completed,PayPal,0.0
14294,5986,103,2024-12-31,Completed,PayPal,0.0
14295,5706,103,2024-12-31,Completed,Apple Pay,0.0
14296,5389,108,2024-12-31,Completed,Bank Transfer,0.0
14297,5862,101,2024-12-31,Completed,Bank Transfer,9.99
14298,5597,102,2024-12-31,Completed,PayPal,0.0
14299,5002,102,2024-12-31,Completed,Store Financing,0.0
14300,6137,108,2024-12-31,Completed,Credit Card,0.0
14301,5459,104,2025-01-01,Completed,Credit Card,0.0
14302,5280,102,2025-01-01,Completed,Bank Transfer,0.0
14303,5981,101,2025-01-01,Completed,Bank Transfer,14.99
14304,5231,101,2025-01-01,Completed,Bank Transfer,14.99
14305,6172,107,2025-01-01,Completed,Bank Transfer,0.0
14306,5873,101,2025-01-01,Completed,Bank Transfer,9.99
14307,5427,101,2025-01-02,Cancelled,PayPal,9.99
14308,6172,107,2025-01-02,Completed,PayPal,0.0
14309,6014,104,2025-01-02,Completed,Bank Transfer,0.0
14310,6285,106,2025-01-02,Completed,Bank Transfer,0.0
14311,5216,101,2025-01-02,Completed,PayPal,0.0
14312,5179,101,2025-01-02,Completed,Apple Pay,24.99
14313,5587,101,2025-01-02,Completed,Store Financing,9.99
14314,5753,103,2025-01-02,Completed,PayPal,0.0
14315,5447,101,2025-01-02,Completed,Credit Card,0.0
14316,5346,101,2025-01-02,Completed,Store Financing,9.99
14317,5457,102,2025-01-03,Completed,Bank Transfer,0.0
14318,6308,108,2025-01-03,Cancelled,Apple Pay,0.0
14319,5058,101,2025-01-03,Completed,Store Financing,14.99
14320,5509,108,2025-01-03,Completed,Store Financing,0.0
14321,6243,101,2025-01-03,Completed,Store Financing,0.0
14322,5020,101,2025-01-03,Completed,Bank Transfer,9.99
14323,6010,101,2025-01-03,Completed,Store Financing,9.99
14324,5638,101,2025-01-04,Completed,Store Financing,0.0
14325,5943,101,2025-01-04,Returned,Credit Card,24.99
14326,5090,106,2025-01-04,Completed,Apple Pay,0.0
14327,6110,101,2025-01-04,Completed,Apple Pay,24.99
14328,5315,101,2025-01-04,Completed,PayPal,0.0
14329,5349,107,2025-01-04,Completed,Credit Card,0.0
14330,6114,101,2025-01-04,Completed,Store Financing,0.0
14331,5077,101,2025-01-04,Completed,PayPal,9.99
14332,5077,101,2025-01-04,Completed,Apple Pay,14.99
14333,5668,101,2025-01-04,Completed,Credit Card,0.0
14334,5718,105,2025-01-05,Completed,PayPal,0.0
14335,5020,101,2025-01-05,Completed,Store Financing,9.99
14336,5945,101,2025-01-05,Completed,Credit Card,0.0
14337,6130,101,2025-01-05,Completed,Apple Pay,0.0
14338,5514,103,2025-01-05,Completed,Bank Transfer,0.0
14339,6165,106,2025-01-05,Completed,Apple Pay,0.0
14340,5652,101,2025-01-06,Completed,Bank Transfer,0.0
14341,6027,101,2025-01-06,Completed,Bank Transfer,14.99
14342,5488,104,2025-01-06,Completed,PayPal,0.0
14343,5396,102,2025-01-06,Completed,Credit Card,0.0
14344,6326,103,2025-01-06,Completed,Credit Card,0.0
14345,5372,101,2025-01-06,Completed,Credit Card,9.99
14346,5646,101,2025-01-07,Completed,Credit Card,0.0
14347,5209,101,2025-01-07,Completed,Apple Pay,24.99
14348,5358,101,2025-01-07,Completed,PayPal,0.0
14349,5588,101,2025-01-07,Completed,Credit Card,0.0
14350,6207,102,2025-01-07,Returned,Credit Card,0.0
14351,5468,101,2025-01-07,Completed,PayPal,14.99
14352,6163,106,2025-01-07,Completed,Store Financing,0.0
14353,6363,101,2025-01-07,Completed,Store Financing,24.99
14354,6012,108,2025-01-07,Completed,Apple Pay,0.0
14355,5070,101,2025-01-07,Completed,Apple Pay,14.99
14356,5587,101,2025-01-07,Completed,Apple Pay,9.99
14357,5509,107,2025-01-08,Completed,Credit Card,0.0
14358,5396,102,2025-01-08,Cancelled,PayPal,0.0
14359,6186,101,2025-01-08,Completed,Credit Card,14.99
14360,6281,102,2025-01-08,Completed,Bank Transfer,0.0
14361,5889,101,2025-01-08,Completed,PayPal,14.99
14362,5742,101,2025-01-09,Completed,PayPal,14.99
14363,5366,101,2025-01-09,Completed,Bank Transfer,9.99
14364,6231,101,2025-01-09,Completed,Bank Transfer,14.99
14365,6411,101,2025-01-09,Completed,Apple Pay,0.0
14366,5643,101,2025-01-09,Completed,Apple Pay,24.99
14367,6007,106,2025-01-09,Completed,Store Financing,0.0
14368,6482,101,2025-01-09,Completed,PayPal,24.99
14369,5081,101,2025-01-09,Completed,Bank Transfer,14.99
14370,5945,101,2025-01-09,Completed,Bank Transfer,0.0
14371,6215,101,2025-01-09,Completed,Bank Transfer,0.0
14372,5441,107,2025-01-09,Completed,Store Financing,0.0
14373,5173,101,2025-01-10,Completed,Apple Pay,9.99
14374,6012,107,2025-01-10,Completed,Bank Transfer,0.0
14375,6491,101,2025-01-10,Completed,Apple Pay,0.0
14376,5638,101,2025-01-10,Completed,Apple Pay,14.99
14377,6272,101,2025-01-10,Completed,Credit Card,14.99
14378,5630,101,2025-01-11,Completed,PayPal,9.99
14379,5456,106,2025-01-11,Completed,Bank Transfer,0.0
14380,6137,107,2025-01-11,Completed,PayPal,0.0
14381,5599,108,2025-01-11,Completed,Bank Transfer,0.0
14382,5851,101,2025-01-11,Completed,Credit Card,24.99
14383,5105,101,2025-01-11,Cancelled,PayPal,9.99
14384,6468,101,2025-01-11,Completed,Bank Transfer,9.99
14385,6498,108,2025-01-11,Completed,Credit Card,0.0
14386,5298,105,2025-01-11,Completed,Bank Transfer,0.0
14387,5890,101,2025-01-11,Returned,Store Financing,0.0
14388,5197,101,2025-01-11,Completed,Bank Transfer,0.0
14389,5088,101,2025-01-12,Completed,Store Financing,14.99
14390,5544,103,2025-01-12,Returned,Apple Pay,0.0
14391,5111,102,2025-01-12,Completed,PayPal,0.0
14392,6313,101,2025-01-12,Completed,Credit Card,14.99
14393,6486,107,2025-01-12,Cancelled,PayPal,0.0
14394,6342,101,2025-01-12,Cancelled,PayPal,14.99
14395,6165,101,2025-01-12,Completed,PayPal,24.99
14396,5014,101,2025-01-12,Completed,Apple Pay,24.99
14397,5069,108,2025-01-12,Completed,PayPal,0.0
14398,5028,107,2025-01-12,Completed,PayPal,0.0
14399,6381,101,2025-01-12,Completed,Apple Pay,0.0
14400,6050,104,2025-01-12,Completed,PayPal,0.0
14401,5095,101,2025-01-12,Completed,Bank Transfer,24.99
14402,5388,102,2025-01-13,Completed,Apple Pay,0.0
14403,6174,101,2025-01-13,Completed,Bank Transfer,14.99
14404,5454,103,2025-01-13,Completed,PayPal,0.0
14405,6487,107,2025-01-13,Completed,PayPal,0.0
14406,5500,101,2025-01-13,Returned,Apple Pay,9.99
14407,5376,102,2025-01-14,Completed,Credit Card,0.0
14408,5862,106,2025-01-14,Completed,Apple Pay,0.0
14409,6267,101,2025-01-14,Cancelled,Store Financing,0.0
14410,5844,101,2025-01-14,Completed,Credit Card,14.99
14411,5197,101,2025-01-14,Completed,Credit Card,14.99
14412,6274,106,2025-01-14,Completed,Credit Card,0.0
14413,6381,101,2025-01-14,Completed,Bank Transfer,9.99
14414,5564,101,2025-01-14,Completed,Bank Transfer,24.99
14415,5185,101,2025-01-14,Completed,Bank Transfer,24.99
14416,5587,101,2025-01-14,Completed,Apple Pay,0.0
14417,5007,101,2025-01-14,Completed,PayPal,0.0
14418,5335,101,2025-01-15,Completed,Credit Card,9.99
14419,6175,105,2025-01-15,Completed,Apple Pay,0.0
14420,5890,102,2025-01-15,Completed,Store Financing,0.0
14421,5433,101,2025-01-15,Completed,Credit Card,14.99
14422,5114,107,2025-01-15,Completed,PayPal,0.0
14423,6318,101,2025-01-15,Completed,Store Financing,14.99
14424,5255,101,2025-01-15,Completed,Store Financing,0.0
14425,5742,101,2025-01-15,Cancelled,Credit Card,14.99
14426,6010,102,2025-01-15,Completed,Credit Card,0.0
14427,6399,108,2025-01-15,Completed,Bank Transfer,0.0
14428,5892,101,2025-01-15,Completed,Bank Transfer,0.0
14429,5722,101,2025-01-16,Completed,Credit Card,24.99
14430,6367,101,2025-01-16,Completed,Apple Pay,9.99
14431,5153,101,2025-01-16,Completed,Store Financing,9.99
14432,5131,101,2025-01-16,Completed,PayPal,9.99
14433,5385,106,2025-01-16,Completed,Apple Pay,0.0
14434,5158,101,2025-01-16,Cancelled,Store Financing,24.99
14435,5177,101,2025-01-16,Completed,Credit Card,0.0
14436,5320,102,2025-01-17,Completed,Store Financing,0.0
14437,5577,106,2025-01-17,Returned,Credit Card,0.0
14438,5202,101,2025-01-17,Completed,PayPal,24.99
14439,5738,101,2025-01-17,Completed,Bank Transfer,0.0
14440,5457,102,2025-01-17,Returned,Apple Pay,0.0
14441,6257,108,2025-01-17,Completed,Credit Card,0.0
14442,5660,102,2025-01-17,Completed,Credit Card,0.0
14443,5028,101,2025-01-17,Completed,Store Financing,9.99
14444,6074,101,2025-01-17,Cancelled,Apple Pay,24.99
14445,6426,101,2025-01-18,Completed,Store Financing,9.99
14446,6376,101,2025-01-18,Cancelled,Credit Card,24.99
14447,6241,102,2025-01-18,Completed,Bank Transfer,0.0
14448,6122,101,2025-01-18,Completed,Apple Pay,14.99
14449,6111,104,2025-01-18,Completed,Store Financing,0.0
14450,6326,101,2025-01-18,Completed,Apple Pay,0.0
14451,5215,108,2025-01-19,Completed,Store Financing,0.0
14452,5814,101,2025-01-19,Completed,Store Financing,9.99
14453,6258,101,2025-01-19,Completed,Bank Transfer,24.99
14454,5114,107,2025-01-19,Completed,Bank Transfer,0.0
14455,5045,105,2025-01-19,Completed,PayPal,0.0
14456,6074,101,2025-01-19,Completed,Bank Transfer,9.99
14457,6201,101,2025-01-19,Completed,Bank Transfer,9.99
14458,5155,102,2025-01-19,Completed,Apple Pay,0.0
14459,5456,101,2025-01-19,Completed,Apple Pay,0.0
14460,5202,104,2025-01-19,Completed,PayPal,0.0
14461,6426,102,2025-01-19,Completed,Bank Transfer,0.0
14462,5235,101,2025-01-19,Completed,Store Financing,14.99
14463,5711,107,2025-01-19,Completed,Store Financing,0.0
14464,6408,106,2025-01-19,Completed,Store Financing,0.0
14465,6408,105,2025-01-20,Completed,Store Financing,0.0
14466,5197,101,2025-01-20,Completed,PayPal,0.0
14467,5542,101,2025-01-20,Cancelled,PayPal,0.0
14468,5113,101,2025-01-20,Completed,PayPal,0.0
14469,5183,101,2025-01-20,Completed,Credit Card,9.99
14470,5447,103,2025-01-20,Completed,Apple Pay,0.0
14471,5722,104,2025-01-20,Completed,Apple Pay,0.0
14472,5822,101,2025-01-20,Completed,Store Financing,0.0
14473,5201,105,2025-01-20,Completed,Credit Card,0.0
14474,5578,107,2025-01-20,Completed,PayPal,0.0
14475,5198,106,2025-01-20,Returned,PayPal,0.0
14476,5838,107,2025-01-21,Completed,Bank Transfer,0.0
14477,5812,101,2025-01-21,Completed,Bank Transfer,14.99
14478,5564,104,2025-01-21,Completed,Credit Card,0.0
14479,5850,101,2025-01-21,Completed,Credit Card,0.0
14480,5376,101,2025-01-21,Completed,PayPal,14.99
14481,5346,103,2025-01-21,Completed,Store Financing,0.0
14482,5954,102,2025-01-21,Completed,Apple Pay,0.0
14483,5675,101,2025-01-21,Completed,PayPal,24.99
14484,5635,105,2025-01-21,Completed,Credit Card,0.0
14485,6037,104,2025-01-21,Completed,PayPal,0.0
14486,5229,101,2025-01-22,Completed,Apple Pay,14.99
14487,5309,101,2025-01-22,Completed,PayPal,9.99
14488,5713,102,2025-01-22,Completed,Apple Pay,0.0
14489,5063,103,2025-01-22,Completed,Bank Transfer,0.0
14490,6095,108,2025-01-22,Cancelled,Apple Pay,0.0
14491,6304,103,2025-01-22,Completed,Bank Transfer,0.0
14492,5457,101,2025-01-22,Completed,Apple Pay,14.99
14493,5201,101,2025-01-23,Cancelled,Apple Pay,9.99
14494,6495,105,2025-01-23,Completed,Apple Pay,0.0
14495,6382,101,2025-01-23,Completed,Store Financing,14.99
14496,5658,101,2025-01-23,Completed,Bank Transfer,24.99
14497,5308,101,2025-01-23,Completed,Store Financing,0.0
14498,5209,101,2025-01-23,Completed,PayPal,14.99
14499,5851,101,2025-01-23,Completed,Credit Card,0.0
14500,5227,101,2025-01-23,Returned,PayPal,9.99
14501,6303,104,2025-01-24,Completed,Credit Card,0.0
14502,5950,101,2025-01-24,Returned,Bank Transfer,0.0
14503,6172,101,2025-01-24,Completed,Bank Transfer,14.99
14504,5058,102,2025-01-24,Completed,Bank Transfer,0.0
14505,6215,101,2025-01-24,Completed,Credit Card,9.99
14506,5814,106,2025-01-24,Completed,Bank Transfer,0.0
14507,6358,105,2025-01-25,Completed,Store Financing,0.0
14508,6170,101,2025-01-25,Completed,Credit Card,14.99
14509,6482,103,2025-01-25,Completed,Bank Transfer,0.0
14510,5490,102,2025-01-25,Completed,PayPal,0.0
14511,6492,101,2025-01-25,Completed,Bank Transfer,24.99
14512,5576,102,2025-01-25,Completed,Credit Card,0.0
14513,6262,101,2025-01-25,Completed,Bank Transfer,24.99
14514,6175,106,2025-01-25,Completed,Store Financing,0.0
14515,6251,108,2025-01-25,Completed,PayPal,0.0
14516,6409,108,2025-01-25,Completed,PayPal,0.0
14517,6477,101,2025-01-26,Completed,Apple Pay,9.99
14518,5652,104,2025-01-26,Completed,Apple Pay,0.0
14519,6464,103,2025-01-26,Completed,Bank Transfer,0.0
14520,5058,102,2025-01-26,Returned,PayPal,0.0
14521,6010,101,2025-01-26,Completed,PayPal,9.99
14522,6390,101,2025-01-26,Completed,PayPal,0.0
14523,6243,101,2025-01-26,Completed,Store Financing,0.0
14524,6399,101,2025-01-26,Completed,Bank Transfer,9.99
14525,6436,108,2025-01-27,Completed,Store Financing,0.0
14526,5017,106,2025-01-27,Completed,Bank Transfer,0.0
14527,6441,105,2025-01-27,Completed,PayPal,0.0
14528,6257,101,2025-01-27,Completed,Apple Pay,24.99
14529,5582,101,2025-01-27,Completed,Credit Card,0.0
14530,6326,103,2025-01-27,Cancelled,Bank Transfer,0.0
14531,5838,107,2025-01-27,Returned,Store Financing,0.0
14532,5418,102,2025-01-27,Completed,Store Financing,0.0
14533,5848,101,2025-01-27,Completed,PayPal,9.99
14534,5159,105,2025-01-27,Completed,Credit Card,0.0
14535,6271,101,2025-01-28,Completed,Apple Pay,24.99
14536,5713,102,2025-01-28,Completed,Store Financing,0.0
14537,5844,106,2025-01-28,Completed,Store Financing,0.0
14538,5076,101,2025-01-28,Completed,PayPal,24.99
14539,5274,101,2025-01-28,Completed,Apple Pay,14.99
14540,5892,105,2025-01-28,Returned,PayPal,0.0
14541,5544,103,2025-01-28,Completed,Credit Card,0.0
14542,5385,101,2025-01-28,Completed,Bank Transfer,24.99
14543,5822,102,2025-01-28,Completed,Apple Pay,0.0
14544,5630,101,2025-01-28,Cancelled,Apple Pay,14.99
14545,5632,102,2025-01-29,Cancelled,Credit Card,0.0
14546,6041,101,2025-01-29,Completed,Store Financing,0.0
14547,6352,101,2025-01-29,Completed,Store Financing,14.99
14548,5606,101,2025-01-29,Cancelled,Store Financing,0.0
14549,5235,108,2025-01-29,Completed,Bank Transfer,0.0
14550,6436,107,2025-01-29,Completed,Bank Transfer,0.0
14551,5471,101,2025-01-29,Completed,Apple Pay,24.99
14552,5468,108,2025-01-29,Completed,Store Financing,0.0
14553,6360,101,2025-01-29,Completed,Store Financing,0.0
14554,6351,108,2025-01-29,Completed,Apple Pay,0.0
14555,5155,101,2025-01-29,Completed,Apple Pay,9.99
14556,5030,107,2025-01-30,Completed,Store Financing,0.0
14557,5379,101,2025-01-30,Completed,Apple Pay,14.99
14558,6102,105,2025-01-30,Completed,PayPal,0.0
14559,5320,101,2025-01-30,Completed,Bank Transfer,0.0
14560,5472,101,2025-01-30,Returned,PayPal,9.99
14561,5829,101,2025-01-30,Completed,PayPal,0.0
14562,5058,102,2025-01-30,Completed,Bank Transfer,0.0
14563,5063,103,2025-01-30,Completed,Credit Card,0.0
14564,5962,101,2025-01-30,Completed,PayPal,14.99
14565,5198,105,2025-01-30,Completed,Bank Transfer,0.0
14566,6196,101,2025-01-30,Completed,PayPal,0.0
14567,5209,101,2025-01-31,Completed,Bank Transfer,0.0
14568,5855,107,2025-01-31,Completed,Apple Pay,0.0
14569,6239,101,2025-01-31,Completed,Store Financing,24.99
14570,5078,101,2025-01-31,Completed,Bank Transfer,14.99
14571,5168,104,2025-01-31,Completed,Credit Card,0.0
14572,5235,108,2025-01-31,Completed,Bank Transfer,0.0
14573,5751,102,2025-01-31,Completed,Apple Pay,0.0
14574,5320,101,2025-02-01,Completed,Store Financing,24.99
14575,5829,105,2025-02-01,Completed,Bank Transfer,0.0
14576,6041,101,2025-02-01,Completed,Credit Card,9.99
14577,5587,101,2025-02-01,Completed,Bank Transfer,14.99
14578,5536,105,2025-02-01,Completed,Store Financing,0.0
14579,6376,101,2025-02-01,Completed,Store Financing,9.99
14580,5668,106,2025-02-01,Returned,Credit Card,0.0
14581,5170,106,2025-02-01,Completed,Bank Transfer,0.0
14582,5471,101,2025-02-01,Completed,Apple Pay,24.99
14583,6441,105,2025-02-01,Completed,Credit Card,0.0
14584,5701,101,2025-02-01,Completed,Credit Card,24.99
14585,5853,101,2025-02-01,Completed,Credit Card,14.99
14586,5268,101,2025-02-01,Completed,Apple Pay,14.99
14587,5090,101,2025-02-01,Completed,Bank Transfer,0.0
14588,5320,101,2025-02-01,Completed,Apple Pay,0.0
14589,5168,101,2025-02-02,Returned,PayPal,9.99
14590,6005,101,2025-02-02,Completed,Store Financing,0.0
14591,6012,101,2025-02-02,Completed,Store Financing,24.99
14592,5889,101,2025-02-02,Completed,PayPal,0.0
14593,5081,108,2025-02-02,Completed,Bank Transfer,0.0
14594,5853,101,2025-02-02,Completed,Store Financing,9.99
14595,5058,102,2025-02-02,Completed,Store Financing,0.0
14596,5636,101,2025-02-02,Completed,Credit Card,14.99
14597,5697,102,2025-02-02,Completed,Store Financing,0.0
14598,6089,101,2025-02-02,Completed,PayPal,24.99
14599,5939,101,2025-02-02,Completed,PayPal,24.99
14600,6390,106,2025-02-02,Completed,PayPal,0.0
14601,5852,101,2025-02-03,Completed,Store Financing,24.99
14602,6425,105,2025-02-03,Completed,Apple Pay,0.0
14603,5110,107,2025-02-03,Completed,PayPal,0.0
14604,5147,101,2025-02-03,Completed,Credit Card,24.99
14605,5114,101,2025-02-03,Completed,Bank Transfer,24.99
14606,5039,105,2025-02-03,Completed,Store Financing,0.0
14607,5319,101,2025-02-03,Completed,Apple Pay,14.99
14608,5610,102,2025-02-03,Completed,Store Financing,0.0
14609,5126,101,2025-02-03,Completed,Bank Transfer,24.99
14610,6150,101,2025-02-03,Completed,Credit Card,0.0
14611,5895,103,2025-02-03,Completed,Bank Transfer,0.0
14612,5594,101,2025-02-03,Completed,Apple Pay,9.99
14613,6375,101,2025-02-03,Completed,PayPal,9.99
14614,5334,101,2025-02-04,Completed,Apple Pay,24.99
14615,5053,101,2025-02-04,Completed,Credit Card,24.99
14616,6409,107,2025-02-04,Completed,Apple Pay,0.0
14617,5098,101,2025-02-04,Completed,Apple Pay,0.0
14618,6122,101,2025-02-04,Completed,Apple Pay,0.0
14619,6137,107,2025-02-04,Cancelled,Store Financing,0.0
14620,5201,106,2025-02-04,Completed,Apple Pay,0.0
14621,6090,101,2025-02-04,Completed,Credit Card,14.99
14622,5587,105,2025-02-04,Completed,Store Financing,0.0
14623,5363,104,2025-02-04,Completed,Apple Pay,0.0
14624,6074,101,2025-02-05,Completed,PayPal,9.99
14625,5081,107,2025-02-05,Completed,PayPal,0.0
14626,5395,101,2025-02-05,Completed,Bank Transfer,0.0
14627,5271,101,2025-02-05,Completed,Credit Card,0.0
14628,5542,101,2025-02-05,Completed,Apple Pay,14.99
14629,6130,101,2025-02-05,Completed,PayPal,0.0
14630,5110,101,2025-02-05,Completed,PayPal,14.99
14631,6499,101,2025-02-05,Completed,PayPal,0.0
14632,6071,101,2025-02-05,Completed,Apple Pay,0.0
14633,6292,102,2025-02-05,Completed,Apple Pay,0.0
14634,6058,101,2025-02-06,Completed,Credit Card,14.99
14635,5756,101,2025-02-06,Completed,Apple Pay,9.99
14636,5468,101,2025-02-06,Completed,Store Financing,24.99
14637,5427,105,2025-02-06,Completed,Apple Pay,0.0
14638,5092,103,2025-02-06,Completed,Bank Transfer,0.0
14639,5106,101,2025-02-06,Completed,PayPal,24.99
14640,6399,101,2025-02-07,Completed,Store Financing,0.0
14641,5500,107,2025-02-07,Completed,Store Financing,0.0
14642,6491,102,2025-02-07,Completed,Store Financing,0.0
14643,5852,101,2025-02-07,Completed,PayPal,24.99
14644,6352,101,2025-02-07,Completed,Store Financing,24.99
14645,6491,101,2025-02-07,Completed,Apple Pay,14.99
14646,5952,101,2025-02-07,Completed,Bank Transfer,0.0
14647,5894,107,2025-02-07,Completed,Credit Card,0.0
14648,5468,101,2025-02-07,Completed,PayPal,24.99
14649,6231,101,2025-02-07,Completed,PayPal,14.99
14650,5834,102,2025-02-08,Completed,Apple Pay,0.0
14651,5839,107,2025-02-08,Completed,Credit Card,0.0
14652,6318,101,2025-02-08,Completed,PayPal,9.99
14653,6104,107,2025-02-08,Completed,PayPal,0.0
14654,5618,101,2025-02-08,Cancelled,Credit Card,0.0
14655,5418,101,2025-02-08,Completed,Credit Card,14.99
14656,5080,101,2025-02-08,Completed,Bank Transfer,9.99
14657,5077,101,2025-02-08,Completed,PayPal,9.99
14658,6490,101,2025-02-08,Completed,Store Financing,24.99
14659,6010,102,2025-02-08,Completed,Credit Card,0.0
14660,5087,104,2025-02-08,Completed,PayPal,0.0
14661,5668,101,2025-02-08,Completed,Store Financing,9.99
14662,5224,106,2025-02-08,Completed,Store Financing,0.0
14663,5852,101,2025-02-08,Completed,Apple Pay,0.0
14664,5426,107,2025-02-09,Completed,Store Financing,0.0
14665,5197,106,2025-02-09,Completed,Bank Transfer,0.0
14666,5270,104,2025-02-09,Completed,Store Financing,0.0
14667,6407,101,2025-02-09,Completed,Apple Pay,14.99
14668,5441,108,2025-02-09,Completed,Credit Card,0.0
14669,6285,101,2025-02-09,Completed,Credit Card,14.99
14670,5080,102,2025-02-09,Cancelled,PayPal,0.0
14671,5198,101,2025-02-09,Completed,Apple Pay,14.99
14672,5257,101,2025-02-10,Completed,Apple Pay,0.0
14673,6374,101,2025-02-10,Completed,PayPal,14.99
14674,5219,105,2025-02-10,Returned,Store Financing,0.0
14675,5458,101,2025-02-10,Completed,Credit Card,0.0
14676,6095,108,2025-02-10,Completed,Store Financing,0.0
14677,5679,101,2025-02-10,Completed,Credit Card,0.0
14678,5421,101,2025-02-10,Completed,Store Financing,14.99
14679,5252,101,2025-02-10,Completed,Apple Pay,14.99
14680,5970,107,2025-02-10,Completed,Store Financing,0.0
14681,6163,101,2025-02-10,Completed,PayPal,24.99
14682,5083,106,2025-02-10,Completed,Store Financing,0.0
14683,5025,101,2025-02-11,Completed,Bank Transfer,0.0
14684,5427,101,2025-02-11,Completed,PayPal,14.99
14685,5844,101,2025-02-11,Completed,PayPal,24.99
14686,5540,101,2025-02-11,Completed,Bank Transfer,14.99
14687,5666,106,2025-02-11,Completed,Credit Card,0.0
14688,5295,101,2025-02-11,Completed,Store Financing,24.99
14689,5546,101,2025-02-11,Returned,PayPal,14.99
14690,5903,106,2025-02-11,Completed,Bank Transfer,0.0
14691,5814,105,2025-02-12,Completed,Bank Transfer,0.0
14692,6252,101,2025-02-12,Completed,Apple Pay,9.99
14693,6399,107,2025-02-12,Completed,Store Financing,0.0
14694,5778,101,2025-02-12,Completed,PayPal,24.99
14695,6050,101,2025-02-12,Completed,Store Financing,24.99
14696,5081,101,2025-02-12,Completed,Store Financing,0.0
14697,5098,104,2025-02-13,Completed,Bank Transfer,0.0
14698,6476,102,2025-02-13,Completed,Bank Transfer,0.0
14699,5114,101,2025-02-13,Returned,Credit Card,14.99
14700,5175,101,2025-02-13,Completed,PayPal,0.0
14701,6172,101,2025-02-13,Returned,Apple Pay,24.99
14702,5227,101,2025-02-13,Completed,Credit Card,9.99
14703,5597,102,2025-02-13,Completed,PayPal,0.0
14704,6498,101,2025-02-13,Completed,PayPal,24.99
14705,6182,104,2025-02-13,Completed,Apple Pay,0.0
14706,5645,103,2025-02-13,Completed,Credit Card,0.0
14707,5579,105,2025-02-13,Completed,Apple Pay,0.0
14708,5079,101,2025-02-14,Completed,Apple Pay,14.99
14709,5652,104,2025-02-14,Completed,Bank Transfer,0.0
14710,5606,101,2025-02-14,Completed,Store Financing,14.99
14711,5666,106,2025-02-14,Completed,Apple Pay,0.0
14712,5716,104,2025-02-14,Completed,Credit Card,0.0
14713,6435,107,2025-02-14,Completed,Apple Pay,0.0
14714,5229,106,2025-02-14,Completed,Store Financing,0.0
14715,6035,101,2025-02-14,Completed,PayPal,9.99
14716,5754,101,2025-02-14,Completed,PayPal,14.99
14717,5349,101,2025-02-14,Completed,Credit Card,24.99
14718,5776,101,2025-02-15,Completed,Store Financing,24.99
14719,5040,101,2025-02-15,Completed,Apple Pay,9.99
14720,6172,108,2025-02-15,Completed,Apple Pay,0.0
14721,6155,101,2025-02-15,Cancelled,Store Financing,0.0
14722,5090,101,2025-02-15,Completed,Apple Pay,24.99
14723,6050,101,2025-02-15,Completed,Bank Transfer,9.99
14724,5252,101,2025-02-15,Completed,PayPal,14.99
14725,6328,101,2025-02-15,Completed,Credit Card,24.99
14726,6010,102,2025-02-15,Completed,PayPal,0.0
14727,5575,108,2025-02-15,Completed,PayPal,0.0
14728,5072,101,2025-02-15,Completed,Bank Transfer,14.99
14729,6014,101,2025-02-15,Completed,Bank Transfer,14.99
14730,5969,104,2025-02-15,Completed,Apple Pay,0.0
14731,5616,102,2025-02-15,Returned,Store Financing,0.0
14732,5170,105,2025-02-15,Completed,Credit Card,0.0
14733,6066,101,2025-02-15,Completed,PayPal,14.99
14734,6102,106,2025-02-16,Completed,PayPal,0.0
14735,6365,108,2025-02-16,Completed,Credit Card,0.0
14736,5552,108,2025-02-16,Completed,Store Financing,0.0
14737,5952,101,2025-02-16,Completed,Apple Pay,0.0
14738,6467,105,2025-02-16,Completed,Apple Pay,0.0
14739,5153,101,2025-02-16,Completed,PayPal,9.99
14740,6050,101,2025-02-16,Returned,Credit Card,24.99
14741,6095,101,2025-02-16,Completed,Apple Pay,14.99
14742,6227,101,2025-02-16,Completed,Credit Card,9.99
14743,5271,107,2025-02-16,Completed,Apple Pay,0.0
14744,5576,101,2025-02-16,Completed,PayPal,9.99
14745,5250,101,2025-02-16,Completed,PayPal,14.99
14746,5913,101,2025-02-17,Completed,Credit Card,24.99
14747,5491,101,2025-02-17,Completed,PayPal,0.0
14748,6137,101,2025-02-17,Returned,Store Financing,0.0
14749,5088,108,2025-02-17,Completed,Bank Transfer,0.0
14750,6442,101,2025-02-17,Completed,Store Financing,0.0
14751,5814,105,2025-02-17,Completed,Store Financing,0.0
14752,5465,106,2025-02-17,Completed,Apple Pay,0.0
14753,5932,101,2025-02-17,Completed,Credit Card,14.99
14754,5087,101,2025-02-17,Completed,PayPal,9.99
14755,5500,107,2025-02-17,Completed,Store Financing,0.0
14756,5719,101,2025-02-17,Completed,Store Financing,24.99
14757,5597,102,2025-02-17,Completed,Apple Pay,0.0
14758,5197,105,2025-02-17,Completed,Store Financing,0.0
14759,6491,102,2025-02-17,Completed,Credit Card,0.0
14760,6201,101,2025-02-18,Returned,Bank Transfer,9.99
14761,5751,102,2025-02-18,Completed,Apple Pay,0.0
14762,5044,101,2025-02-18,Completed,Bank Transfer,14.99
14763,5537,102,2025-02-18,Completed,Store Financing,0.0
14764,5426,101,2025-02-18,Completed,Credit Card,9.99
14765,6482,101,2025-02-18,Completed,PayPal,0.0
14766,5021,101,2025-02-18,Cancelled,Apple Pay,14.99
14767,5479,101,2025-02-19,Completed,Bank Transfer,9.99
14768,5852,101,2025-02-19,Completed,PayPal,0.0
14769,5334,104,2025-02-19,Completed,Store Financing,0.0
14770,6086,101,2025-02-19,Completed,Bank Transfer,0.0
14771,6292,101,2025-02-19,Completed,Store Financing,14.99
14772,5789,105,2025-02-19,Completed,PayPal,0.0
14773,6368,108,2025-02-19,Completed,Credit Card,0.0
14774,6033,107,2025-02-19,Completed,Store Financing,0.0
14775,6021,101,2025-02-19,Completed,Bank Transfer,14.99
14776,6359,101,2025-02-19,Completed,PayPal,24.99
14777,5741,101,2025-02-20,Completed,Bank Transfer,0.0
14778,6307,104,2025-02-20,Returned,Store Financing,0.0
14779,5429,101,2025-02-20,Completed,Apple Pay,14.99
14780,5201,101,2025-02-20,Completed,Apple Pay,9.99
14781,5143,101,2025-02-20,Completed,PayPal,9.99
14782,6170,102,2025-02-20,Completed,PayPal,0.0
14783,5320,102,2025-02-20,Completed,Apple Pay,0.0
14784,6477,106,2025-02-20,Completed,Credit Card,0.0
14785,6368,108,2025-02-20,Completed,Store Financing,0.0
14786,6482,101,2025-02-20,Completed,Bank Transfer,0.0
14787,6349,102,2025-02-20,Completed,Credit Card,0.0
14788,5713,101,2025-02-20,Completed,Store Financing,14.99
14789,6299,105,2025-02-20,Completed,PayPal,0.0
14790,5202,101,2025-02-20,Returned,Bank Transfer,9.99
14791,6226,101,2025-02-21,Completed,Credit Card,0.0
14792,5629,101,2025-02-21,Completed,Store Financing,14.99
14793,5464,103,2025-02-21,Completed,Store Financing,0.0
14794,5105,108,2025-02-21,Completed,PayPal,0.0
14795,5786,101,2025-02-21,Completed,Credit Card,14.99
14796,5895,104,2025-02-21,Completed,Apple Pay,0.0
14797,5301,102,2025-02-22,Completed,Bank Transfer,0.0
14798,5529,101,2025-02-22,Completed,Bank Transfer,24.99
14799,5577,105,2025-02-22,Completed,Store Financing,0.0
14800,5875,101,2025-02-22,Completed,Apple Pay,14.99
14801,6432,101,2025-02-22,Completed,PayPal,24.99
14802,5811,104,2025-02-22,Completed,Credit Card,0.0
14803,5388,101,2025-02-22,Returned,Store Financing,14.99
14804,5198,101,2025-02-22,Completed,PayPal,9.99
14805,5275,101,2025-02-22,Completed,Store Financing,0.0
14806,5401,104,2025-02-22,Completed,Store Financing,0.0
14807,5080,102,2025-02-22,Completed,Credit Card,0.0
14808,6267,103,2025-02-22,Completed,PayPal,0.0
14809,6326,104,2025-02-22,Completed,Store Financing,0.0
14810,5274,105,2025-02-23,Completed,Bank Transfer,0.0
14811,6016,101,2025-02-23,Completed,PayPal,24.99
14812,5156,101,2025-02-23,Completed,Credit Card,0.0
14813,6394,104,2025-02-23,Completed,Store Financing,0.0
14814,5315,101,2025-02-23,Completed,Store Financing,9.99
14815,6124,102,2025-02-23,Completed,PayPal,0.0
14816,5046,101,2025-02-23,Completed,Store Financing,14.99
14817,6033,108,2025-02-23,Completed,Bank Transfer,0.0
14818,5913,101,2025-02-23,Completed,Apple Pay,0.0
14819,5776,101,2025-02-23,Completed,Store Financing,24.99
14820,6292,102,2025-02-23,Cancelled,Store Financing,0.0
14821,5114,101,2025-02-23,Completed,Store Financing,0.0
14822,6243,101,2025-02-23,Completed,PayPal,24.99
14823,5250,106,2025-02-23,Completed,Apple Pay,0.0
14824,5346,101,2025-02-24,Completed,PayPal,9.99
14825,6008,101,2025-02-24,Completed,Bank Transfer,24.99
14826,5083,101,2025-02-24,Completed,Bank Transfer,14.99
14827,5814,106,2025-02-24,Completed,Store Financing,0.0
14828,5858,101,2025-02-24,Completed,Store Financing,24.99
14829,5694,101,2025-02-24,Completed,Apple Pay,24.99
14830,6044,101,2025-02-24,Completed,Credit Card,14.99
14831,6359,101,2025-02-24,Cancelled,Store Financing,0.0
14832,5255,102,2025-02-25,Completed,Bank Transfer,0.0
14833,5586,105,2025-02-25,Completed,PayPal,0.0
14834,6252,101,2025-02-25,Returned,Credit Card,0.0
14835,5630,101,2025-02-25,Completed,Credit Card,24.99
14836,6035,105,2025-02-25,Completed,PayPal,0.0
14837,5053,104,2025-02-25,Completed,Apple Pay,0.0
14838,5209,102,2025-02-25,Completed,PayPal,0.0
14839,6498,108,2025-02-25,Completed,Store Financing,0.0
14840,6410,101,2025-02-25,Completed,Credit Card,0.0
14841,5114,108,2025-02-25,Completed,PayPal,0.0
14842,6012,108,2025-02-25,Completed,PayPal,0.0
14843,6095,108,2025-02-25,Completed,Credit Card,0.0
14844,5928,101,2025-02-25,Completed,Store Financing,24.99
14845,6336,107,2025-02-25,Completed,PayPal,0.0
14846,5913,106,2025-02-26,Completed,Bank Transfer,0.0
14847,6043,101,2025-02-26,Completed,Bank Transfer,9.99
14848,5468,101,2025-02-26,Completed,Store Financing,0.0
14849,6298,101,2025-02-26,Completed,PayPal,0.0
14850,5303,102,2025-02-26,Completed,Store Financing,0.0
14851,6365,101,2025-02-26,Completed,Credit Card,24.99
14852,5852,101,2025-02-26,Cancelled,Bank Transfer,9.99
14853,6280,107,2025-02-26,Completed,Bank Transfer,0.0
14854,6417,108,2025-02-26,Completed,Store Financing,0.0
14855,6411,107,2025-02-27,Completed,Bank Transfer,0.0
14856,5558,105,2025-02-27,Completed,Store Financing,0.0
14857,5987,107,2025-02-27,Completed,PayPal,0.0
14858,6409,101,2025-02-27,Completed,Bank Transfer,14.99
14859,6212,102,2025-02-27,Completed,Credit Card,0.0
14860,5587,101,2025-02-27,Completed,Bank Transfer,14.99
14861,5016,108,2025-02-27,Completed,Bank Transfer,0.0
14862,5026,101,2025-02-27,Completed,Apple Pay,9.99
14863,5373,101,2025-02-27,Completed,Apple Pay,9.99
14864,5630,102,2025-02-27,Completed,Store Financing,0.0
14865,5952,104,2025-02-27,Returned,Bank Transfer,0.0
14866,5028,101,2025-02-27,Completed,Bank Transfer,24.99
14867,6100,102,2025-02-27,Completed,Bank Transfer,0.0
14868,5157,101,2025-02-27,Returned,Credit Card,24.99
14869,6027,101,2025-02-28,Completed,Bank Transfer,0.0
14870,5970,101,2025-02-28,Cancelled,Store Financing,9.99
14871,6393,105,2025-02-28,Completed,Apple Pay,0.0
14872,5819,105,2025-02-28,Completed,PayPal,0.0
14873,6140,101,2025-02-28,Completed,Bank Transfer,9.99
14874,5104,101,2025-02-28,Completed,PayPal,9.99
14875,6258,101,2025-02-28,Completed,Store Financing,0.0
14876,5630,101,2025-03-01,Completed,Credit Card,9.99
14877,6357,105,2025-03-01,Completed,Store Financing,0.0
14878,5927,101,2025-03-01,Completed,Store Financing,24.99
14879,6140,101,2025-03-01,Completed,PayPal,9.99
14880,6137,101,2025-03-01,Completed,Credit Card,14.99
14881,5948,101,2025-03-01,Completed,Bank Transfer,24.99
14882,5257,101,2025-03-01,Completed,Apple Pay,9.99
14883,5986,101,2025-03-01,Completed,PayPal,9.99
14884,5652,101,2025-03-01,Completed,Apple Pay,14.99
14885,5774,101,2025-03-01,Completed,Store Financing,0.0
14886,5669,101,2025-03-01,Completed,PayPal,0.0
14887,5468,101,2025-03-01,Completed,Apple Pay,0.0
14888,6008,101,2025-03-01,Returned,Store Financing,9.99
14889,5557,101,2025-03-02,Completed,Store Financing,9.99
14890,6492,104,2025-03-02,Completed,Apple Pay,0.0
14891,5067,101,2025-03-02,Completed,Bank Transfer,0.0
14892,5722,101,2025-03-02,Completed,Bank Transfer,14.99
14893,6103,101,2025-03-02,Completed,Apple Pay,24.99
14894,5814,105,2025-03-02,Completed,Apple Pay,0.0
14895,6294,101,2025-03-02,Completed,Bank Transfer,0.0
14896,5796,107,2025-03-02,Completed,Credit Card,0.0
14897,6149,101,2025-03-02,Completed,Bank Transfer,9.99
14898,5833,102,2025-03-03,Completed,Store Financing,0.0
14899,5394,101,2025-03-03,Completed,PayPal,9.99
14900,5376,102,2025-03-03,Completed,Store Financing,0.0
14901,5045,101,2025-03-03,Completed,Credit Card,24.99
14902,5822,101,2025-03-03,Completed,Credit Card,0.0
14903,5716,104,2025-03-03,Completed,PayPal,0.0
14904,6326,104,2025-03-03,Completed,PayPal,0.0
14905,5136,105,2025-03-03,Completed,PayPal,0.0
14906,5745,107,2025-03-03,Completed,Store Financing,0.0
14907,6216,108,2025-03-03,Completed,Apple Pay,0.0
14908,5202,101,2025-03-03,Completed,PayPal,0.0
14909,5320,101,2025-03-03,Completed,Apple Pay,14.99
14910,6033,101,2025-03-03,Completed,Bank Transfer,0.0
14911,6328,101,2025-03-03,Completed,PayPal,9.99
14912,5818,101,2025-03-04,Completed,Store Financing,24.99
14913,5376,101,2025-03-04,Completed,Bank Transfer,14.99
14914,5100,101,2025-03-04,Completed,Credit Card,14.99
14915,5637,101,2025-03-04,Completed,Store Financing,0.0
14916,5201,106,2025-03-04,Completed,Apple Pay,0.0
14917,5419,106,2025-03-04,Completed,Store Financing,0.0
14918,5038,101,2025-03-04,Completed,Store Financing,24.99
14919,5017,106,2025-03-05,Completed,PayPal,0.0
14920,5948,101,2025-03-05,Completed,Bank Transfer,14.99
14921,5587,101,2025-03-05,Completed,Store Financing,0.0
14922,6028,101,2025-03-05,Completed,Apple Pay,24.99
14923,6490,102,2025-03-05,Completed,PayPal,0.0
14924,6220,103,2025-03-05,Completed,Store Financing,0.0
14925,5630,102,2025-03-05,Completed,Apple Pay,0.0
14926,6441,101,2025-03-05,Completed,Credit Card,9.99
14927,5376,102,2025-03-05,Completed,PayPal,0.0
14928,6381,101,2025-03-06,Completed,Bank Transfer,9.99
14929,5418,102,2025-03-06,Completed,Apple Pay,0.0
14930,6482,104,2025-03-06,Completed,Credit Card,0.0
14931,6274,106,2025-03-06,Completed,Bank Transfer,0.0
14932,6394,101,2025-03-06,Completed,Credit Card,0.0
14933,5514,101,2025-03-06,Completed,Credit Card,24.99
14934,5077,101,2025-03-07,Completed,Apple Pay,9.99
14935,6227,104,2025-03-07,Completed,Bank Transfer,0.0
14936,5156,101,2025-03-07,Completed,PayPal,14.99
14937,5072,101,2025-03-07,Completed,Credit Card,24.99
14938,6220,101,2025-03-07,Completed,Credit Card,9.99
14939,6498,101,2025-03-07,Completed,Credit Card,24.99
14940,5587,106,2025-03-07,Completed,PayPal,0.0
14941,5298,101,2025-03-07,Completed,Credit Card,24.99
14942,5227,102,2025-03-07,Completed,Store Financing,0.0
14943,5219,106,2025-03-07,Completed,Store Financing,0.0
14944,6466,105,2025-03-07,Completed,PayPal,0.0
14945,6371,108,2025-03-08,Returned,Bank Transfer,0.0
14946,5015,101,2025-03-08,Completed,PayPal,9.99
14947,6008,101,2025-03-08,Completed,Bank Transfer,9.99
14948,5521,103,2025-03-08,Completed,PayPal,0.0
14949,5468,101,2025-03-08,Completed,Store Financing,24.99
14950,6008,101,2025-03-08,Completed,PayPal,0.0
14951,5024,107,2025-03-08,Completed,Bank Transfer,0.0
14952,6095,101,2025-03-09,Completed,Store Financing,0.0
14953,5516,101,2025-03-09,Completed,Credit Card,9.99
14954,6175,106,2025-03-09,Completed,Store Financing,0.0
14955,5766,106,2025-03-09,Completed,PayPal,0.0
14956,5299,101,2025-03-09,Completed,PayPal,24.99
14957,5058,101,2025-03-09,Completed,Credit Card,0.0
14958,5095,101,2025-03-09,Completed,Apple Pay,0.0
14959,5100,101,2025-03-09,Completed,Apple Pay,0.0
14960,6162,101,2025-03-09,Completed,PayPal,14.99
14961,6024,103,2025-03-09,Completed,PayPal,0.0
14962,6329,101,2025-03-10,Cancelled,Credit Card,24.99
14963,5722,103,2025-03-10,Completed,Apple Pay,0.0
14964,5255,101,2025-03-10,Completed,PayPal,14.99
14965,5232,101,2025-03-10,Completed,Bank Transfer,0.0
14966,6171,101,2025-03-10,Cancelled,Apple Pay,24.99
14967,5536,101,2025-03-10,Completed,Store Financing,14.99
14968,5076,101,2025-03-10,Completed,Credit Card,14.99
14969,6281,101,2025-03-10,Completed,Credit Card,9.99
14970,5235,101,2025-03-10,Completed,Bank Transfer,14.99
14971,5536,101,2025-03-10,Completed,PayPal,0.0
14972,5898,106,2025-03-10,Completed,PayPal,0.0
14973,6381,101,2025-03-11,Completed,Apple Pay,14.99
14974,5844,101,2025-03-11,Completed,Store Financing,24.99
14975,5312,101,2025-03-11,Completed,Store Financing,14.99
14976,5952,101,2025-03-11,Completed,Bank Transfer,14.99
14977,5274,101,2025-03-11,Cancelled,Store Financing,0.0
14978,6062,102,2025-03-11,Completed,PayPal,0.0
14979,5363,101,2025-03-12,Completed,Credit Card,24.99
14980,6041,101,2025-03-12,Completed,Bank Transfer,24.99
14981,5250,101,2025-03-12,Completed,Store Financing,14.99
14982,6492,104,2025-03-12,Completed,Apple Pay,0.0
14983,5240,108,2025-03-12,Completed,Store Financing,0.0
14984,5202,101,2025-03-12,Completed,Bank Transfer,0.0
14985,5599,108,2025-03-12,Completed,Store Financing,0.0
14986,6441,101,2025-03-12,Completed,Credit Card,24.99
14987,5613,107,2025-03-12,Completed,Apple Pay,0.0
14988,5943,101,2025-03-12,Returned,Credit Card,9.99
14989,5346,101,2025-03-12,Completed,Apple Pay,9.99
14990,5346,103,2025-03-13,Cancelled,Apple Pay,0.0
14991,5427,101,2025-03-13,Completed,Bank Transfer,9.99
14992,5822,102,2025-03-13,Completed,Store Financing,0.0
14993,5209,101,2025-03-13,Completed,Store Financing,14.99
14994,5082,103,2025-03-13,Completed,PayPal,0.0
14995,5790,101,2025-03-13,Completed,Bank Transfer,9.99
14996,6087,101,2025-03-13,Completed,Credit Card,24.99
14997,5224,101,2025-03-14,Completed,Bank Transfer,24.99
14998,6172,101,2025-03-14,Completed,Store Financing,0.0
14999,5977,101,2025-03-14,Cancelled,Store Financing,14.99
15000,5873,104,2025-03-14,Completed,Store Financing,0.0
15001,5264,101,2025-03-14,Completed,Store Financing,9.99
15002,5126,101,2025-03-14,Completed,PayPal,24.99
15003,6368,101,2025-03-15,Completed,Bank Transfer,0.0
15004,5869,108,2025-03-15,Completed,Store Financing,0.0
15005,5999,108,2025-03-15,Completed,Store Financing,0.0
15006,6280,101,2025-03-15,Cancelled,Apple Pay,0.0
15007,5384,101,2025-03-15,Completed,Bank Transfer,9.99
15008,5882,101,2025-03-15,Completed,Credit Card,24.99
15009,5922,101,2025-03-15,Completed,Store Financing,9.99
15010,5126,104,2025-03-15,Completed,Store Financing,0.0
15011,5328,101,2025-03-15,Completed,Store Financing,0.0
15012,6095,101,2025-03-15,Completed,Apple Pay,9.99
15013,6281,101,2025-03-16,Completed,PayPal,9.99
15014,5382,104,2025-03-16,Completed,Apple Pay,0.0
15015,5948,101,2025-03-16,Completed,Store Financing,24.99
15016,5934,104,2025-03-16,Completed,Bank Transfer,0.0
15017,6274,101,2025-03-16,Completed,Credit Card,24.99
15018,5297,101,2025-03-16,Completed,Bank Transfer,9.99
15019,5567,102,2025-03-16,Completed,Credit Card,0.0
15020,6472,101,2025-03-16,Completed,PayPal,0.0
15021,6376,101,2025-03-16,Completed,Bank Transfer,9.99
15022,5915,104,2025-03-16,Completed,Apple Pay,0.0
15023,5954,101,2025-03-16,Completed,Bank Transfer,14.99
15024,5611,101,2025-03-16,Cancelled,PayPal,14.99
15025,5163,105,2025-03-16,Completed,Apple Pay,0.0
15026,5933,104,2025-03-16,Completed,PayPal,0.0
15027,5047,105,2025-03-16,Completed,PayPal,0.0
15028,6367,103,2025-03-16,Completed,PayPal,0.0
15029,5850,101,2025-03-17,Completed,Credit Card,24.99
15030,6153,101,2025-03-17,Completed,Store Financing,9.99
15031,5468,108,2025-03-17,Completed,Store Financing,0.0
15032,5889,102,2025-03-17,Completed,PayPal,0.0
15033,6050,101,2025-03-17,Completed,Bank Transfer,24.99
15034,6335,101,2025-03-17,Cancelled,Store Financing,9.99
15035,6078,101,2025-03-17,Completed,Bank Transfer,14.99
15036,6328,101,2025-03-17,Completed,Store Financing,24.99
15037,6361,101,2025-03-18,Completed,PayPal,0.0
15038,5252,108,2025-03-18,Completed,Apple Pay,0.0
15039,6394,104,2025-03-18,Completed,Apple Pay,0.0
15040,6477,106,2025-03-18,Completed,Apple Pay,0.0
15041,5668,101,2025-03-18,Completed,Apple Pay,0.0
15042,6070,101,2025-03-18,Completed,Credit Card,9.99
15043,6203,103,2025-03-18,Completed,Apple Pay,0.0
15044,5133,101,2025-03-18,Completed,Credit Card,24.99
15045,5808,101,2025-03-18,Completed,Store Financing,14.99
15046,5375,101,2025-03-18,Completed,PayPal,24.99
15047,5732,101,2025-03-18,Completed,Apple Pay,9.99
15048,5897,101,2025-03-19,Completed,Store Financing,24.99
15049,6318,108,2025-03-19,Completed,Bank Transfer,0.0
15050,5201,106,2025-03-19,Completed,PayPal,0.0
15051,6239,101,2025-03-19,Completed,Bank Transfer,0.0
15052,5768,101,2025-03-19,Completed,Bank Transfer,14.99
15053,5911,101,2025-03-19,Completed,PayPal,0.0
15054,5647,101,2025-03-19,Completed,Bank Transfer,14.99
15055,5014,101,2025-03-19,Completed,Store Financing,14.99
15056,5630,101,2025-03-19,Completed,Credit Card,9.99
15057,5224,101,2025-03-19,Completed,Bank Transfer,24.99
15058,5396,101,2025-03-19,Completed,Apple Pay,24.99
15059,5220,103,2025-03-20,Completed,Apple Pay,0.0
15060,6307,104,2025-03-20,Completed,Store Financing,0.0
15061,5587,101,2025-03-20,Completed,Credit Card,24.99
15062,6399,101,2025-03-20,Completed,PayPal,0.0
15063,5890,101,2025-03-20,Completed,Apple Pay,14.99
15064,5529,102,2025-03-20,Completed,Apple Pay,0.0
15065,5713,102,2025-03-20,Completed,Credit Card,0.0
15066,6241,101,2025-03-20,Completed,Bank Transfer,0.0
15067,6193,101,2025-03-20,Completed,Bank Transfer,14.99
15068,5423,101,2025-03-20,Completed,Bank Transfer,0.0
15069,6381,101,2025-03-21,Completed,Store Financing,24.99
15070,5524,107,2025-03-21,Completed,PayPal,0.0
15071,5676,102,2025-03-21,Completed,PayPal,0.0
15072,6095,101,2025-03-21,Completed,Store Financing,9.99
15073,5078,101,2025-03-21,Completed,Store Financing,0.0
15074,5647,101,2025-03-21,Completed,Credit Card,24.99
15075,6435,101,2025-03-22,Completed,Credit Card,0.0
15076,6285,101,2025-03-22,Completed,Apple Pay,0.0
15077,6339,101,2025-03-22,Completed,Credit Card,14.99
15078,6359,101,2025-03-22,Completed,Credit Card,9.99
15079,5469,101,2025-03-22,Completed,PayPal,9.99
15080,6464,101,2025-03-22,Completed,Credit Card,9.99
15081,5913,101,2025-03-22,Completed,Apple Pay,9.99
15082,5250,105,2025-03-22,Completed,Store Financing,0.0
15083,6425,101,2025-03-22,Completed,Credit Card,0.0
15084,5108,101,2025-03-22,Completed,Store Financing,14.99
15085,5197,101,2025-03-23,Completed,Store Financing,9.99
15086,5694,108,2025-03-23,Completed,PayPal,0.0
15087,5396,102,2025-03-23,Completed,Apple Pay,0.0
15088,6235,101,2025-03-23,Completed,Store Financing,0.0
15089,5753,101,2025-03-23,Completed,Store Financing,24.99
15090,5990,101,2025-03-23,Completed,Apple Pay,0.0
15091,6133,106,2025-03-23,Completed,Apple Pay,0.0
15092,5838,101,2025-03-23,Completed,Bank Transfer,24.99
15093,5185,108,2025-03-23,Completed,PayPal,0.0
15094,5217,104,2025-03-23,Returned,PayPal,0.0
15095,5090,101,2025-03-23,Completed,Store Financing,14.99
15096,6024,104,2025-03-23,Completed,Bank Transfer,0.0
15097,6008,105,2025-03-23,Completed,PayPal,0.0
15098,5806,101,2025-03-24,Returned,PayPal,14.99
15099,5777,101,2025-03-24,Returned,Bank Transfer,24.99
15100,5679,101,2025-03-24,Completed,PayPal,0.0
15101,6386,101,2025-03-24,Completed,Bank Transfer,9.99
15102,5468,108,2025-03-24,Completed,Bank Transfer,0.0
15103,5502,101,2025-03-24,Completed,Bank Transfer,14.99
15104,6206,101,2025-03-24,Completed,Apple Pay,0.0
15105,5580,101,2025-03-24,Completed,PayPal,24.99
15106,5454,101,2025-03-25,Completed,Store Financing,14.99
15107,5852,101,2025-03-25,Completed,Apple Pay,24.99
15108,5579,101,2025-03-25,Cancelled,Credit Card,14.99
15109,5773,102,2025-03-25,Completed,Store Financing,0.0
15110,5897,101,2025-03-25,Completed,Apple Pay,14.99
15111,5276,103,2025-03-25,Completed,Bank Transfer,0.0
15112,5334,104,2025-03-25,Completed,Apple Pay,0.0
15113,6210,106,2025-03-25,Completed,Apple Pay,0.0
15114,6477,101,2025-03-26,Completed,PayPal,24.99
15115,6381,101,2025-03-26,Completed,Bank Transfer,0.0
15116,6381,103,2025-03-26,Completed,Credit Card,0.0
15117,5147,101,2025-03-26,Completed,Store Financing,24.99
15118,5666,105,2025-03-26,Completed,Store Financing,0.0
15119,6349,102,2025-03-26,Completed,Bank Transfer,0.0
15120,5948,101,2025-03-26,Completed,PayPal,0.0
15121,5077,102,2025-03-26,Completed,PayPal,0.0
15122,6208,104,2025-03-26,Completed,PayPal,0.0
15123,6417,101,2025-03-26,Completed,Apple Pay,9.99
15124,6381,104,2025-03-26,Completed,Credit Card,0.0
15125,5666,105,2025-03-26,Completed,Store Financing,0.0
15126,6021,101,2025-03-26,Completed,Store Financing,0.0
15127,5832,101,2025-03-27,Completed,Bank Transfer,24.99
15128,6118,101,2025-03-27,Completed,PayPal,0.0
15129,5876,102,2025-03-27,Completed,Apple Pay,0.0
15130,6153,101,2025-03-27,Completed,Store Financing,0.0
15131,5472,107,2025-03-27,Completed,Apple Pay,0.0
15132,6467,101,2025-03-27,Completed,Bank Transfer,24.99
15133,5587,101,2025-03-27,Completed,PayPal,14.99
15134,6344,101,2025-03-27,Completed,Credit Card,9.99
15135,5648,101,2025-03-27,Completed,Credit Card,24.99
15136,6425,105,2025-03-27,Completed,PayPal,0.0
15137,6362,104,2025-03-27,Completed,PayPal,0.0
15138,5196,101,2025-03-27,Completed,Credit Card,0.0
15139,5652,101,2025-03-27,Completed,Bank Transfer,24.99
15140,6032,101,2025-03-28,Completed,Credit Card,0.0
15141,6026,101,2025-03-28,Completed,Credit Card,14.99
15142,5197,105,2025-03-28,Completed,Bank Transfer,0.0
15143,5376,101,2025-03-28,Completed,PayPal,14.99
15144,5262,104,2025-03-28,Completed,Apple Pay,0.0
15145,6122,101,2025-03-28,Completed,PayPal,9.99
15146,5163,106,2025-03-28,Completed,Store Financing,0.0
15147,6381,101,2025-03-28,Completed,PayPal,24.99
15148,5144,101,2025-03-28,Completed,Bank Transfer,0.0
15149,5586,106,2025-03-28,Completed,Apple Pay,0.0
15150,6218,101,2025-03-28,Completed,Apple Pay,14.99
15151,5044,101,2025-03-29,Completed,PayPal,9.99
15152,6098,101,2025-03-29,Completed,Apple Pay,0.0
15153,5544,101,2025-03-29,Completed,Credit Card,0.0
15154,5002,101,2025-03-29,Completed,Credit Card,9.99
15155,6407,108,2025-03-29,Completed,Bank Transfer,0.0
15156,5250,101,2025-03-29,Completed,Bank Transfer,9.99
15157,6436,108,2025-03-29,Completed,PayPal,0.0
15158,5536,101,2025-03-30,Completed,Apple Pay,14.99
15159,6491,101,2025-03-30,Completed,Bank Transfer,14.99
15160,5895,104,2025-03-30,Completed,Credit Card,0.0
15161,5828,108,2025-03-30,Completed,PayPal,0.0
15162,5439,107,2025-03-30,Completed,PayPal,0.0
15163,5454,101,2025-03-30,Completed,Bank Transfer,9.99
15164,5175,101,2025-03-30,Completed,Apple Pay,9.99
15165,5202,101,2025-03-31,Completed,Credit Card,9.99
15166,5754,106,2025-03-31,Completed,PayPal,0.0
15167,5705,105,2025-03-31,Completed,Credit Card,0.0
15168,5035,101,2025-03-31,Completed,Credit Card,14.99
15169,6041,101,2025-03-31,Completed,Bank Transfer,0.0
15170,6054,101,2025-03-31,Completed,Apple Pay,14.99
15171,5999,108,2025-03-31,Completed,Credit Card,0.0
15172,5893,107,2025-03-31,Completed,PayPal,0.0
15173,5396,101,2025-03-31,Completed,Credit Card,0.0
15174,5397,103,2025-03-31,Completed,Apple Pay,0.0
15175,6033,101,2025-03-31,Completed,Apple Pay,24.99
15176,5114,107,2025-03-31,Completed,Store Financing,0.0
15177,5585,103,2025-03-31,Completed,PayPal,0.0
15178,5888,101,2025-04-01,Completed,Apple Pay,9.99
15179,5114,101,2025-04-01,Returned,PayPal,0.0
15180,5508,108,2025-04-01,Completed,Credit Card,0.0
15181,5141,105,2025-04-01,Completed,Store Financing,0.0
15182,5958,102,2025-04-01,Completed,Bank Transfer,0.0
15183,6113,108,2025-04-01,Completed,Bank Transfer,0.0
15184,5100,101,2025-04-01,Completed,Credit Card,0.0
15185,6315,104,2025-04-01,Completed,Apple Pay,0.0
15186,6411,107,2025-04-01,Completed,Apple Pay,0.0
15187,5713,102,2025-04-02,Completed,Store Financing,0.0
15188,5814,101,2025-04-02,Completed,Credit Card,9.99
15189,6277,102,2025-04-02,Completed,Credit Card,0.0
15190,5225,101,2025-04-02,Completed,Credit Card,14.99
15191,5658,101,2025-04-02,Completed,Apple Pay,9.99
15192,5255,102,2025-04-02,Completed,Apple Pay,0.0
15193,5329,102,2025-04-02,Completed,Bank Transfer,0.0
15194,5244,101,2025-04-03,Completed,Bank Transfer,9.99
15195,5250,105,2025-04-03,Completed,PayPal,0.0
15196,5015,101,2025-04-03,Completed,Store Financing,0.0
15197,6172,101,2025-04-03,Completed,Bank Transfer,14.99
15198,6235,101,2025-04-03,Completed,Bank Transfer,24.99
15199,5774,101,2025-04-03,Completed,Credit Card,24.99
15200,6436,101,2025-04-03,Completed,Apple Pay,14.99
15201,5966,107,2025-04-03,Completed,PayPal,0.0
15202,6350,101,2025-04-03,Completed,Store Financing,24.99
15203,6223,101,2025-04-04,Completed,PayPal,24.99
15204,6196,103,2025-04-04,Completed,Apple Pay,0.0
15205,6024,101,2025-04-04,Completed,Apple Pay,9.99
15206,5557,101,2025-04-04,Completed,Credit Card,0.0
15207,5906,103,2025-04-04,Completed,Apple Pay,0.0
15208,5587,101,2025-04-04,Completed,Store Financing,9.99
15209,6435,101,2025-04-04,Completed,PayPal,14.99
15210,5521,101,2025-04-04,Completed,PayPal,0.0
15211,5446,101,2025-04-04,Completed,Bank Transfer,14.99
15212,5209,101,2025-04-04,Completed,Store Financing,24.99
15213,6162,108,2025-04-04,Completed,Apple Pay,0.0
15214,5080,101,2025-04-04,Completed,PayPal,14.99
15215,5587,101,2025-04-05,Completed,Apple Pay,24.99
15216,6315,104,2025-04-05,Completed,Store Financing,0.0
15217,5872,102,2025-04-05,Completed,Bank Transfer,0.0
15218,5119,102,2025-04-05,Completed,Credit Card,0.0
15219,5689,101,2025-04-05,Completed,Store Financing,0.0
15220,5890,101,2025-04-05,Completed,PayPal,24.99
15221,6337,101,2025-04-05,Completed,PayPal,24.99
15222,6110,101,2025-04-05,Completed,Store Financing,0.0
15223,6017,108,2025-04-05,Completed,Apple Pay,0.0
15224,5668,105,2025-04-05,Completed,Store Financing,0.0
15225,5918,104,2025-04-05,Completed,Apple Pay,0.0
15226,5347,104,2025-04-05,Completed,PayPal,0.0
15227,5948,104,2025-04-05,Completed,Bank Transfer,0.0
15228,5966,101,2025-04-05,Completed,PayPal,24.99
15229,5694,108,2025-04-05,Completed,Credit Card,0.0
15230,6455,101,2025-04-05,Completed,Credit Card,9.99
15231,5396,101,2025-04-06,Completed,Bank Transfer,14.99
15232,5783,104,2025-04-06,Completed,Store Financing,0.0
15233,5320,101,2025-04-06,Completed,Bank Transfer,14.99
15234,5244,106,2025-04-06,Completed,Credit Card,0.0
15235,5511,106,2025-04-06,Completed,Apple Pay,0.0
15236,5496,101,2025-04-06,Completed,Credit Card,0.0
15237,6171,102,2025-04-06,Completed,Credit Card,0.0
15238,5577,101,2025-04-06,Completed,PayPal,0.0
15239,6328,102,2025-04-06,Completed,Store Financing,0.0
15240,5087,101,2025-04-06,Completed,Bank Transfer,9.99
15241,5488,103,2025-04-06,Completed,Store Financing,0.0
15242,5418,102,2025-04-06,Completed,PayPal,0.0
15243,5653,102,2025-04-06,Completed,PayPal,0.0
15244,5261,107,2025-04-06,Completed,Store Financing,0.0
15245,5025,101,2025-04-06,Completed,Apple Pay,9.99
15246,5987,108,2025-04-06,Completed,Bank Transfer,0.0
15247,6096,101,2025-04-07,Completed,Credit Card,14.99
15248,6489,101,2025-04-07,Completed,PayPal,14.99
15249,5580,101,2025-04-07,Completed,Bank Transfer,14.99
15250,5363,101,2025-04-07,Completed,Store Financing,24.99
15251,5586,105,2025-04-07,Completed,Credit Card,0.0
15252,6399,101,2025-04-07,Completed,Bank Transfer,0.0
15253,5078,103,2025-04-07,Completed,PayPal,0.0
15254,5271,101,2025-04-07,Completed,PayPal,9.99
15255,5594,101,2025-04-07,Completed,PayPal,9.99
15256,5427,101,2025-04-07,Completed,Bank Transfer,9.99
15257,5121,101,2025-04-07,Completed,Credit Card,9.99
15258,6151,108,2025-04-07,Completed,Credit Card,0.0
15259,5681,102,2025-04-07,Cancelled,Credit Card,0.0
15260,5163,106,2025-04-07,Completed,Credit Card,0.0
15261,5081,101,2025-04-08,Completed,Credit Card,24.99
15262,5342,102,2025-04-08,Completed,Bank Transfer,0.0
15263,5445,101,2025-04-08,Completed,Store Financing,9.99
15264,5496,105,2025-04-08,Completed,Credit Card,0.0
15265,6162,108,2025-04-08,Completed,Apple Pay,0.0
15266,5262,101,2025-04-08,Completed,PayPal,0.0
15267,5966,108,2025-04-08,Returned,Apple Pay,0.0
15268,5245,101,2025-04-09,Completed,Bank Transfer,14.99
15269,6488,101,2025-04-09,Completed,PayPal,24.99
15270,5759,101,2025-04-09,Cancelled,Apple Pay,9.99
15271,5985,101,2025-04-09,Completed,Credit Card,14.99
15272,5163,101,2025-04-09,Completed,Credit Card,0.0
15273,5039,101,2025-04-09,Completed,Credit Card,9.99
15274,6074,108,2025-04-09,Completed,Store Financing,0.0
15275,5044,101,2025-04-09,Completed,Credit Card,24.99
15276,5250,101,2025-04-10,Completed,Credit Card,14.99
15277,5235,101,2025-04-10,Completed,Bank Transfer,0.0
15278,5007,103,2025-04-10,Completed,Credit Card,0.0
15279,5077,102,2025-04-10,Completed,Bank Transfer,0.0
15280,5155,101,2025-04-10,Completed,Apple Pay,9.99
15281,5173,106,2025-04-10,Completed,PayPal,0.0
15282,5229,101,2025-04-10,Completed,Credit Card,0.0
15283,5346,101,2025-04-11,Completed,Apple Pay,0.0
15284,6315,101,2025-04-11,Completed,Bank Transfer,14.99
15285,5421,103,2025-04-11,Completed,Store Financing,0.0
15286,5966,101,2025-04-11,Completed,Bank Transfer,9.99
15287,6491,101,2025-04-11,Cancelled,PayPal,9.99
15288,6248,101,2025-04-11,Completed,Bank Transfer,24.99
15289,6475,101,2025-04-11,Completed,PayPal,0.0
15290,5643,101,2025-04-11,Completed,Credit Card,24.99
15291,6484,101,2025-04-11,Completed,PayPal,14.99
15292,5477,103,2025-04-11,Completed,PayPal,0.0
15293,5040,101,2025-04-11,Completed,Store Financing,14.99
15294,5433,101,2025-04-11,Completed,PayPal,24.99
15295,5226,101,2025-04-12,Completed,Store Financing,9.99
15296,6041,102,2025-04-12,Completed,Bank Transfer,0.0
15297,6373,101,2025-04-12,Completed,Bank Transfer,24.99
15298,6162,101,2025-04-12,Completed,Credit Card,14.99
15299,5675,101,2025-04-12,Completed,Credit Card,14.99
15300,5785,101,2025-04-12,Completed,Apple Pay,9.99
15301,6242,104,2025-04-12,Completed,PayPal,0.0
15302,5439,101,2025-04-12,Completed,Store Financing,24.99
15303,6240,101,2025-04-12,Completed,PayPal,14.99
15304,6435,101,2025-04-12,Returned,Apple Pay,14.99
15305,6033,101,2025-04-12,Completed,Store Financing,14.99
15306,6498,101,2025-04-12,Completed,Store Financing,14.99
15307,5663,103,2025-04-12,Completed,Apple Pay,0.0
15308,6086,101,2025-04-12,Completed,PayPal,0.0
15309,5589,101,2025-04-12,Returned,Credit Card,24.99
15310,6394,101,2025-04-12,Completed,Apple Pay,9.99
15311,6441,101,2025-04-13,Completed,Credit Card,24.99
15312,5087,101,2025-04-13,Completed,Store Financing,9.99
15313,5986,104,2025-04-13,Completed,Apple Pay,0.0
15314,5610,102,2025-04-13,Returned,PayPal,0.0
15315,5003,101,2025-04-13,Completed,PayPal,24.99
15316,5587,101,2025-04-13,Completed,Store Financing,24.99
15317,5087,101,2025-04-13,Completed,Bank Transfer,14.99
15318,5734,101,2025-04-14,Completed,Credit Card,14.99
15319,5466,101,2025-04-14,Completed,Credit Card,14.99
15320,5839,101,2025-04-14,Completed,Bank Transfer,24.99
15321,5240,101,2025-04-14,Completed,Credit Card,0.0
15322,6275,101,2025-04-14,Completed,PayPal,14.99
15323,5587,101,2025-04-14,Completed,Apple Pay,14.99
15324,6281,101,2025-04-14,Completed,Bank Transfer,9.99
15325,5170,101,2025-04-15,Completed,Store Financing,14.99
15326,5819,106,2025-04-15,Completed,Bank Transfer,0.0
15327,5745,101,2025-04-15,Completed,Bank Transfer,14.99
15328,5265,108,2025-04-15,Completed,Credit Card,0.0
15329,6437,101,2025-04-15,Completed,PayPal,9.99
15330,5892,101,2025-04-15,Completed,PayPal,9.99
15331,5346,101,2025-04-15,Completed,Apple Pay,0.0
15332,6236,101,2025-04-15,Completed,Bank Transfer,24.99
15333,6482,103,2025-04-15,Completed,Credit Card,0.0
15334,6489,101,2025-04-15,Completed,Apple Pay,14.99
15335,5250,106,2025-04-15,Completed,Apple Pay,0.0
15336,6326,101,2025-04-16,Completed,Store Financing,24.99
15337,6098,101,2025-04-16,Completed,PayPal,14.99
15338,6274,101,2025-04-16,Completed,Apple Pay,9.99
15339,5674,108,2025-04-16,Completed,PayPal,0.0
15340,5125,107,2025-04-16,Completed,Store Financing,0.0
15341,5862,105,2025-04-16,Completed,PayPal,0.0
15342,5290,106,2025-04-16,Completed,Apple Pay,0.0
15343,5850,101,2025-04-16,Completed,PayPal,0.0
15344,6175,101,2025-04-16,Completed,Credit Card,24.99
15345,5192,101,2025-04-16,Completed,Apple Pay,24.99
15346,5716,101,2025-04-16,Completed,Store Financing,14.99
15347,5196,101,2025-04-16,Completed,Apple Pay,9.99
15348,5818,101,2025-04-16,Completed,Bank Transfer,14.99
15349,6311,101,2025-04-17,Completed,PayPal,9.99
15350,6358,106,2025-04-17,Completed,Credit Card,0.0
15351,6021,101,2025-04-17,Completed,Credit Card,0.0
15352,5613,101,2025-04-17,Completed,Bank Transfer,24.99
15353,6441,105,2025-04-17,Completed,Bank Transfer,0.0
15354,5545,101,2025-04-17,Completed,Apple Pay,0.0
15355,5358,101,2025-04-17,Completed,Bank Transfer,0.0
15356,5244,101,2025-04-17,Returned,Store Financing,14.99
15357,5427,101,2025-04-17,Returned,Store Financing,9.99
15358,5224,101,2025-04-17,Completed,Credit Card,9.99
15359,5219,101,2025-04-17,Cancelled,Apple Pay,14.99
15360,5464,103,2025-04-18,Completed,Store Financing,0.0
15361,6393,101,2025-04-18,Completed,Bank Transfer,24.99
15362,6399,101,2025-04-18,Completed,Apple Pay,0.0
15363,5987,101,2025-04-18,Completed,Credit Card,9.99
15364,5153,101,2025-04-18,Completed,PayPal,24.99
15365,5999,108,2025-04-18,Completed,PayPal,0.0
15366,6104,108,2025-04-18,Completed,Credit Card,0.0
15367,5376,102,2025-04-18,Completed,Apple Pay,0.0
15368,6011,107,2025-04-18,Completed,Bank Transfer,0.0
15369,5147,101,2025-04-18,Completed,Store Financing,24.99
15370,6153,101,2025-04-19,Completed,Bank Transfer,9.99
15371,6243,101,2025-04-19,Completed,Apple Pay,0.0
15372,5722,101,2025-04-19,Completed,Bank Transfer,24.99
15373,5193,107,2025-04-19,Completed,Store Financing,0.0
15374,6014,101,2025-04-19,Completed,PayPal,14.99
15375,5751,101,2025-04-19,Completed,Bank Transfer,24.99
15376,5155,101,2025-04-19,Completed,Bank Transfer,9.99
15377,6182,101,2025-04-19,Completed,Bank Transfer,14.99
15378,5078,101,2025-04-20,Returned,Store Financing,14.99
15379,5270,103,2025-04-20,Cancelled,PayPal,0.0
15380,5952,103,2025-04-20,Returned,Credit Card,0.0
15381,5556,101,2025-04-20,Completed,Store Financing,9.99
15382,5353,101,2025-04-20,Completed,Credit Card,14.99
15383,5465,105,2025-04-20,Completed,Store Financing,0.0
15384,5896,106,2025-04-20,Completed,PayPal,0.0
15385,6071,101,2025-04-21,Completed,Credit Card,14.99
15386,6395,101,2025-04-21,Returned,Bank Transfer,9.99
15387,5107,101,2025-04-21,Completed,PayPal,0.0
15388,5638,102,2025-04-21,Completed,PayPal,0.0
15389,6008,101,2025-04-21,Completed,Credit Card,14.99
15390,5555,101,2025-04-21,Completed,PayPal,24.99
15391,5295,101,2025-04-21,Completed,Store Financing,14.99
15392,6458,108,2025-04-21,Completed,Store Financing,0.0
15393,5071,101,2025-04-21,Completed,Apple Pay,0.0
15394,6039,101,2025-04-22,Completed,Credit Card,9.99
15395,6266,101,2025-04-22,Completed,PayPal,24.99
15396,5464,101,2025-04-22,Completed,PayPal,9.99
15397,5198,106,2025-04-22,Completed,Store Financing,0.0
15398,6203,101,2025-04-22,Returned,Credit Card,24.99
15399,5593,102,2025-04-22,Completed,PayPal,0.0
15400,6328,102,2025-04-23,Completed,Credit Card,0.0
15401,6394,101,2025-04-23,Completed,Store Financing,0.0
15402,5757,101,2025-04-23,Completed,PayPal,9.99
15403,5419,101,2025-04-23,Completed,PayPal,0.0
15404,5964,102,2025-04-23,Completed,Bank Transfer,0.0
15405,5178,101,2025-04-23,Completed,PayPal,9.99
15406,5654,101,2025-04-23,Completed,Credit Card,24.99
15407,6008,101,2025-04-23,Completed,PayPal,14.99
15408,5266,101,2025-04-23,Completed,Bank Transfer,0.0
15409,6275,101,2025-04-23,Completed,Bank Transfer,9.99
15410,6333,101,2025-04-23,Completed,Apple Pay,14.99
15411,5586,101,2025-04-23,Completed,Bank Transfer,0.0
15412,5436,101,2025-04-23,Completed,Bank Transfer,9.99
15413,5258,102,2025-04-24,Completed,Credit Card,0.0
15414,5542,101,2025-04-24,Completed,Store Financing,9.99
15415,5308,106,2025-04-24,Completed,PayPal,0.0
15416,6422,105,2025-04-24,Completed,Store Financing,0.0
15417,6162,101,2025-04-24,Completed,PayPal,0.0
15418,6010,101,2025-04-24,Completed,Credit Card,9.99
15419,5099,102,2025-04-24,Completed,Bank Transfer,0.0
15420,6008,101,2025-04-24,Completed,Apple Pay,14.99
15421,5298,101,2025-04-24,Completed,PayPal,9.99
15422,6122,101,2025-04-24,Completed,PayPal,14.99
15423,6472,101,2025-04-24,Completed,Credit Card,0.0
15424,5967,104,2025-04-24,Completed,Credit Card,0.0
15425,5396,101,2025-04-25,Completed,PayPal,0.0
15426,5522,102,2025-04-25,Completed,Apple Pay,0.0
15427,6441,101,2025-04-25,Completed,PayPal,24.99
15428,6143,101,2025-04-25,Completed,PayPal,14.99
15429,6475,101,2025-04-25,Completed,Store Financing,9.99
15430,5191,101,2025-04-25,Completed,PayPal,24.99
15431,5329,102,2025-04-25,Returned,Store Financing,0.0
15432,6243,101,2025-04-25,Completed,Bank Transfer,14.99
15433,6436,107,2025-04-25,Completed,Credit Card,0.0
15434,6019,101,2025-04-25,Completed,Apple Pay,0.0
15435,5968,101,2025-04-25,Completed,Store Financing,9.99
15436,5170,101,2025-04-25,Completed,Bank Transfer,24.99
15437,5126,101,2025-04-25,Completed,Credit Card,24.99
15438,6368,101,2025-04-26,Completed,Bank Transfer,0.0
15439,5521,103,2025-04-26,Completed,Store Financing,0.0
15440,5968,101,2025-04-26,Completed,Store Financing,0.0
15441,5822,101,2025-04-26,Returned,Store Financing,9.99
15442,6408,106,2025-04-26,Completed,Apple Pay,0.0
15443,5177,101,2025-04-26,Completed,Bank Transfer,0.0
15444,6459,105,2025-04-26,Completed,Credit Card,0.0
15445,6149,104,2025-04-26,Completed,Credit Card,0.0
15446,6435,101,2025-04-26,Completed,PayPal,0.0
15447,6441,101,2025-04-26,Completed,Apple Pay,14.99
15448,5063,101,2025-04-26,Completed,Store Financing,9.99
15449,5801,101,2025-04-26,Completed,PayPal,0.0
15450,5469,107,2025-04-26,Completed,Bank Transfer,0.0
15451,5262,101,2025-04-27,Cancelled,PayPal,9.99
15452,5364,104,2025-04-27,Completed,Apple Pay,0.0
15453,5391,102,2025-04-27,Completed,Apple Pay,0.0
15454,5224,101,2025-04-27,Completed,Credit Card,0.0
15455,6345,102,2025-04-27,Completed,Credit Card,0.0
15456,5584,106,2025-04-27,Completed,Credit Card,0.0
15457,6035,101,2025-04-27,Completed,Bank Transfer,14.99
15458,5460,102,2025-04-27,Completed,Credit Card,0.0
15459,5970,101,2025-04-28,Cancelled,Bank Transfer,0.0
15460,6453,101,2025-04-28,Completed,Credit Card,0.0
15461,5579,101,2025-04-28,Completed,Apple Pay,9.99
15462,5247,101,2025-04-28,Cancelled,Store Financing,0.0
15463,5345,101,2025-04-28,Completed,Apple Pay,14.99
15464,5198,101,2025-04-28,Completed,Apple Pay,24.99
15465,5588,105,2025-04-28,Completed,Store Financing,0.0
15466,5801,101,2025-04-28,Completed,Bank Transfer,9.99
15467,5209,101,2025-04-28,Completed,PayPal,14.99
15468,5133,102,2025-04-28,Completed,Apple Pay,0.0
15469,5270,104,2025-04-28,Completed,Credit Card,0.0
15470,5694,101,2025-04-28,Completed,Credit Card,24.99
15471,6486,101,2025-04-29,Completed,Store Financing,24.99
15472,5776,102,2025-04-29,Completed,Credit Card,0.0
15473,6026,101,2025-04-29,Completed,Store Financing,14.99
15474,6275,101,2025-04-29,Completed,Bank Transfer,24.99
15475,6008,105,2025-04-29,Completed,PayPal,0.0
15476,5785,102,2025-04-29,Completed,PayPal,0.0
15477,5466,104,2025-04-29,Completed,Store Financing,0.0
15478,5095,105,2025-04-29,Completed,Bank Transfer,0.0
15479,5357,106,2025-04-29,Returned,Bank Transfer,0.0
15480,5441,108,2025-04-30,Completed,Bank Transfer,0.0
15481,6334,106,2025-04-30,Completed,Bank Transfer,0.0
15482,5396,101,2025-04-30,Completed,Apple Pay,24.99
15483,6393,101,2025-04-30,Completed,Bank Transfer,9.99
15484,5342,101,2025-04-30,Completed,Store Financing,9.99
15485,5126,101,2025-04-30,Completed,Bank Transfer,9.99
15486,6302,105,2025-05-01,Completed,Store Financing,0.0
15487,5950,101,2025-05-01,Completed,Credit Card,9.99
15488,6203,101,2025-05-01,Completed,Apple Pay,0.0
15489,6136,106,2025-05-01,Completed,Bank Transfer,0.0
15490,6050,104,2025-05-01,Completed,PayPal,0.0
15491,5942,107,2025-05-01,Completed,Bank Transfer,0.0
15492,5774,106,2025-05-01,Returned,PayPal,0.0
15493,6289,101,2025-05-01,Completed,Bank Transfer,9.99
15494,5561,101,2025-05-01,Completed,PayPal,9.99
15495,5256,101,2025-05-01,Completed,Bank Transfer,0.0
15496,5159,101,2025-05-02,Completed,PayPal,14.99
15497,6349,101,2025-05-02,Completed,PayPal,9.99
15498,5143,101,2025-05-02,Completed,Credit Card,0.0
15499,5629,101,2025-05-02,Completed,Credit Card,0.0
15500,6171,102,2025-05-02,Completed,Credit Card,0.0
15501,5244,105,2025-05-02,Completed,Apple Pay,0.0
15502,5741,101,2025-05-02,Completed,PayPal,24.99
15503,6475,101,2025-05-02,Completed,Credit Card,0.0
15504,5039,105,2025-05-02,Completed,Store Financing,0.0
15505,5254,101,2025-05-02,Completed,Credit Card,24.99
15506,6275,103,2025-05-02,Completed,PayPal,0.0
15507,5875,101,2025-05-02,Completed,Bank Transfer,14.99
15508,5674,107,2025-05-02,Completed,Store Financing,0.0
15509,5648,105,2025-05-02,Completed,Credit Card,0.0
15510,6263,101,2025-05-03,Completed,PayPal,24.99
15511,5875,101,2025-05-03,Completed,PayPal,24.99
15512,5522,102,2025-05-03,Completed,Bank Transfer,0.0
15513,5156,101,2025-05-03,Completed,Credit Card,24.99
15514,5044,106,2025-05-03,Returned,Apple Pay,0.0
15515,5235,107,2025-05-03,Completed,Store Financing,0.0
15516,6275,101,2025-05-03,Completed,Bank Transfer,0.0
15517,5315,101,2025-05-03,Completed,Apple Pay,0.0
15518,6267,104,2025-05-03,Completed,PayPal,0.0
15519,5114,108,2025-05-03,Completed,Store Financing,0.0
15520,5274,106,2025-05-03,Completed,Bank Transfer,0.0
15521,5405,101,2025-05-03,Completed,Store Financing,0.0
15522,5170,101,2025-05-03,Completed,Store Financing,0.0
15523,5945,101,2025-05-04,Completed,PayPal,14.99
15524,5897,104,2025-05-04,Returned,Credit Card,0.0
15525,5234,101,2025-05-04,Completed,Bank Transfer,14.99
15526,5183,101,2025-05-04,Completed,Bank Transfer,24.99
15527,5039,105,2025-05-04,Completed,Store Financing,0.0
15528,5427,101,2025-05-04,Completed,Apple Pay,14.99
15529,5417,106,2025-05-04,Completed,Credit Card,0.0
15530,6393,106,2025-05-04,Completed,Bank Transfer,0.0
15531,6114,101,2025-05-04,Completed,Apple Pay,9.99
15532,5601,103,2025-05-04,Completed,Store Financing,0.0
15533,6037,103,2025-05-04,Completed,Credit Card,0.0
15534,6230,102,2025-05-04,Completed,Apple Pay,0.0
15535,6040,102,2025-05-04,Completed,Apple Pay,0.0
15536,5986,103,2025-05-05,Completed,Credit Card,0.0
15537,6066,106,2025-05-05,Completed,Bank Transfer,0.0
15538,5024,101,2025-05-05,Completed,Store Financing,0.0
15539,5644,108,2025-05-05,Completed,PayPal,0.0
15540,5943,101,2025-05-05,Completed,Credit Card,24.99
15541,5968,101,2025-05-05,Completed,Credit Card,24.99
15542,6437,101,2025-05-05,Completed,Bank Transfer,9.99
15543,5294,101,2025-05-05,Completed,Bank Transfer,14.99
15544,5286,102,2025-05-06,Completed,Credit Card,0.0
15545,5170,106,2025-05-06,Completed,Credit Card,0.0
15546,5261,101,2025-05-06,Completed,Store Financing,9.99
15547,5910,101,2025-05-06,Completed,Bank Transfer,24.99
15548,5631,107,2025-05-06,Completed,Apple Pay,0.0
15549,6362,101,2025-05-06,Completed,Bank Transfer,24.99
15550,5859,102,2025-05-06,Completed,Store Financing,0.0
15551,5895,101,2025-05-07,Completed,Store Financing,0.0
15552,6045,101,2025-05-07,Completed,Credit Card,9.99
15553,5614,101,2025-05-07,Completed,PayPal,9.99
15554,6010,101,2025-05-07,Completed,Apple Pay,24.99
15555,5416,101,2025-05-07,Completed,Apple Pay,24.99
15556,5857,104,2025-05-07,Completed,Store Financing,0.0
15557,6327,101,2025-05-07,Completed,Apple Pay,9.99
15558,5713,101,2025-05-07,Completed,Apple Pay,24.99
15559,5295,107,2025-05-07,Completed,Bank Transfer,0.0
15560,5333,101,2025-05-07,Completed,PayPal,0.0
15561,5138,107,2025-05-07,Completed,Bank Transfer,0.0
15562,5338,105,2025-05-07,Completed,Apple Pay,0.0
15563,6327,105,2025-05-07,Cancelled,Store Financing,0.0
15564,6409,101,2025-05-08,Completed,Bank Transfer,24.99
15565,5244,101,2025-05-08,Completed,PayPal,14.99
15566,5609,101,2025-05-08,Completed,Bank Transfer,24.99
15567,5942,101,2025-05-08,Returned,Apple Pay,14.99
15568,5272,104,2025-05-08,Completed,PayPal,0.0
15569,6157,101,2025-05-08,Completed,Store Financing,14.99
15570,5758,103,2025-05-08,Completed,Bank Transfer,0.0
15571,5320,102,2025-05-08,Completed,Store Financing,0.0
15572,5468,101,2025-05-09,Returned,Apple Pay,14.99
15573,5127,107,2025-05-09,Completed,Bank Transfer,0.0
15574,6170,102,2025-05-09,Completed,Apple Pay,0.0
15575,5244,101,2025-05-09,Completed,PayPal,0.0
15576,5931,102,2025-05-09,Completed,Credit Card,0.0
15577,5423,103,2025-05-09,Completed,Store Financing,0.0
15578,5547,101,2025-05-09,Completed,Apple Pay,0.0
15579,6040,102,2025-05-09,Completed,Bank Transfer,0.0
15580,5713,101,2025-05-09,Completed,Store Financing,14.99
15581,5913,101,2025-05-09,Completed,PayPal,0.0
15582,5495,101,2025-05-10,Completed,PayPal,9.99
15583,6018,105,2025-05-10,Completed,Apple Pay,0.0
15584,5742,101,2025-05-10,Cancelled,PayPal,0.0
15585,5474,101,2025-05-10,Completed,Store Financing,9.99
15586,6162,107,2025-05-10,Completed,Credit Card,0.0
15587,5629,105,2025-05-10,Completed,PayPal,0.0
15588,5351,101,2025-05-10,Returned,Credit Card,24.99
15589,6007,101,2025-05-10,Completed,Store Financing,9.99
15590,6326,101,2025-05-11,Completed,Credit Card,14.99
15591,6040,102,2025-05-11,Completed,Apple Pay,0.0
15592,6083,107,2025-05-11,Returned,Apple Pay,0.0
15593,5958,101,2025-05-11,Completed,Credit Card,9.99
15594,6455,101,2025-05-11,Completed,Apple Pay,0.0
15595,6096,101,2025-05-11,Completed,Bank Transfer,9.99
15596,6477,101,2025-05-11,Completed,Apple Pay,14.99
15597,5334,101,2025-05-11,Completed,PayPal,14.99
15598,5418,101,2025-05-11,Completed,Apple Pay,14.99
15599,5044,106,2025-05-11,Returned,PayPal,0.0
15600,6000,108,2025-05-11,Completed,Apple Pay,0.0
15601,6134,101,2025-05-11,Completed,Credit Card,24.99
15602,6143,101,2025-05-11,Completed,Credit Card,24.99
15603,5518,108,2025-05-11,Completed,Bank Transfer,0.0
15604,6339,101,2025-05-11,Completed,Credit Card,14.99
15605,6027,101,2025-05-11,Completed,Credit Card,9.99
15606,5999,101,2025-05-12,Completed,Store Financing,24.99
15607,5853,106,2025-05-12,Returned,Bank Transfer,0.0
15608,5635,105,2025-05-12,Completed,Bank Transfer,0.0
15609,5550,101,2025-05-12,Completed,Apple Pay,24.99
15610,5126,101,2025-05-12,Completed,PayPal,0.0
15611,5558,101,2025-05-12,Completed,PayPal,24.99
15612,5460,102,2025-05-12,Cancelled,Bank Transfer,0.0
15613,5007,104,2025-05-12,Completed,Credit Card,0.0
15614,6362,104,2025-05-12,Completed,PayPal,0.0
15615,5784,102,2025-05-12,Completed,Credit Card,0.0
15616,5170,105,2025-05-12,Completed,Credit Card,0.0
15617,5077,101,2025-05-13,Completed,Credit Card,0.0
15618,5562,102,2025-05-13,Completed,Apple Pay,0.0
15619,5822,101,2025-05-13,Completed,Apple Pay,0.0
15620,6012,101,2025-05-13,Completed,Store Financing,9.99
15621,5002,101,2025-05-13,Completed,Credit Card,9.99
15622,5464,101,2025-05-13,Completed,Apple Pay,14.99
15623,6312,106,2025-05-13,Completed,Store Financing,0.0
15624,5584,105,2025-05-13,Completed,Bank Transfer,0.0
15625,5202,101,2025-05-13,Completed,Apple Pay,0.0
15626,5946,101,2025-05-14,Completed,PayPal,0.0
15627,5564,103,2025-05-14,Completed,Bank Transfer,0.0
15628,6136,101,2025-05-14,Completed,Apple Pay,14.99
15629,6088,101,2025-05-14,Cancelled,PayPal,9.99
15630,5966,108,2025-05-14,Completed,PayPal,0.0
15631,5120,107,2025-05-14,Completed,PayPal,0.0
15632,5986,103,2025-05-14,Completed,Store Financing,0.0
15633,6026,101,2025-05-14,Completed,Store Financing,24.99
15634,5114,101,2025-05-14,Completed,Apple Pay,9.99
15635,6033,101,2025-05-14,Completed,PayPal,24.99
15636,5364,101,2025-05-14,Completed,Store Financing,24.99
15637,5561,101,2025-05-14,Completed,Store Financing,14.99
15638,6010,102,2025-05-14,Completed,Bank Transfer,0.0
15639,6409,107,2025-05-15,Completed,Credit Card,0.0
15640,5890,102,2025-05-15,Completed,Credit Card,0.0
15641,5081,101,2025-05-15,Completed,Bank Transfer,14.99
15642,5629,101,2025-05-15,Completed,Store Financing,9.99
15643,5002,102,2025-05-15,Completed,PayPal,0.0
15644,5758,104,2025-05-15,Returned,Apple Pay,0.0
15645,5274,101,2025-05-15,Completed,PayPal,24.99
15646,5968,101,2025-05-15,Completed,PayPal,24.99
15647,6252,101,2025-05-15,Completed,Store Financing,9.99
15648,5133,102,2025-05-15,Completed,PayPal,0.0
15649,5550,101,2025-05-15,Completed,Apple Pay,9.99
15650,5270,101,2025-05-15,Completed,Credit Card,14.99
15651,5901,105,2025-05-15,Returned,Apple Pay,0.0
15652,6248,102,2025-05-15,Completed,PayPal,0.0
15653,6339,103,2025-05-16,Completed,PayPal,0.0
15654,5918,101,2025-05-16,Completed,Store Financing,14.99
15655,5496,105,2025-05-16,Returned,Bank Transfer,0.0
15656,5063,101,2025-05-16,Completed,Credit Card,0.0
15657,5077,101,2025-05-16,Completed,Bank Transfer,0.0
15658,5801,101,2025-05-16,Completed,Bank Transfer,14.99
15659,6436,101,2025-05-17,Returned,Apple Pay,9.99
15660,6196,101,2025-05-17,Completed,Apple Pay,0.0
15661,5081,107,2025-05-17,Completed,Apple Pay,0.0
15662,5454,101,2025-05-17,Completed,Credit Card,9.99
15663,6498,108,2025-05-17,Completed,Store Financing,0.0
15664,6149,104,2025-05-17,Completed,Store Financing,0.0
15665,5733,101,2025-05-17,Completed,Store Financing,0.0
15666,6296,101,2025-05-17,Completed,Store Financing,0.0
15667,5483,101,2025-05-17,Completed,Apple Pay,24.99
15668,6172,101,2025-05-17,Completed,Credit Card,9.99
15669,5320,101,2025-05-18,Completed,Credit Card,9.99
15670,5363,101,2025-05-18,Completed,Credit Card,14.99
15671,6484,107,2025-05-18,Completed,Store Financing,0.0
15672,5063,101,2025-05-18,Completed,Bank Transfer,24.99
15673,5492,107,2025-05-18,Completed,Bank Transfer,0.0
15674,5119,101,2025-05-18,Completed,Store Financing,0.0
15675,6406,102,2025-05-18,Completed,PayPal,0.0
15676,6210,101,2025-05-18,Completed,Store Financing,24.99
15677,5425,101,2025-05-18,Completed,Bank Transfer,14.99
15678,6182,101,2025-05-18,Completed,PayPal,9.99
15679,5916,108,2025-05-18,Cancelled,PayPal,0.0
15680,5930,102,2025-05-18,Completed,PayPal,0.0
15681,5597,101,2025-05-18,Completed,Bank Transfer,24.99
15682,5578,108,2025-05-18,Completed,Bank Transfer,0.0
15683,5202,101,2025-05-18,Completed,Bank Transfer,0.0
15684,5356,101,2025-05-18,Completed,Bank Transfer,14.99
15685,5630,102,2025-05-19,Completed,Apple Pay,0.0
15686,5024,107,2025-05-19,Completed,Bank Transfer,0.0
15687,6230,101,2025-05-19,Completed,Bank Transfer,24.99
15688,5850,101,2025-05-19,Completed,Apple Pay,9.99
15689,6315,104,2025-05-19,Completed,PayPal,0.0
15690,5327,106,2025-05-19,Completed,Credit Card,0.0
15691,5401,101,2025-05-19,Completed,Credit Card,9.99
15692,6043,107,2025-05-19,Completed,Bank Transfer,0.0
15693,5561,101,2025-05-19,Completed,Store Financing,14.99
15694,6399,101,2025-05-20,Completed,Bank Transfer,14.99
15695,6018,106,2025-05-20,Completed,Credit Card,0.0
15696,6394,104,2025-05-20,Completed,Credit Card,0.0
15697,6180,105,2025-05-20,Completed,Credit Card,0.0
15698,5904,102,2025-05-20,Completed,Credit Card,0.0
15699,6105,101,2025-05-20,Completed,PayPal,24.99
15700,5201,101,2025-05-20,Completed,Bank Transfer,14.99
15701,5441,101,2025-05-20,Cancelled,Credit Card,24.99
15702,5147,101,2025-05-20,Completed,Credit Card,9.99
15703,5665,108,2025-05-20,Completed,Apple Pay,0.0
15704,6169,108,2025-05-20,Completed,Bank Transfer,0.0
15705,5923,101,2025-05-20,Completed,Credit Card,24.99
15706,6439,101,2025-05-20,Completed,Credit Card,24.99
15707,5742,101,2025-05-21,Completed,Apple Pay,14.99
15708,5364,101,2025-05-21,Completed,PayPal,24.99
15709,5271,101,2025-05-21,Completed,Credit Card,24.99
15710,6490,101,2025-05-21,Completed,Bank Transfer,0.0
15711,6122,103,2025-05-21,Completed,Apple Pay,0.0
15712,5536,106,2025-05-21,Completed,Store Financing,0.0
15713,5045,101,2025-05-21,Completed,Credit Card,24.99
15714,5062,101,2025-05-21,Completed,Store Financing,14.99
15715,6172,101,2025-05-21,Completed,Apple Pay,9.99
15716,6194,106,2025-05-21,Completed,Store Financing,0.0
15717,5376,101,2025-05-21,Completed,Credit Card,14.99
15718,5308,101,2025-05-21,Completed,Store Financing,24.99
15719,5496,105,2025-05-21,Returned,Credit Card,0.0
15720,5627,102,2025-05-21,Completed,Bank Transfer,0.0
15721,5272,104,2025-05-22,Completed,Credit Card,0.0
15722,5682,107,2025-05-22,Completed,Store Financing,0.0
15723,5193,108,2025-05-22,Completed,Bank Transfer,0.0
15724,5156,104,2025-05-22,Completed,Credit Card,0.0
15725,5767,107,2025-05-22,Completed,Apple Pay,0.0
15726,5967,101,2025-05-22,Completed,Bank Transfer,9.99
15727,5983,101,2025-05-22,Cancelled,PayPal,9.99
15728,5850,102,2025-05-22,Completed,PayPal,0.0
15729,6033,101,2025-05-22,Completed,Store Financing,9.99
15730,6343,102,2025-05-22,Completed,Bank Transfer,0.0
15731,6175,101,2025-05-23,Completed,Credit Card,9.99
15732,5550,105,2025-05-23,Completed,Credit Card,0.0
15733,5968,101,2025-05-23,Completed,Store Financing,9.99
15734,6393,101,2025-05-23,Completed,Bank Transfer,24.99
15735,6352,101,2025-05-23,Completed,Credit Card,14.99
15736,6008,101,2025-05-23,Returned,Store Financing,0.0
15737,6444,101,2025-05-23,Completed,PayPal,0.0
15738,5631,107,2025-05-23,Completed,Bank Transfer,0.0
15739,5302,101,2025-05-23,Completed,Bank Transfer,9.99
15740,6137,101,2025-05-23,Completed,Bank Transfer,9.99
15741,5126,101,2025-05-24,Completed,PayPal,9.99
15742,5246,101,2025-05-24,Completed,Store Financing,14.99
15743,6040,101,2025-05-24,Completed,PayPal,9.99
15744,5837,104,2025-05-24,Completed,Store Financing,0.0
15745,6024,101,2025-05-24,Completed,Apple Pay,24.99
15746,6368,101,2025-05-24,Completed,Bank Transfer,24.99
15747,6409,108,2025-05-24,Completed,Store Financing,0.0
15748,6436,101,2025-05-24,Completed,Credit Card,9.99
15749,5545,101,2025-05-24,Completed,PayPal,24.99
15750,5479,101,2025-05-24,Completed,Store Financing,0.0
15751,5916,107,2025-05-24,Completed,Apple Pay,0.0
15752,6282,101,2025-05-24,Completed,Credit Card,9.99
15753,6467,101,2025-05-25,Completed,Apple Pay,24.99
15754,5788,101,2025-05-25,Completed,Apple Pay,14.99
15755,6198,101,2025-05-25,Completed,Bank Transfer,9.99
15756,5126,103,2025-05-25,Completed,PayPal,0.0
15757,6478,101,2025-05-25,Completed,Credit Card,9.99
15758,5684,102,2025-05-25,Completed,Store Financing,0.0
15759,5732,103,2025-05-25,Returned,Store Financing,0.0
15760,5771,104,2025-05-25,Completed,Bank Transfer,0.0
15761,6113,108,2025-05-25,Completed,Apple Pay,0.0
15762,6180,101,2025-05-25,Completed,Apple Pay,24.99
15763,5950,101,2025-05-25,Completed,Credit Card,0.0
15764,5728,102,2025-05-25,Completed,PayPal,0.0
15765,5768,101,2025-05-25,Completed,Bank Transfer,9.99
15766,5298,101,2025-05-25,Completed,PayPal,9.99
15767,5409,101,2025-05-25,Completed,Bank Transfer,14.99
15768,5943,101,2025-05-25,Completed,PayPal,24.99
15769,5235,101,2025-05-26,Completed,Credit Card,0.0
15770,5389,107,2025-05-26,Completed,Apple Pay,0.0
15771,5630,101,2025-05-26,Completed,Store Financing,24.99
15772,5789,101,2025-05-26,Completed,Store Financing,0.0
15773,5544,101,2025-05-26,Completed,PayPal,14.99
15774,5555,101,2025-05-26,Completed,Store Financing,14.99
15775,5643,101,2025-05-26,Returned,Apple Pay,24.99
15776,5610,102,2025-05-26,Completed,PayPal,0.0
15777,5932,101,2025-05-26,Completed,Store Financing,9.99
15778,5654,101,2025-05-26,Completed,PayPal,24.99
15779,5466,101,2025-05-26,Completed,Credit Card,9.99
15780,6012,101,2025-05-26,Completed,Apple Pay,14.99
15781,6234,101,2025-05-26,Completed,Apple Pay,9.99
15782,5351,106,2025-05-26,Completed,Apple Pay,0.0
15783,6321,108,2025-05-27,Completed,Credit Card,0.0
15784,5967,101,2025-05-27,Completed,PayPal,9.99
15785,5822,102,2025-05-27,Completed,Credit Card,0.0
15786,5081,101,2025-05-27,Completed,Credit Card,14.99
15787,5500,101,2025-05-27,Completed,Credit Card,9.99
15788,6203,104,2025-05-27,Completed,PayPal,0.0
15789,5801,102,2025-05-27,Completed,PayPal,0.0
15790,5072,101,2025-05-27,Completed,Bank Transfer,0.0
15791,5679,101,2025-05-27,Completed,Credit Card,24.99
15792,5260,101,2025-05-27,Completed,Credit Card,24.99
15793,5481,101,2025-05-27,Returned,Bank Transfer,14.99
15794,5226,101,2025-05-27,Completed,Bank Transfer,9.99
15795,5877,101,2025-05-27,Completed,Store Financing,0.0
15796,6376,101,2025-05-28,Completed,Store Financing,9.99
15797,5345,101,2025-05-28,Completed,Bank Transfer,9.99
15798,6435,108,2025-05-28,Completed,Apple Pay,0.0
15799,5630,102,2025-05-28,Completed,Apple Pay,0.0
15800,6206,101,2025-05-28,Completed,Apple Pay,0.0
15801,6436,108,2025-05-28,Completed,Credit Card,0.0
15802,5753,101,2025-05-29,Completed,Bank Transfer,14.99
15803,5655,103,2025-05-29,Completed,Credit Card,0.0
15804,5254,102,2025-05-29,Completed,Apple Pay,0.0
15805,5557,107,2025-05-29,Completed,PayPal,0.0
15806,5938,101,2025-05-29,Completed,PayPal,0.0
15807,5679,105,2025-05-29,Completed,PayPal,0.0
15808,5244,101,2025-05-29,Completed,PayPal,14.99
15809,5860,101,2025-05-29,Completed,Apple Pay,14.99
15810,5226,108,2025-05-29,Completed,Bank Transfer,0.0
15811,6175,101,2025-05-29,Completed,Apple Pay,24.99
15812,5081,107,2025-05-30,Returned,Bank Transfer,0.0
15813,6312,101,2025-05-30,Completed,Store Financing,14.99
15814,5250,101,2025-05-30,Cancelled,Store Financing,14.99
15815,5987,101,2025-05-30,Completed,Store Financing,24.99
15816,5185,108,2025-05-30,Completed,Credit Card,0.0
15817,5136,101,2025-05-30,Completed,Store Financing,14.99
15818,5192,106,2025-05-30,Completed,Apple Pay,0.0
15819,6188,104,2025-05-30,Completed,Credit Card,0.0
15820,6086,101,2025-05-30,Completed,Apple Pay,14.99
15821,5390,101,2025-05-30,Completed,Credit Card,14.99
15822,5302,101,2025-05-30,Cancelled,Bank Transfer,14.99
15823,5888,106,2025-05-30,Completed,Store Financing,0.0
15824,6359,103,2025-05-31,Completed,Bank Transfer,0.0
15825,6137,101,2025-05-31,Completed,Credit Card,24.99
15826,6411,101,2025-05-31,Completed,Bank Transfer,0.0
15827,6480,101,2025-05-31,Completed,PayPal,9.99
15828,5630,102,2025-05-31,Completed,Credit Card,0.0
15829,5843,101,2025-05-31,Completed,Apple Pay,24.99
15830,5292,101,2025-05-31,Completed,Store Financing,0.0
15831,6165,101,2025-05-31,Completed,Store Financing,24.99
15832,6016,101,2025-05-31,Completed,PayPal,9.99
15833,6091,102,2025-05-31,Completed,Credit Card,0.0
15834,5389,101,2025-05-31,Completed,Apple Pay,0.0
15835,5892,101,2025-05-31,Completed,Credit Card,0.0
15836,5630,102,2025-05-31,Completed,Store Financing,0.0
15837,5729,102,2025-05-31,Completed,Bank Transfer,0.0
15838,6136,101,2025-05-31,Completed,Apple Pay,9.99
15839,5641,101,2025-05-31,Completed,Store Financing,14.99
15840,6230,101,2025-06-01,Completed,PayPal,14.99
15841,6016,101,2025-06-01,Completed,Bank Transfer,24.99
15842,5997,101,2025-06-01,Completed,Credit Card,9.99
15843,5356,102,2025-06-01,Completed,Bank Transfer,0.0
15844,5610,101,2025-06-01,Completed,Store Financing,0.0
15845,5918,101,2025-06-01,Completed,Apple Pay,9.99
15846,5474,107,2025-06-01,Completed,Apple Pay,0.0
15847,5028,101,2025-06-01,Cancelled,Bank Transfer,14.99
15848,5181,101,2025-06-01,Returned,Apple Pay,24.99
15849,5785,102,2025-06-01,Completed,Apple Pay,0.0
15850,5329,102,2025-06-01,Completed,Apple Pay,0.0
15851,5623,101,2025-06-01,Returned,Apple Pay,0.0
15852,5195,101,2025-06-01,Returned,Credit Card,0.0
15853,5110,101,2025-06-01,Completed,Apple Pay,0.0
15854,6273,105,2025-06-01,Returned,Bank Transfer,0.0
15855,6328,102,2025-06-01,Completed,PayPal,0.0
15856,5371,108,2025-06-01,Completed,Store Financing,0.0
15857,6033,108,2025-06-01,Completed,Apple Pay,0.0
15858,5030,101,2025-06-02,Completed,Bank Transfer,14.99
15859,6486,101,2025-06-02,Completed,PayPal,24.99
15860,5967,101,2025-06-02,Completed,Credit Card,24.99
15861,5542,101,2025-06-02,Completed,Store Financing,9.99
15862,6336,108,2025-06-02,Completed,Store Financing,0.0
15863,5007,101,2025-06-02,Completed,Bank Transfer,9.99
15864,5875,101,2025-06-02,Completed,Bank Transfer,0.0
15865,5713,101,2025-06-02,Completed,Apple Pay,9.99
15866,5160,108,2025-06-02,Completed,Bank Transfer,0.0
15867,5441,101,2025-06-02,Completed,Apple Pay,24.99
15868,5046,101,2025-06-03,Completed,PayPal,24.99
15869,5722,103,2025-06-03,Completed,PayPal,0.0
15870,5769,102,2025-06-03,Completed,Bank Transfer,0.0
15871,5334,101,2025-06-03,Completed,Store Financing,14.99
15872,5015,101,2025-06-03,Completed,Apple Pay,9.99
15873,5346,101,2025-06-03,Completed,Credit Card,14.99
15874,5500,101,2025-06-03,Completed,PayPal,9.99
15875,5250,101,2025-06-03,Completed,Bank Transfer,24.99
15876,6339,101,2025-06-03,Completed,Apple Pay,0.0
15877,5915,101,2025-06-03,Completed,Credit Card,14.99
15878,5916,101,2025-06-03,Completed,Store Financing,0.0
15879,5933,101,2025-06-03,Completed,Bank Transfer,14.99
15880,6436,108,2025-06-03,Completed,PayPal,0.0
15881,5713,101,2025-06-04,Completed,Credit Card,24.99
15882,5308,101,2025-06-04,Completed,PayPal,24.99
15883,5741,101,2025-06-04,Completed,PayPal,9.99
15884,5173,101,2025-06-04,Completed,Bank Transfer,9.99
15885,5400,101,2025-06-04,Completed,Credit Card,24.99
15886,6458,101,2025-06-04,Completed,PayPal,0.0
15887,5741,101,2025-06-04,Completed,Store Financing,9.99
15888,5126,101,2025-06-04,Completed,Apple Pay,9.99
15889,5652,101,2025-06-05,Completed,Bank Transfer,14.99
15890,6351,101,2025-06-05,Completed,Store Financing,0.0
15891,5013,104,2025-06-05,Completed,Credit Card,0.0
15892,5986,103,2025-06-05,Completed,Credit Card,0.0
15893,5418,101,2025-06-05,Cancelled,Store Financing,14.99
15894,6459,101,2025-06-05,Completed,Credit Card,9.99
15895,6210,101,2025-06-05,Completed,Store Financing,24.99
15896,6356,101,2025-06-05,Completed,Store Financing,14.99
15897,5652,103,2025-06-05,Completed,Bank Transfer,0.0
15898,5170,101,2025-06-05,Completed,Store Financing,24.99
15899,5080,102,2025-06-06,Completed,Store Financing,0.0
15900,5548,101,2025-06-06,Completed,Apple Pay,9.99
15901,5555,102,2025-06-06,Completed,Bank Transfer,0.0
15902,6252,101,2025-06-06,Completed,Apple Pay,14.99
15903,5638,102,2025-06-06,Completed,Apple Pay,0.0
15904,5282,101,2025-06-06,Completed,Bank Transfer,0.0
15905,5270,104,2025-06-06,Completed,PayPal,0.0
15906,5077,101,2025-06-07,Completed,PayPal,0.0
15907,5053,101,2025-06-07,Completed,Store Financing,24.99
15908,6220,101,2025-06-07,Completed,Credit Card,14.99
15909,6368,108,2025-06-07,Completed,PayPal,0.0
15910,6236,101,2025-06-07,Completed,Store Financing,0.0
15911,5250,101,2025-06-07,Completed,Bank Transfer,9.99
15912,5298,101,2025-06-07,Completed,Credit Card,0.0
15913,6150,101,2025-06-07,Completed,Bank Transfer,0.0
15914,5143,101,2025-06-07,Completed,Apple Pay,9.99
15915,5672,101,2025-06-07,Completed,Bank Transfer,9.99
15916,6172,108,2025-06-07,Completed,Store Financing,0.0
15917,6158,101,2025-06-07,Completed,Bank Transfer,24.99
15918,6486,101,2025-06-07,Completed,Store Financing,24.99
15919,6476,101,2025-06-07,Completed,Credit Card,14.99
15920,6462,101,2025-06-07,Completed,Bank Transfer,24.99
15921,5459,103,2025-06-07,Completed,Store Financing,0.0
15922,5508,101,2025-06-07,Completed,Credit Card,14.99
15923,5949,108,2025-06-07,Completed,PayPal,0.0
15924,5209,101,2025-06-07,Cancelled,Credit Card,0.0
15925,5552,108,2025-06-07,Completed,Apple Pay,0.0
15926,5198,101,2025-06-07,Completed,PayPal,24.99
15927,5277,104,2025-06-08,Completed,Apple Pay,0.0
15928,5741,101,2025-06-08,Completed,PayPal,14.99
15929,5457,101,2025-06-08,Returned,Bank Transfer,14.99
15930,5974,101,2025-06-08,Completed,PayPal,9.99
15931,6037,103,2025-06-08,Completed,Credit Card,0.0
15932,5302,101,2025-06-08,Completed,PayPal,0.0
15933,6135,101,2025-06-08,Completed,Apple Pay,14.99
15934,6394,101,2025-06-08,Completed,Apple Pay,9.99
15935,5197,101,2025-06-08,Completed,Store Financing,24.99
15936,6114,102,2025-06-08,Completed,PayPal,0.0
15937,5546,101,2025-06-08,Completed,Credit Card,24.99
15938,6215,103,2025-06-08,Completed,PayPal,0.0
15939,5352,101,2025-06-08,Completed,Apple Pay,24.99
15940,5680,101,2025-06-08,Completed,Apple Pay,9.99
15941,5025,101,2025-06-08,Returned,PayPal,0.0
15942,5346,104,2025-06-09,Completed,Apple Pay,0.0
15943,5333,101,2025-06-09,Completed,Apple Pay,14.99
15944,5164,101,2025-06-09,Completed,Credit Card,0.0
15945,6188,103,2025-06-09,Completed,Bank Transfer,0.0
15946,6012,101,2025-06-09,Completed,Apple Pay,0.0
15947,5500,107,2025-06-09,Completed,Apple Pay,0.0
15948,6453,101,2025-06-09,Completed,Bank Transfer,0.0
15949,6180,106,2025-06-09,Completed,Store Financing,0.0
15950,6048,101,2025-06-09,Completed,Store Financing,0.0
15951,5003,107,2025-06-09,Completed,PayPal,0.0
15952,5564,103,2025-06-09,Completed,Apple Pay,0.0
15953,5999,107,2025-06-09,Completed,Apple Pay,0.0
15954,5366,102,2025-06-09,Cancelled,Store Financing,0.0
15955,5932,101,2025-06-09,Completed,Store Financing,0.0
15956,5609,107,2025-06-09,Completed,Bank Transfer,0.0
15957,5508,107,2025-06-09,Completed,Store Financing,0.0
15958,6435,101,2025-06-10,Completed,Apple Pay,0.0
15959,6463,101,2025-06-10,Completed,Bank Transfer,9.99
15960,5228,101,2025-06-10,Completed,PayPal,24.99
15961,6252,101,2025-06-10,Completed,PayPal,14.99
15962,5137,101,2025-06-10,Completed,Apple Pay,24.99
15963,6033,108,2025-06-10,Completed,Credit Card,0.0
15964,5796,101,2025-06-10,Completed,PayPal,9.99
15965,5229,105,2025-06-10,Completed,Apple Pay,0.0
15966,6170,102,2025-06-10,Completed,PayPal,0.0
15967,5956,101,2025-06-10,Completed,Store Financing,9.99
15968,5277,101,2025-06-10,Returned,PayPal,9.99
15969,6130,106,2025-06-10,Completed,Apple Pay,0.0
15970,6143,104,2025-06-10,Completed,Bank Transfer,0.0
15971,5671,101,2025-06-10,Completed,Credit Card,0.0
15972,5658,101,2025-06-10,Completed,Apple Pay,24.99
15973,6167,101,2025-06-10,Completed,Apple Pay,14.99
15974,5188,103,2025-06-11,Completed,Store Financing,0.0
15975,5400,106,2025-06-11,Completed,Store Financing,0.0
15976,5601,101,2025-06-11,Completed,Credit Card,14.99
15977,5454,103,2025-06-11,Cancelled,Credit Card,0.0
15978,6394,103,2025-06-11,Completed,Bank Transfer,0.0
15979,5990,101,2025-06-11,Completed,Store Financing,9.99
15980,6476,102,2025-06-11,Completed,Bank Transfer,0.0
15981,5671,101,2025-06-11,Completed,Credit Card,14.99
15982,6436,107,2025-06-11,Completed,Credit Card,0.0
15983,5589,103,2025-06-11,Completed,Bank Transfer,0.0
15984,6016,101,2025-06-11,Completed,Apple Pay,14.99
15985,5166,101,2025-06-11,Completed,Store Financing,0.0
15986,6395,101,2025-06-11,Completed,Apple Pay,24.99
15987,6175,101,2025-06-12,Completed,Apple Pay,24.99
15988,5750,108,2025-06-12,Completed,Apple Pay,0.0
15989,5215,101,2025-06-12,Completed,Store Financing,9.99
15990,6276,101,2025-06-12,Completed,PayPal,14.99
15991,6443,102,2025-06-12,Completed,Store Financing,0.0
15992,5875,108,2025-06-12,Completed,PayPal,0.0
15993,5537,102,2025-06-12,Completed,Bank Transfer,0.0
15994,5503,101,2025-06-12,Completed,PayPal,9.99
15995,5418,102,2025-06-12,Completed,PayPal,0.0
15996,5883,101,2025-06-12,Completed,Bank Transfer,14.99
15997,5681,102,2025-06-12,Completed,Credit Card,0.0
15998,5629,105,2025-06-12,Completed,Bank Transfer,0.0
15999,5376,102,2025-06-12,Completed,Bank Transfer,0.0
16000,5383,101,2025-06-12,Completed,Bank Transfer,9.99
16001,5785,101,2025-06-12,Completed,Store Financing,14.99
16002,6409,108,2025-06-12,Completed,Credit Card,0.0
16003,6073,101,2025-06-13,Completed,Bank Transfer,9.99
16004,5505,102,2025-06-13,Completed,PayPal,0.0
16005,5585,101,2025-06-13,Completed,Apple Pay,9.99
16006,6274,105,2025-06-13,Returned,PayPal,0.0
16007,5122,101,2025-06-13,Completed,Credit Card,24.99
16008,5453,104,2025-06-13,Completed,Apple Pay,0.0
16009,5597,102,2025-06-13,Completed,Apple Pay,0.0
16010,6037,101,2025-06-13,Completed,PayPal,24.99
16011,6482,101,2025-06-13,Completed,Bank Transfer,9.99
16012,5657,108,2025-06-13,Completed,Credit Card,0.0
16013,5668,105,2025-06-13,Completed,Store Financing,0.0
16014,6395,105,2025-06-13,Completed,Bank Transfer,0.0
16015,5870,108,2025-06-13,Completed,Bank Transfer,0.0
16016,5891,108,2025-06-13,Completed,Bank Transfer,0.0
16017,5950,101,2025-06-13,Completed,Bank Transfer,9.99
16018,5143,104,2025-06-14,Completed,Apple Pay,0.0
16019,5756,103,2025-06-14,Completed,Store Financing,0.0
16020,6074,107,2025-06-14,Completed,PayPal,0.0
16021,6089,101,2025-06-14,Completed,Bank Transfer,24.99
16022,6089,105,2025-06-14,Completed,Bank Transfer,0.0
16023,6008,101,2025-06-14,Completed,Apple Pay,0.0
16024,5500,101,2025-06-14,Completed,Store Financing,24.99
16025,5297,101,2025-06-14,Completed,PayPal,9.99
16026,5058,101,2025-06-14,Returned,Store Financing,14.99
16027,5970,107,2025-06-14,Completed,Credit Card,0.0
16028,5063,101,2025-06-15,Returned,Credit Card,9.99
16029,6146,101,2025-06-15,Completed,Apple Pay,9.99
16030,6328,102,2025-06-15,Completed,Bank Transfer,0.0
16031,5174,103,2025-06-15,Completed,Credit Card,0.0
16032,5713,101,2025-06-15,Completed,Apple Pay,14.99
16033,6318,107,2025-06-15,Completed,Apple Pay,0.0
16034,5742,101,2025-06-15,Completed,Bank Transfer,14.99
16035,5185,101,2025-06-15,Completed,Credit Card,24.99
16036,5135,108,2025-06-15,Completed,Store Financing,0.0
16037,5152,101,2025-06-15,Returned,Credit Card,14.99
16038,5364,101,2025-06-15,Completed,Store Financing,24.99
16039,5577,106,2025-06-15,Completed,PayPal,0.0
16040,5802,101,2025-06-15,Completed,Store Financing,9.99
16041,6253,105,2025-06-15,Completed,Bank Transfer,0.0
16042,6137,108,2025-06-15,Completed,PayPal,0.0
16043,5889,101,2025-06-16,Completed,Bank Transfer,24.99
16044,5238,104,2025-06-16,Cancelled,Bank Transfer,0.0
16045,5126,101,2025-06-16,Completed,PayPal,9.99
16046,5072,102,2025-06-16,Cancelled,Store Financing,0.0
16047,5771,103,2025-06-16,Completed,Bank Transfer,0.0
16048,5283,108,2025-06-16,Completed,Store Financing,0.0
16049,5867,102,2025-06-16,Completed,Store Financing,0.0
16050,5806,107,2025-06-16,Completed,PayPal,0.0
16051,6482,101,2025-06-16,Completed,Bank Transfer,14.99
16052,6025,104,2025-06-16,Completed,PayPal,0.0
16053,6383,107,2025-06-16,Completed,PayPal,0.0
16054,5853,106,2025-06-16,Completed,Store Financing,0.0
16055,6421,101,2025-06-17,Completed,Store Financing,0.0
16056,6411,101,2025-06-17,Completed,Bank Transfer,9.99
16057,6207,101,2025-06-17,Completed,PayPal,9.99
16058,5657,107,2025-06-17,Completed,Credit Card,0.0
16059,5943,101,2025-06-17,Completed,Credit Card,9.99
16060,5265,101,2025-06-17,Completed,Apple Pay,9.99
16061,5597,101,2025-06-17,Completed,Credit Card,14.99
16062,5734,105,2025-06-17,Completed,Credit Card,0.0
16063,5968,101,2025-06-17,Completed,Credit Card,9.99
16064,6259,101,2025-06-17,Completed,Apple Pay,9.99
16065,5618,101,2025-06-17,Completed,Bank Transfer,24.99
16066,5201,106,2025-06-18,Completed,Store Financing,0.0
16067,6185,104,2025-06-18,Completed,Apple Pay,0.0
16068,5652,101,2025-06-18,Completed,Store Financing,9.99
16069,5287,101,2025-06-18,Completed,Bank Transfer,24.99
16070,5638,102,2025-06-18,Completed,Bank Transfer,0.0
16071,5844,105,2025-06-18,Returned,Bank Transfer,0.0
16072,5544,103,2025-06-18,Completed,Store Financing,0.0
16073,6075,101,2025-06-18,Returned,PayPal,0.0
16074,5109,101,2025-06-18,Completed,Bank Transfer,0.0
16075,5897,101,2025-06-18,Completed,Apple Pay,9.99
16076,5063,101,2025-06-18,Completed,Credit Card,24.99
16077,5087,101,2025-06-18,Completed,Bank Transfer,0.0
16078,5346,104,2025-06-18,Completed,Bank Transfer,0.0
16079,5453,104,2025-06-18,Completed,Store Financing,0.0
16080,6074,108,2025-06-18,Completed,Bank Transfer,0.0
16081,5839,101,2025-06-18,Completed,Store Financing,0.0
16082,6375,101,2025-06-19,Completed,Apple Pay,9.99
16083,5025,104,2025-06-19,Completed,Bank Transfer,0.0
16084,6229,101,2025-06-19,Completed,Bank Transfer,0.0
16085,5175,101,2025-06-19,Completed,Credit Card,24.99
16086,6184,101,2025-06-19,Completed,Apple Pay,0.0
16087,5967,103,2025-06-19,Completed,Apple Pay,0.0
16088,5537,102,2025-06-19,Completed,PayPal,0.0
16089,5329,102,2025-06-19,Completed,PayPal,0.0
16090,5017,101,2025-06-19,Completed,Apple Pay,14.99
16091,5537,101,2025-06-19,Completed,PayPal,14.99
16092,5273,101,2025-06-19,Returned,Store Financing,14.99
16093,6203,101,2025-06-20,Completed,Credit Card,24.99
16094,5930,102,2025-06-20,Cancelled,Apple Pay,0.0
16095,5319,101,2025-06-20,Completed,Store Financing,9.99
16096,6041,101,2025-06-20,Completed,Store Financing,0.0
16097,6054,102,2025-06-20,Completed,Credit Card,0.0
16098,5087,104,2025-06-20,Returned,Credit Card,0.0
16099,6464,101,2025-06-20,Completed,Store Financing,24.99
16100,6319,101,2025-06-20,Completed,Apple Pay,24.99
16101,5713,102,2025-06-20,Completed,Apple Pay,0.0
16102,5801,102,2025-06-20,Completed,Store Financing,0.0
16103,5290,106,2025-06-20,Completed,PayPal,0.0
16104,5545,101,2025-06-20,Completed,Store Financing,14.99
16105,5999,101,2025-06-20,Completed,Apple Pay,0.0
16106,6395,105,2025-06-21,Completed,Store Financing,0.0
16107,6045,101,2025-06-21,Completed,Bank Transfer,0.0
16108,5186,101,2025-06-21,Completed,Apple Pay,9.99
16109,5320,102,2025-06-21,Cancelled,Apple Pay,0.0
16110,6024,101,2025-06-21,Completed,Store Financing,24.99
16111,6421,104,2025-06-21,Completed,Bank Transfer,0.0
16112,5722,103,2025-06-21,Completed,Store Financing,0.0
16113,6336,101,2025-06-21,Completed,Store Financing,14.99
16114,6368,101,2025-06-21,Completed,Apple Pay,14.99
16115,6336,101,2025-06-22,Completed,Credit Card,0.0
16116,6292,101,2025-06-22,Completed,Credit Card,14.99
16117,5376,101,2025-06-22,Completed,PayPal,14.99
16118,5694,101,2025-06-22,Cancelled,Bank Transfer,0.0
16119,6268,102,2025-06-22,Completed,Bank Transfer,0.0
16120,6320,101,2025-06-22,Completed,Apple Pay,0.0
16121,5197,101,2025-06-22,Cancelled,Bank Transfer,24.99
16122,6461,101,2025-06-22,Returned,Store Financing,14.99
16123,6171,101,2025-06-22,Completed,Credit Card,0.0
16124,5993,101,2025-06-22,Completed,Bank Transfer,9.99
16125,5119,101,2025-06-22,Completed,Bank Transfer,24.99
16126,5814,105,2025-06-22,Completed,Store Financing,0.0
16127,6468,107,2025-06-23,Completed,Bank Transfer,0.0
16128,5304,101,2025-06-23,Completed,Credit Card,24.99
16129,6498,101,2025-06-23,Completed,Apple Pay,9.99
16130,6441,101,2025-06-23,Completed,Apple Pay,14.99
16131,6143,103,2025-06-23,Cancelled,Store Financing,0.0
16132,6044,102,2025-06-23,Completed,Credit Card,0.0
16133,6480,101,2025-06-23,Completed,Store Financing,0.0
16134,6297,106,2025-06-23,Completed,Store Financing,0.0
16135,5687,101,2025-06-23,Completed,Store Financing,24.99
16136,5320,101,2025-06-23,Completed,Store Financing,14.99
16137,6441,101,2025-06-23,Cancelled,PayPal,0.0
16138,5215,101,2025-06-23,Completed,Apple Pay,9.99
16139,5193,101,2025-06-23,Completed,Apple Pay,0.0
16140,5015,101,2025-06-23,Returned,Apple Pay,0.0
16141,6488,101,2025-06-23,Returned,PayPal,24.99
16142,5733,101,2025-06-23,Cancelled,Apple Pay,9.99
16143,6097,101,2025-06-24,Completed,PayPal,0.0
16144,5601,103,2025-06-24,Completed,Bank Transfer,0.0
16145,5293,101,2025-06-24,Cancelled,Credit Card,14.99
16146,5119,101,2025-06-24,Completed,Apple Pay,24.99
16147,5602,108,2025-06-24,Completed,Credit Card,0.0
16148,6213,101,2025-06-24,Completed,Credit Card,9.99
16149,5521,101,2025-06-24,Completed,Credit Card,24.99
16150,5331,101,2025-06-24,Completed,Credit Card,9.99
16151,5663,101,2025-06-24,Completed,Apple Pay,24.99
16152,6215,103,2025-06-24,Completed,Apple Pay,0.0
16153,5468,108,2025-06-24,Completed,PayPal,0.0
16154,5143,103,2025-06-24,Completed,PayPal,0.0
16155,6365,101,2025-06-24,Completed,Store Financing,9.99
16156,5787,103,2025-06-24,Completed,PayPal,0.0
16157,5021,101,2025-06-24,Completed,Apple Pay,0.0
16158,5147,106,2025-06-24,Cancelled,Apple Pay,0.0
16159,5919,101,2025-06-24,Completed,Apple Pay,0.0
16160,5852,108,2025-06-25,Returned,Store Financing,0.0
16161,5814,101,2025-06-25,Completed,Bank Transfer,14.99
16162,6411,108,2025-06-25,Completed,Credit Card,0.0
16163,6228,103,2025-06-25,Completed,Bank Transfer,0.0
16164,5614,101,2025-06-25,Completed,Apple Pay,9.99
16165,5009,103,2025-06-25,Completed,PayPal,0.0
16166,5087,104,2025-06-25,Completed,Store Financing,0.0
16167,6394,104,2025-06-25,Completed,Credit Card,0.0
16168,5959,101,2025-06-25,Completed,Apple Pay,14.99
16169,6272,101,2025-06-25,Completed,Apple Pay,14.99
16170,6266,101,2025-06-25,Cancelled,Apple Pay,0.0
16171,6325,102,2025-06-26,Completed,Credit Card,0.0
16172,5884,101,2025-06-26,Completed,PayPal,9.99
16173,6484,108,2025-06-26,Completed,Bank Transfer,0.0
16174,6328,102,2025-06-26,Cancelled,Store Financing,0.0
16175,6477,101,2025-06-26,Returned,Store Financing,14.99
16176,5658,101,2025-06-26,Completed,PayPal,14.99
16177,5007,104,2025-06-26,Completed,Credit Card,0.0
16178,6016,101,2025-06-26,Completed,PayPal,0.0
16179,6045,101,2025-06-26,Completed,Credit Card,14.99
16180,6151,108,2025-06-26,Completed,Bank Transfer,0.0
16181,5738,104,2025-06-26,Completed,PayPal,0.0
16182,5860,104,2025-06-26,Completed,Credit Card,0.0
16183,5078,101,2025-06-26,Completed,Store Financing,9.99
16184,6140,102,2025-06-26,Completed,Apple Pay,0.0
16185,5170,101,2025-06-26,Completed,PayPal,24.99
16186,5063,104,2025-06-26,Completed,PayPal,0.0
16187,5646,101,2025-06-26,Completed,Bank Transfer,24.99
16188,6357,101,2025-06-27,Completed,Credit Card,24.99
16189,5047,106,2025-06-27,Completed,Bank Transfer,0.0
16190,6018,105,2025-06-27,Completed,Store Financing,0.0
16191,5987,107,2025-06-27,Completed,Bank Transfer,0.0
16192,6118,101,2025-06-27,Completed,Credit Card,14.99
16193,5150,102,2025-06-27,Completed,Apple Pay,0.0
16194,6491,102,2025-06-27,Completed,Apple Pay,0.0
16195,5926,101,2025-06-27,Completed,PayPal,14.99
16196,6171,102,2025-06-27,Returned,Credit Card,0.0
16197,6293,101,2025-06-27,Completed,Credit Card,24.99
16198,5110,101,2025-06-27,Completed,PayPal,0.0
16199,5844,105,2025-06-27,Completed,Apple Pay,0.0
16200,6346,102,2025-06-28,Completed,Bank Transfer,0.0
16201,6426,101,2025-06-28,Completed,Apple Pay,14.99
16202,6213,101,2025-06-28,Completed,Apple Pay,24.99
16203,6220,104,2025-06-28,Completed,PayPal,0.0
16204,6286,105,2025-06-28,Completed,Apple Pay,0.0
16205,6180,101,2025-06-28,Completed,Store Financing,0.0
16206,6395,101,2025-06-28,Completed,Apple Pay,24.99
16207,5160,107,2025-06-28,Completed,PayPal,0.0
16208,5629,106,2025-06-28,Returned,PayPal,0.0
16209,5173,101,2025-06-28,Completed,Apple Pay,0.0
16210,5564,101,2025-06-28,Completed,PayPal,9.99
16211,5952,101,2025-06-28,Completed,Apple Pay,9.99
16212,5518,101,2025-06-29,Completed,Apple Pay,24.99
16213,6373,101,2025-06-29,Completed,Store Financing,9.99
16214,6441,101,2025-06-29,Returned,PayPal,0.0
16215,5914,101,2025-06-29,Completed,Store Financing,24.99
16216,6175,101,2025-06-29,Completed,Bank Transfer,0.0
16217,6122,104,2025-06-29,Completed,PayPal,0.0
16218,5655,101,2025-06-29,Cancelled,Credit Card,0.0
16219,5783,101,2025-06-29,Completed,Bank Transfer,9.99
16220,6202,108,2025-06-29,Completed,Bank Transfer,0.0
16221,5410,101,2025-06-30,Completed,Store Financing,24.99
16222,6260,101,2025-06-30,Completed,Bank Transfer,0.0
16223,5469,107,2025-06-30,Returned,Bank Transfer,0.0
16224,6353,104,2025-06-30,Completed,Apple Pay,0.0
16225,6436,108,2025-06-30,Completed,Apple Pay,0.0
16226,6486,108,2025-06-30,Completed,Apple Pay,0.0
16227,5468,101,2025-06-30,Completed,PayPal,0.0
16228,5224,101,2025-07-01,Completed,Store Financing,14.99
16229,6040,101,2025-07-01,Completed,Apple Pay,9.99
16230,5647,101,2025-07-01,Completed,Bank Transfer,0.0
16231,5971,101,2025-07-01,Completed,Bank Transfer,24.99
16232,6196,104,2025-07-01,Completed,Store Financing,0.0
16233,5410,101,2025-07-01,Completed,Store Financing,0.0
16234,6091,101,2025-07-01,Cancelled,Store Financing,14.99
16235,5147,101,2025-07-01,Completed,Bank Transfer,0.0
16236,5367,101,2025-07-01,Completed,Bank Transfer,14.99
16237,5418,101,2025-07-01,Completed,PayPal,14.99
16238,5792,103,2025-07-01,Completed,Store Financing,0.0
16239,6251,101,2025-07-02,Completed,PayPal,0.0
16240,6273,101,2025-07-02,Completed,Store Financing,14.99
16241,5080,101,2025-07-02,Completed,Bank Transfer,24.99
16242,5202,104,2025-07-02,Completed,Bank Transfer,0.0
16243,5345,101,2025-07-02,Completed,Store Financing,9.99
16244,5382,101,2025-07-02,Completed,Bank Transfer,9.99
16245,6421,101,2025-07-02,Completed,Store Financing,14.99
16246,6426,101,2025-07-02,Completed,Credit Card,24.99
16247,6409,101,2025-07-03,Completed,PayPal,0.0
16248,6326,103,2025-07-03,Completed,PayPal,0.0
16249,6045,104,2025-07-03,Completed,Store Financing,0.0
16250,6148,107,2025-07-03,Completed,PayPal,0.0
16251,5940,101,2025-07-03,Completed,Credit Card,14.99
16252,5704,101,2025-07-03,Completed,Bank Transfer,9.99
16253,5586,106,2025-07-03,Completed,Store Financing,0.0
16254,6010,101,2025-07-03,Completed,Credit Card,0.0
16255,5353,102,2025-07-03,Completed,Apple Pay,0.0
16256,5219,101,2025-07-03,Completed,PayPal,24.99
16257,6137,101,2025-07-03,Completed,PayPal,0.0
16258,5270,101,2025-07-03,Completed,Bank Transfer,14.99
16259,5080,102,2025-07-03,Completed,Credit Card,0.0
16260,6361,101,2025-07-03,Completed,Bank Transfer,24.99
16261,6183,101,2025-07-03,Completed,Apple Pay,14.99
16262,6260,104,2025-07-03,Completed,Apple Pay,0.0
16263,5967,103,2025-07-03,Completed,PayPal,0.0
16264,6119,101,2025-07-04,Completed,Bank Transfer,24.99
16265,5994,101,2025-07-04,Completed,Bank Transfer,0.0
16266,5544,103,2025-07-04,Completed,Apple Pay,0.0
16267,6315,103,2025-07-04,Completed,Store Financing,0.0
16268,5320,101,2025-07-04,Completed,Store Financing,0.0
16269,5376,101,2025-07-04,Completed,Bank Transfer,9.99
16270,6024,104,2025-07-04,Completed,Credit Card,0.0
16271,6476,101,2025-07-04,Completed,Bank Transfer,0.0
16272,5170,101,2025-07-04,Completed,PayPal,14.99
16273,5368,104,2025-07-04,Completed,Apple Pay,0.0
16274,5453,101,2025-07-04,Completed,Credit Card,9.99
16275,5884,101,2025-07-04,Completed,Store Financing,24.99
16276,5309,108,2025-07-04,Completed,Bank Transfer,0.0
16277,6339,104,2025-07-05,Completed,Bank Transfer,0.0
16278,6476,101,2025-07-05,Completed,Store Financing,14.99
16279,6315,101,2025-07-05,Completed,Bank Transfer,14.99
16280,5734,101,2025-07-05,Completed,Bank Transfer,24.99
16281,5244,101,2025-07-05,Completed,Store Financing,9.99
16282,5492,108,2025-07-05,Completed,Credit Card,0.0
16283,5371,101,2025-07-05,Completed,Bank Transfer,0.0
16284,5540,101,2025-07-05,Completed,Bank Transfer,0.0
16285,6262,103,2025-07-05,Completed,Store Financing,0.0
16286,5418,101,2025-07-05,Completed,Credit Card,9.99
16287,5009,101,2025-07-05,Completed,Apple Pay,24.99
16288,6482,101,2025-07-05,Completed,Bank Transfer,0.0
16289,5283,101,2025-07-05,Completed,Apple Pay,14.99
16290,5126,104,2025-07-06,Completed,PayPal,0.0
16291,6409,107,2025-07-06,Completed,Apple Pay,0.0
16292,6479,104,2025-07-06,Completed,Apple Pay,0.0
16293,6011,101,2025-07-06,Completed,Store Financing,14.99
16294,5958,102,2025-07-06,Completed,Bank Transfer,0.0
16295,5956,101,2025-07-06,Completed,PayPal,0.0
16296,5159,101,2025-07-06,Completed,PayPal,24.99
16297,5687,101,2025-07-06,Completed,Bank Transfer,14.99
16298,6417,108,2025-07-06,Completed,Apple Pay,0.0
16299,5334,101,2025-07-06,Completed,Credit Card,0.0
16300,5420,101,2025-07-07,Completed,Bank Transfer,24.99
16301,5277,101,2025-07-07,Completed,PayPal,24.99
16302,5351,101,2025-07-07,Completed,Store Financing,14.99
16303,5831,102,2025-07-07,Completed,Store Financing,0.0
16304,6137,107,2025-07-07,Completed,Credit Card,0.0
16305,6326,101,2025-07-07,Completed,Bank Transfer,24.99
16306,6143,101,2025-07-07,Completed,Store Financing,24.99
16307,5950,101,2025-07-07,Completed,PayPal,9.99
16308,5704,108,2025-07-07,Completed,Bank Transfer,0.0
16309,5080,101,2025-07-07,Completed,Apple Pay,0.0
16310,6180,101,2025-07-07,Completed,Apple Pay,0.0
16311,6117,106,2025-07-07,Completed,Store Financing,0.0
16312,5150,101,2025-07-07,Completed,Store Financing,0.0
16313,6147,101,2025-07-07,Returned,Credit Card,0.0
16314,6436,101,2025-07-07,Completed,Credit Card,14.99
16315,5889,101,2025-07-07,Completed,PayPal,0.0
16316,5466,101,2025-07-08,Completed,Bank Transfer,24.99
16317,6040,101,2025-07-08,Completed,Bank Transfer,24.99
16318,5081,101,2025-07-08,Completed,Store Financing,9.99
16319,5201,106,2025-07-08,Completed,Store Financing,0.0
16320,5312,101,2025-07-08,Completed,Store Financing,14.99
16321,5251,104,2025-07-08,Completed,Credit Card,0.0
16322,6170,101,2025-07-08,Cancelled,PayPal,0.0
16323,5521,103,2025-07-08,Completed,Credit Card,0.0
16324,6183,108,2025-07-08,Completed,Bank Transfer,0.0
16325,5825,101,2025-07-08,Completed,Bank Transfer,0.0
16326,6075,101,2025-07-08,Completed,Bank Transfer,24.99
16327,6220,103,2025-07-08,Completed,Bank Transfer,0.0
16328,5658,102,2025-07-08,Completed,Credit Card,0.0
16329,6462,106,2025-07-08,Completed,Bank Transfer,0.0
16330,6079,101,2025-07-08,Completed,PayPal,14.99
16331,6318,101,2025-07-09,Completed,Bank Transfer,9.99
16332,5034,103,2025-07-09,Completed,Credit Card,0.0
16333,6491,101,2025-07-09,Completed,PayPal,0.0
16334,5272,103,2025-07-09,Completed,Store Financing,0.0
16335,5854,102,2025-07-09,Returned,Credit Card,0.0
16336,6411,108,2025-07-09,Completed,Store Financing,0.0
16337,6497,101,2025-07-09,Completed,PayPal,24.99
16338,6336,108,2025-07-09,Completed,Credit Card,0.0
16339,5706,101,2025-07-09,Completed,Apple Pay,9.99
16340,5441,101,2025-07-09,Completed,Apple Pay,14.99
16341,5822,101,2025-07-09,Completed,PayPal,24.99
16342,5599,108,2025-07-09,Completed,Apple Pay,0.0
16343,5966,101,2025-07-09,Completed,PayPal,14.99
16344,5109,102,2025-07-09,Completed,PayPal,0.0
16345,5114,107,2025-07-09,Completed,Credit Card,0.0
16346,6098,101,2025-07-10,Cancelled,Apple Pay,14.99
16347,5073,101,2025-07-10,Completed,Bank Transfer,9.99
16348,5235,101,2025-07-10,Completed,Credit Card,24.99
16349,5021,103,2025-07-10,Completed,PayPal,0.0
16350,5889,101,2025-07-10,Completed,PayPal,9.99
16351,6033,107,2025-07-10,Cancelled,Bank Transfer,0.0
16352,5768,101,2025-07-10,Completed,Store Financing,14.99
16353,5722,101,2025-07-10,Completed,PayPal,14.99
16354,6356,104,2025-07-10,Completed,Credit Card,0.0
16355,5908,101,2025-07-10,Completed,Bank Transfer,14.99
16356,5852,107,2025-07-10,Completed,PayPal,0.0
16357,6399,101,2025-07-11,Completed,Store Financing,24.99
16358,5729,101,2025-07-11,Completed,Apple Pay,24.99
16359,5753,101,2025-07-11,Completed,PayPal,24.99
16360,5193,101,2025-07-11,Cancelled,PayPal,14.99
16361,6458,101,2025-07-11,Completed,PayPal,9.99
16362,5643,106,2025-07-11,Completed,PayPal,0.0
16363,5954,102,2025-07-11,Completed,Bank Transfer,0.0
16364,5198,106,2025-07-11,Completed,Store Financing,0.0
16365,6402,107,2025-07-11,Completed,Credit Card,0.0
16366,6213,104,2025-07-11,Completed,PayPal,0.0
16367,5831,101,2025-07-11,Returned,Apple Pay,0.0
16368,6143,101,2025-07-11,Completed,PayPal,0.0
16369,6399,107,2025-07-11,Completed,Store Financing,0.0
16370,5645,103,2025-07-11,Completed,Store Financing,0.0
16371,5565,108,2025-07-11,Completed,Store Financing,0.0
16372,6409,101,2025-07-12,Completed,PayPal,14.99
16373,5100,101,2025-07-12,Completed,Credit Card,0.0
16374,5666,101,2025-07-12,Completed,Bank Transfer,24.99
16375,5219,106,2025-07-12,Completed,Credit Card,0.0
16376,5044,101,2025-07-12,Completed,Credit Card,9.99
16377,5370,101,2025-07-12,Cancelled,Bank Transfer,0.0
16378,6023,101,2025-07-12,Completed,Bank Transfer,14.99
16379,6298,105,2025-07-12,Completed,Store Financing,0.0
16380,6159,101,2025-07-12,Completed,PayPal,14.99
16381,6179,102,2025-07-12,Cancelled,PayPal,0.0
16382,5537,101,2025-07-12,Completed,Bank Transfer,0.0
16383,5564,101,2025-07-12,Completed,Credit Card,14.99
16384,5642,101,2025-07-12,Completed,PayPal,14.99
16385,5916,101,2025-07-12,Completed,Credit Card,9.99
16386,5586,101,2025-07-12,Completed,Apple Pay,24.99
16387,5856,101,2025-07-12,Completed,Credit Card,14.99
16388,6122,104,2025-07-12,Completed,Bank Transfer,0.0
16389,5931,102,2025-07-12,Completed,Credit Card,0.0
16390,6016,101,2025-07-13,Completed,Credit Card,0.0
16391,5460,101,2025-07-13,Completed,Apple Pay,24.99
16392,5780,101,2025-07-13,Completed,PayPal,14.99
16393,5915,101,2025-07-13,Completed,Apple Pay,14.99
16394,6104,107,2025-07-13,Completed,Bank Transfer,0.0
16395,6094,102,2025-07-13,Completed,PayPal,0.0
16396,6237,104,2025-07-13,Completed,Bank Transfer,0.0
16397,5602,101,2025-07-13,Completed,Bank Transfer,0.0
16398,5477,101,2025-07-13,Completed,Apple Pay,9.99
16399,5598,101,2025-07-14,Completed,PayPal,9.99
16400,5999,101,2025-07-14,Completed,Apple Pay,14.99
16401,5915,101,2025-07-14,Completed,Credit Card,9.99
16402,5251,103,2025-07-14,Completed,Apple Pay,0.0
16403,5907,103,2025-07-14,Completed,Bank Transfer,0.0
16404,5646,101,2025-07-14,Completed,Credit Card,0.0
16405,5629,101,2025-07-14,Completed,Bank Transfer,0.0
16406,6441,106,2025-07-14,Completed,Apple Pay,0.0
16407,5941,108,2025-07-14,Completed,Credit Card,0.0
16408,5651,101,2025-07-14,Completed,Store Financing,0.0
16409,5138,101,2025-07-14,Completed,Bank Transfer,24.99
16410,5642,101,2025-07-14,Completed,Credit Card,14.99
16411,6349,101,2025-07-14,Completed,PayPal,14.99
16412,5852,101,2025-07-15,Completed,Bank Transfer,0.0
16413,6021,106,2025-07-15,Completed,Bank Transfer,0.0
16414,5274,101,2025-07-15,Completed,PayPal,24.99
16415,5751,101,2025-07-15,Completed,Bank Transfer,0.0
16416,6252,101,2025-07-15,Completed,Bank Transfer,24.99
16417,6134,102,2025-07-15,Cancelled,Bank Transfer,0.0
16418,5938,107,2025-07-15,Completed,Apple Pay,0.0
16419,5891,108,2025-07-16,Completed,Apple Pay,0.0
16420,5559,106,2025-07-16,Completed,Credit Card,0.0
16421,6068,107,2025-07-16,Completed,Store Financing,0.0
16422,5250,106,2025-07-16,Completed,Apple Pay,0.0
16423,6426,102,2025-07-16,Completed,Bank Transfer,0.0
16424,5889,101,2025-07-16,Completed,PayPal,24.99
16425,6441,101,2025-07-16,Completed,Apple Pay,0.0
16426,5427,105,2025-07-16,Completed,Bank Transfer,0.0
16427,5215,101,2025-07-16,Completed,PayPal,0.0
16428,5081,101,2025-07-16,Completed,PayPal,9.99
16429,5983,101,2025-07-16,Completed,Bank Transfer,0.0
16430,5867,102,2025-07-16,Completed,Credit Card,0.0
16431,5431,101,2025-07-16,Completed,Bank Transfer,24.99
16432,6170,101,2025-07-17,Completed,Apple Pay,9.99
16433,5127,101,2025-07-17,Completed,PayPal,14.99
16434,5468,101,2025-07-17,Completed,Store Financing,14.99
16435,6326,101,2025-07-17,Completed,Store Financing,14.99
16436,6170,102,2025-07-17,Completed,Credit Card,0.0
16437,6464,101,2025-07-17,Completed,PayPal,0.0
16438,6319,105,2025-07-17,Completed,Store Financing,0.0
16439,5017,105,2025-07-17,Completed,PayPal,0.0
16440,6396,101,2025-07-17,Completed,Store Financing,14.99
16441,6374,106,2025-07-17,Completed,Bank Transfer,0.0
16442,5389,101,2025-07-17,Completed,Bank Transfer,24.99
16443,6234,106,2025-07-17,Completed,Credit Card,0.0
16444,6349,102,2025-07-17,Completed,Credit Card,0.0
16445,6127,101,2025-07-17,Completed,Bank Transfer,24.99
16446,5602,101,2025-07-17,Completed,Bank Transfer,0.0
16447,6340,101,2025-07-18,Completed,Store Financing,24.99
16448,5401,101,2025-07-18,Returned,PayPal,14.99
16449,5382,104,2025-07-18,Completed,Store Financing,0.0
16450,5969,101,2025-07-18,Completed,Store Financing,0.0
16451,5002,102,2025-07-18,Completed,PayPal,0.0
16452,5674,107,2025-07-18,Completed,Store Financing,0.0
16453,5200,103,2025-07-18,Completed,Store Financing,0.0
16454,5134,101,2025-07-18,Completed,Credit Card,14.99
16455,5114,101,2025-07-18,Completed,Credit Card,9.99
16456,6247,101,2025-07-18,Completed,Bank Transfer,0.0
16457,5196,101,2025-07-18,Completed,PayPal,14.99
16458,5262,101,2025-07-18,Completed,Apple Pay,9.99
16459,6171,102,2025-07-19,Completed,Bank Transfer,0.0
16460,5587,105,2025-07-19,Completed,Store Financing,0.0
16461,5733,101,2025-07-19,Completed,Apple Pay,9.99
16462,5967,101,2025-07-19,Completed,Bank Transfer,24.99
16463,5391,101,2025-07-19,Completed,PayPal,9.99
16464,5342,102,2025-07-19,Completed,PayPal,0.0
16465,5229,101,2025-07-19,Completed,PayPal,24.99
16466,5780,101,2025-07-19,Completed,Apple Pay,9.99
16467,6436,101,2025-07-19,Completed,Apple Pay,9.99
16468,5119,101,2025-07-19,Completed,PayPal,0.0
16469,6113,101,2025-07-19,Completed,PayPal,24.99
16470,5464,101,2025-07-19,Completed,PayPal,0.0
16471,6318,101,2025-07-19,Completed,Apple Pay,24.99
16472,5170,106,2025-07-19,Completed,Credit Card,0.0
16473,5789,101,2025-07-19,Completed,PayPal,0.0
16474,5103,101,2025-07-19,Completed,Apple Pay,24.99
16475,5039,101,2025-07-19,Completed,Apple Pay,9.99
16476,5385,101,2025-07-19,Completed,Apple Pay,0.0
16477,5396,102,2025-07-19,Completed,Apple Pay,0.0
16478,5295,101,2025-07-19,Completed,PayPal,14.99
16479,5468,101,2025-07-19,Completed,Credit Card,9.99
16480,5786,104,2025-07-20,Returned,Apple Pay,0.0
16481,5787,104,2025-07-20,Completed,Credit Card,0.0
16482,6040,102,2025-07-20,Completed,PayPal,0.0
16483,6463,101,2025-07-20,Returned,Credit Card,9.99
16484,5133,102,2025-07-20,Completed,Credit Card,0.0
16485,5033,101,2025-07-20,Completed,Store Financing,24.99
16486,5609,101,2025-07-20,Returned,PayPal,0.0
16487,6339,104,2025-07-20,Completed,PayPal,0.0
16488,5609,101,2025-07-20,Completed,PayPal,0.0
16489,6005,103,2025-07-20,Completed,Apple Pay,0.0
16490,5483,105,2025-07-20,Completed,Store Financing,0.0
16491,5122,101,2025-07-20,Completed,Credit Card,14.99
16492,5418,101,2025-07-20,Completed,Credit Card,9.99
16493,6191,101,2025-07-20,Completed,Bank Transfer,14.99
16494,5617,106,2025-07-20,Completed,Apple Pay,0.0
16495,5646,101,2025-07-20,Completed,Apple Pay,14.99
16496,6274,106,2025-07-20,Completed,Credit Card,0.0
16497,5209,102,2025-07-20,Completed,Bank Transfer,0.0
16498,6352,101,2025-07-20,Completed,Bank Transfer,0.0
16499,6292,101,2025-07-20,Completed,Bank Transfer,24.99
16500,5510,101,2025-07-20,Completed,Store Financing,9.99
16501,6138,101,2025-07-21,Returned,Credit Card,0.0
16502,6203,101,2025-07-21,Completed,Apple Pay,0.0
16503,5192,105,2025-07-21,Completed,Bank Transfer,0.0
16504,5627,102,2025-07-21,Completed,Apple Pay,0.0
16505,5163,101,2025-07-21,Completed,Apple Pay,0.0
16506,5357,105,2025-07-21,Completed,Credit Card,0.0
16507,5407,102,2025-07-21,Completed,PayPal,0.0
16508,6161,101,2025-07-21,Completed,PayPal,14.99
16509,5437,102,2025-07-21,Completed,Credit Card,0.0
16510,5274,106,2025-07-21,Completed,Apple Pay,0.0
16511,5114,101,2025-07-21,Completed,Credit Card,9.99
16512,5934,103,2025-07-21,Completed,Apple Pay,0.0
16513,5429,103,2025-07-21,Completed,Bank Transfer,0.0
16514,5151,101,2025-07-21,Completed,Apple Pay,0.0
16515,6327,106,2025-07-21,Completed,Credit Card,0.0
16516,5002,102,2025-07-21,Completed,Store Financing,0.0
16517,5878,101,2025-07-21,Completed,Apple Pay,14.99
16518,5100,106,2025-07-22,Completed,Store Financing,0.0
16519,5638,101,2025-07-22,Completed,PayPal,9.99
16520,5250,101,2025-07-22,Completed,PayPal,14.99
16521,5126,101,2025-07-22,Returned,Credit Card,14.99
16522,5320,101,2025-07-22,Completed,Bank Transfer,14.99
16523,5537,101,2025-07-22,Completed,PayPal,14.99
16524,5193,108,2025-07-22,Completed,Credit Card,0.0
16525,5704,108,2025-07-22,Completed,Bank Transfer,0.0
16526,5932,101,2025-07-22,Completed,Store Financing,14.99
16527,5119,102,2025-07-22,Completed,PayPal,0.0
16528,6409,101,2025-07-22,Completed,Bank Transfer,9.99
16529,6179,102,2025-07-22,Completed,Bank Transfer,0.0
16530,5786,101,2025-07-22,Completed,PayPal,14.99
16531,5985,103,2025-07-23,Completed,Store Financing,0.0
16532,5421,101,2025-07-23,Completed,PayPal,24.99
16533,6051,101,2025-07-23,Completed,Bank Transfer,14.99
16534,5458,108,2025-07-23,Completed,Credit Card,0.0
16535,5028,107,2025-07-23,Completed,Bank Transfer,0.0
16536,6237,104,2025-07-23,Completed,Credit Card,0.0
16537,5185,108,2025-07-23,Returned,Store Financing,0.0
16538,6138,101,2025-07-23,Completed,Credit Card,9.99
16539,6368,107,2025-07-23,Completed,PayPal,0.0
16540,5913,101,2025-07-23,Completed,Store Financing,9.99
16541,5297,101,2025-07-23,Completed,Apple Pay,24.99
16542,5742,101,2025-07-23,Completed,PayPal,14.99
16543,5875,107,2025-07-23,Completed,PayPal,0.0
16544,5396,101,2025-07-23,Completed,Bank Transfer,24.99
16545,6405,101,2025-07-23,Completed,Store Financing,14.99
16546,6286,106,2025-07-23,Completed,Apple Pay,0.0
16547,5872,101,2025-07-24,Completed,Credit Card,9.99
16548,6014,101,2025-07-24,Completed,Credit Card,24.99
16549,6390,106,2025-07-24,Completed,Store Financing,0.0
16550,5461,102,2025-07-24,Completed,Apple Pay,0.0
16551,5002,102,2025-07-24,Completed,Store Financing,0.0
16552,6047,101,2025-07-24,Completed,Store Financing,24.99
16553,6411,108,2025-07-24,Completed,PayPal,0.0
16554,5077,102,2025-07-24,Completed,PayPal,0.0
16555,6012,107,2025-07-24,Returned,Store Financing,0.0
16556,5987,101,2025-07-24,Completed,PayPal,14.99
16557,5685,101,2025-07-24,Completed,PayPal,24.99
16558,5499,102,2025-07-25,Returned,Store Financing,0.0
16559,5599,107,2025-07-25,Completed,Credit Card,0.0
16560,5454,101,2025-07-25,Completed,Store Financing,14.99
16561,5884,101,2025-07-25,Completed,Apple Pay,24.99
16562,6142,101,2025-07-25,Completed,Bank Transfer,14.99
16563,5542,101,2025-07-25,Completed,Apple Pay,24.99
16564,5003,107,2025-07-25,Completed,Bank Transfer,0.0
16565,5554,101,2025-07-25,Completed,Apple Pay,9.99
16566,5669,101,2025-07-26,Completed,Store Financing,14.99
16567,5803,105,2025-07-26,Completed,Bank Transfer,0.0
16568,6409,108,2025-07-26,Completed,Apple Pay,0.0
16569,5168,104,2025-07-26,Completed,Bank Transfer,0.0
16570,5459,103,2025-07-26,Completed,PayPal,0.0
16571,5676,102,2025-07-26,Returned,Store Financing,0.0
16572,5561,102,2025-07-26,Completed,Apple Pay,0.0
16573,5318,101,2025-07-26,Returned,PayPal,0.0
16574,5913,101,2025-07-26,Completed,Store Financing,14.99
16575,6018,101,2025-07-26,Completed,Bank Transfer,9.99
16576,5546,102,2025-07-26,Completed,Store Financing,0.0
16577,5672,101,2025-07-26,Completed,Bank Transfer,0.0
16578,6179,102,2025-07-26,Completed,PayPal,0.0
16579,5028,107,2025-07-26,Completed,Bank Transfer,0.0
16580,6252,101,2025-07-26,Completed,Store Financing,0.0
16581,5695,101,2025-07-26,Completed,Store Financing,0.0
16582,5759,101,2025-07-26,Cancelled,Bank Transfer,9.99
16583,6292,102,2025-07-26,Completed,Credit Card,0.0
16584,5044,106,2025-07-27,Completed,PayPal,0.0
16585,5629,105,2025-07-27,Completed,Bank Transfer,0.0
16586,5002,101,2025-07-27,Completed,PayPal,9.99
16587,5741,101,2025-07-27,Completed,Store Financing,0.0
16588,5055,101,2025-07-27,Completed,Credit Card,14.99
16589,5887,106,2025-07-27,Completed,Store Financing,0.0
16590,6430,101,2025-07-27,Completed,PayPal,24.99
16591,5325,101,2025-07-27,Completed,PayPal,14.99
16592,5247,101,2025-07-27,Completed,PayPal,24.99
16593,6260,101,2025-07-28,Completed,PayPal,14.99
16594,5808,104,2025-07-28,Completed,Store Financing,0.0
16595,6411,101,2025-07-28,Completed,Credit Card,24.99
16596,5441,107,2025-07-28,Completed,Apple Pay,0.0
16597,5950,101,2025-07-28,Completed,Bank Transfer,0.0
16598,6326,103,2025-07-28,Completed,Credit Card,0.0
16599,6376,101,2025-07-28,Completed,Bank Transfer,0.0
16600,5113,106,2025-07-29,Completed,PayPal,0.0
16601,6333,103,2025-07-29,Completed,Bank Transfer,0.0
16602,5934,104,2025-07-29,Completed,Store Financing,0.0
16603,5999,101,2025-07-29,Completed,Bank Transfer,0.0
16604,6413,101,2025-07-29,Completed,Apple Pay,0.0
16605,5614,101,2025-07-29,Completed,Credit Card,14.99
16606,5274,106,2025-07-29,Completed,Credit Card,0.0
16607,6119,101,2025-07-29,Completed,Store Financing,14.99
16608,5002,102,2025-07-29,Completed,Apple Pay,0.0
16609,5940,103,2025-07-29,Cancelled,Store Financing,0.0
16610,5826,108,2025-07-29,Returned,Bank Transfer,0.0
16611,5457,102,2025-07-29,Completed,Bank Transfer,0.0
16612,6238,102,2025-07-29,Completed,Store Financing,0.0
16613,5298,105,2025-07-29,Completed,PayPal,0.0
16614,5755,102,2025-07-29,Completed,Apple Pay,0.0
16615,5495,101,2025-07-29,Completed,Store Financing,14.99
16616,6394,101,2025-07-30,Completed,PayPal,14.99
16617,5713,101,2025-07-30,Completed,Store Financing,14.99
16618,6175,105,2025-07-30,Completed,Credit Card,0.0
16619,5028,101,2025-07-30,Returned,Credit Card,0.0
16620,6060,107,2025-07-30,Completed,Credit Card,0.0
16621,5450,101,2025-07-30,Completed,Bank Transfer,24.99
16622,5103,101,2025-07-30,Completed,Store Financing,14.99
16623,6385,101,2025-07-31,Completed,Apple Pay,0.0
16624,5792,104,2025-07-31,Completed,Bank Transfer,0.0
16625,6149,101,2025-07-31,Completed,Bank Transfer,0.0
16626,6411,101,2025-07-31,Completed,Bank Transfer,0.0
16627,5810,101,2025-07-31,Completed,Credit Card,14.99
16628,5671,106,2025-07-31,Completed,Bank Transfer,0.0
16629,6198,101,2025-07-31,Completed,PayPal,24.99
16630,6309,105,2025-07-31,Completed,Bank Transfer,0.0
16631,6483,105,2025-07-31,Completed,Apple Pay,0.0
16632,6443,101,2025-07-31,Completed,Store Financing,24.99
16633,5229,101,2025-07-31,Completed,Store Financing,24.99
16634,5286,101,2025-07-31,Completed,Credit Card,9.99
16635,6308,107,2025-07-31,Returned,Bank Transfer,0.0
16636,6008,106,2025-08-01,Completed,Credit Card,0.0
16637,6130,101,2025-08-01,Completed,Credit Card,9.99
16638,5315,104,2025-08-01,Completed,Store Financing,0.0
16639,5347,101,2025-08-01,Completed,PayPal,9.99
16640,5274,106,2025-08-01,Completed,Credit Card,0.0
16641,6170,101,2025-08-01,Completed,Store Financing,14.99
16642,5065,101,2025-08-01,Completed,Apple Pay,9.99
16643,6260,103,2025-08-01,Completed,Store Financing,0.0
16644,5938,101,2025-08-01,Completed,Bank Transfer,0.0
16645,5240,108,2025-08-01,Completed,PayPal,0.0
16646,6009,104,2025-08-01,Completed,Apple Pay,0.0
16647,5144,106,2025-08-01,Completed,Store Financing,0.0
16648,5889,102,2025-08-01,Completed,PayPal,0.0
16649,5750,108,2025-08-02,Completed,Credit Card,0.0
16650,6444,103,2025-08-02,Completed,Store Financing,0.0
16651,6196,101,2025-08-02,Completed,Store Financing,0.0
16652,5363,101,2025-08-02,Completed,Credit Card,0.0
16653,5059,103,2025-08-02,Completed,Apple Pay,0.0
16654,6494,103,2025-08-02,Completed,PayPal,0.0
16655,6095,101,2025-08-02,Completed,Store Financing,24.99
16656,5376,101,2025-08-03,Completed,Bank Transfer,14.99
16657,5250,105,2025-08-03,Completed,Credit Card,0.0
16658,6462,101,2025-08-03,Completed,PayPal,9.99
16659,5943,101,2025-08-03,Completed,Credit Card,9.99
16660,5028,107,2025-08-03,Completed,Apple Pay,0.0
16661,5496,101,2025-08-03,Completed,Apple Pay,24.99
16662,5441,108,2025-08-03,Cancelled,PayPal,0.0
16663,6179,102,2025-08-03,Completed,Bank Transfer,0.0
16664,5109,101,2025-08-03,Cancelled,PayPal,14.99
16665,5244,101,2025-08-03,Completed,Credit Card,9.99
16666,5667,105,2025-08-03,Completed,Store Financing,0.0
16667,5546,102,2025-08-03,Completed,PayPal,0.0
16668,6016,101,2025-08-04,Completed,Bank Transfer,0.0
16669,5034,101,2025-08-04,Cancelled,Apple Pay,0.0
16670,5103,101,2025-08-04,Completed,Store Financing,14.99
16671,5274,101,2025-08-04,Completed,Apple Pay,14.99
16672,5786,103,2025-08-04,Completed,Store Financing,0.0
16673,5900,107,2025-08-04,Completed,Apple Pay,0.0
16674,6326,101,2025-08-04,Completed,Bank Transfer,14.99
16675,5047,101,2025-08-04,Completed,Credit Card,9.99
16676,5278,101,2025-08-04,Completed,Store Financing,9.99
16677,6476,101,2025-08-05,Completed,Store Financing,24.99
16678,5243,104,2025-08-05,Completed,PayPal,0.0
16679,5500,101,2025-08-05,Completed,Apple Pay,14.99
16680,6274,101,2025-08-05,Completed,Store Financing,9.99
16681,6183,101,2025-08-05,Completed,Apple Pay,24.99
16682,6347,104,2025-08-05,Completed,Bank Transfer,0.0
16683,5271,101,2025-08-05,Completed,PayPal,9.99
16684,6364,103,2025-08-05,Completed,Credit Card,0.0
16685,5358,101,2025-08-05,Completed,Bank Transfer,9.99
16686,6476,101,2025-08-05,Completed,Credit Card,24.99
16687,5138,101,2025-08-05,Completed,Store Financing,9.99
16688,5132,101,2025-08-05,Completed,Bank Transfer,9.99
16689,5274,101,2025-08-05,Completed,Apple Pay,24.99
16690,6356,101,2025-08-05,Completed,Bank Transfer,14.99
16691,5087,103,2025-08-06,Completed,Store Financing,0.0
16692,6089,101,2025-08-06,Completed,Store Financing,14.99
16693,5629,101,2025-08-06,Completed,Credit Card,14.99
16694,5677,101,2025-08-06,Completed,Bank Transfer,14.99
16695,5122,107,2025-08-06,Completed,Store Financing,0.0
16696,5853,105,2025-08-06,Completed,PayPal,0.0
16697,6219,101,2025-08-06,Completed,Store Financing,9.99
16698,5227,102,2025-08-06,Completed,Credit Card,0.0
16699,6071,101,2025-08-06,Completed,Bank Transfer,9.99
16700,5824,102,2025-08-06,Completed,Credit Card,0.0
16701,5305,101,2025-08-06,Completed,Credit Card,14.99
16702,5510,103,2025-08-06,Completed,Credit Card,0.0
16703,5708,101,2025-08-06,Completed,Credit Card,0.0
16704,6172,108,2025-08-06,Completed,Credit Card,0.0
16705,6462,106,2025-08-07,Completed,Credit Card,0.0
16706,5427,101,2025-08-07,Returned,Apple Pay,0.0
16707,5208,104,2025-08-07,Completed,Store Financing,0.0
16708,5675,101,2025-08-07,Completed,Apple Pay,0.0
16709,5189,104,2025-08-07,Completed,Store Financing,0.0
16710,5226,101,2025-08-07,Completed,Apple Pay,24.99
16711,5198,101,2025-08-07,Completed,Store Financing,24.99
16712,6456,101,2025-08-07,Completed,Credit Card,9.99
16713,5609,108,2025-08-07,Completed,Credit Card,0.0
16714,5677,102,2025-08-08,Completed,Apple Pay,0.0
16715,5492,101,2025-08-08,Completed,Apple Pay,0.0
16716,6203,101,2025-08-08,Cancelled,PayPal,9.99
16717,6148,101,2025-08-08,Completed,Apple Pay,24.99
16718,6436,108,2025-08-08,Cancelled,PayPal,0.0
16719,5659,101,2025-08-08,Completed,Store Financing,9.99
16720,5737,104,2025-08-08,Completed,Store Financing,0.0
16721,5587,101,2025-08-08,Completed,Apple Pay,9.99
16722,6386,101,2025-08-08,Completed,Store Financing,14.99
16723,5647,102,2025-08-08,Completed,Store Financing,0.0
16724,6456,101,2025-08-09,Completed,Bank Transfer,24.99
16725,6425,106,2025-08-09,Completed,Apple Pay,0.0
16726,5175,101,2025-08-09,Cancelled,Store Financing,0.0
16727,5968,107,2025-08-09,Completed,Store Financing,0.0
16728,5667,105,2025-08-09,Completed,Credit Card,0.0
16729,5759,101,2025-08-09,Cancelled,PayPal,0.0
16730,5166,101,2025-08-09,Completed,Store Financing,0.0
16731,5058,102,2025-08-10,Completed,Store Financing,0.0
16732,5225,101,2025-08-10,Completed,Store Financing,0.0
16733,6100,102,2025-08-10,Completed,Apple Pay,0.0
16734,5948,104,2025-08-10,Completed,Bank Transfer,0.0
16735,5967,104,2025-08-10,Cancelled,Store Financing,0.0
16736,5096,101,2025-08-10,Cancelled,Credit Card,14.99
16737,5654,101,2025-08-10,Completed,PayPal,14.99
16738,6444,101,2025-08-10,Returned,Credit Card,24.99
16739,5853,101,2025-08-10,Completed,PayPal,0.0
16740,5374,103,2025-08-10,Completed,Apple Pay,0.0
16741,5926,101,2025-08-10,Completed,Credit Card,14.99
16742,5667,101,2025-08-10,Completed,Apple Pay,24.99
16743,5943,104,2025-08-11,Completed,Credit Card,0.0
16744,6409,107,2025-08-11,Completed,Credit Card,0.0
16745,5920,101,2025-08-11,Cancelled,Apple Pay,14.99
16746,5536,106,2025-08-11,Completed,Store Financing,0.0
16747,6016,105,2025-08-11,Completed,Bank Transfer,0.0
16748,5577,105,2025-08-11,Completed,PayPal,0.0
16749,5363,101,2025-08-11,Completed,PayPal,0.0
16750,6275,103,2025-08-11,Completed,Bank Transfer,0.0
16751,6095,101,2025-08-11,Completed,Bank Transfer,14.99
16752,6178,101,2025-08-11,Completed,Store Financing,0.0
16753,5652,101,2025-08-11,Completed,Apple Pay,0.0
16754,5111,102,2025-08-11,Completed,Store Financing,0.0
16755,5356,101,2025-08-12,Completed,Apple Pay,9.99
16756,6453,101,2025-08-12,Completed,Store Financing,14.99
16757,5860,104,2025-08-12,Completed,Apple Pay,0.0
16758,5934,104,2025-08-12,Completed,Apple Pay,0.0
16759,6011,101,2025-08-12,Completed,Apple Pay,24.99
16760,5261,107,2025-08-12,Completed,Store Financing,0.0
16761,6104,101,2025-08-12,Completed,Bank Transfer,24.99
16762,5734,106,2025-08-12,Completed,Bank Transfer,0.0
16763,5890,101,2025-08-12,Completed,Store Financing,0.0
16764,5313,101,2025-08-12,Completed,Bank Transfer,9.99
16765,5799,101,2025-08-13,Completed,Credit Card,0.0
16766,5792,101,2025-08-13,Completed,Store Financing,0.0
16767,6458,108,2025-08-13,Completed,Bank Transfer,0.0
16768,5244,101,2025-08-13,Completed,PayPal,24.99
16769,5202,101,2025-08-13,Completed,Bank Transfer,9.99
16770,6012,101,2025-08-13,Completed,Apple Pay,14.99
16771,5999,107,2025-08-13,Completed,Store Financing,0.0
16772,6315,103,2025-08-13,Completed,Bank Transfer,0.0
16773,5822,102,2025-08-13,Completed,Store Financing,0.0
16774,5103,102,2025-08-13,Completed,PayPal,0.0
16775,6297,101,2025-08-13,Completed,Credit Card,24.99
16776,5536,101,2025-08-14,Completed,Apple Pay,9.99
16777,5594,103,2025-08-14,Completed,Store Financing,0.0
16778,6429,102,2025-08-14,Completed,PayPal,0.0
16779,5477,101,2025-08-14,Completed,Bank Transfer,9.99
16780,5609,107,2025-08-14,Completed,Store Financing,0.0
16781,6120,101,2025-08-14,Returned,Store Financing,9.99
16782,6074,101,2025-08-14,Completed,Apple Pay,0.0
16783,6012,101,2025-08-14,Completed,Store Financing,0.0
16784,6029,102,2025-08-14,Completed,PayPal,0.0
16785,5838,108,2025-08-14,Completed,PayPal,0.0
16786,5610,101,2025-08-15,Completed,Bank Transfer,9.99
16787,5966,107,2025-08-15,Completed,Credit Card,0.0
16788,5454,103,2025-08-15,Completed,Store Financing,0.0
16789,5845,101,2025-08-15,Completed,Store Financing,9.99
16790,5334,104,2025-08-15,Returned,Bank Transfer,0.0
16791,5209,101,2025-08-15,Completed,PayPal,9.99
16792,6137,101,2025-08-15,Completed,Bank Transfer,9.99
16793,6032,101,2025-08-15,Completed,PayPal,24.99
16794,5780,101,2025-08-15,Completed,Apple Pay,0.0
16795,5544,101,2025-08-15,Completed,Store Financing,24.99
16796,5243,101,2025-08-15,Completed,Apple Pay,24.99
16797,6143,101,2025-08-15,Completed,Store Financing,0.0
16798,5313,101,2025-08-15,Completed,Apple Pay,9.99
16799,6235,102,2025-08-16,Completed,Bank Transfer,0.0
16800,5743,101,2025-08-16,Completed,Credit Card,9.99
16801,5376,101,2025-08-16,Completed,Credit Card,9.99
16802,6027,101,2025-08-16,Completed,Store Financing,24.99
16803,5278,101,2025-08-16,Completed,Credit Card,9.99
16804,5867,102,2025-08-16,Completed,Store Financing,0.0
16805,5889,101,2025-08-16,Completed,Bank Transfer,9.99
16806,6188,101,2025-08-17,Completed,Bank Transfer,0.0
16807,5482,101,2025-08-17,Completed,PayPal,0.0
16808,6435,101,2025-08-17,Completed,PayPal,24.99
16809,5573,101,2025-08-17,Completed,Apple Pay,9.99
16810,6095,101,2025-08-17,Completed,PayPal,0.0
16811,5587,101,2025-08-17,Completed,Bank Transfer,9.99
16812,6378,106,2025-08-17,Completed,Apple Pay,0.0
16813,5181,101,2025-08-18,Completed,Apple Pay,0.0
16814,6227,101,2025-08-18,Completed,PayPal,14.99
16815,6136,106,2025-08-18,Completed,Store Financing,0.0
16816,6160,106,2025-08-18,Completed,Credit Card,0.0
16817,5785,101,2025-08-18,Completed,PayPal,9.99
16818,5571,101,2025-08-18,Completed,PayPal,24.99
16819,5866,101,2025-08-18,Completed,Store Financing,9.99
16820,6331,103,2025-08-18,Completed,PayPal,0.0
16821,6275,101,2025-08-19,Returned,Credit Card,9.99
16822,5738,101,2025-08-19,Completed,Apple Pay,24.99
16823,6325,102,2025-08-19,Completed,Credit Card,0.0
16824,6399,107,2025-08-19,Completed,Credit Card,0.0
16825,5729,101,2025-08-19,Completed,PayPal,14.99
16826,5366,101,2025-08-19,Completed,Store Financing,14.99
16827,5666,101,2025-08-20,Completed,Apple Pay,14.99
16828,5173,106,2025-08-20,Completed,Store Financing,0.0
16829,5315,104,2025-08-20,Completed,Credit Card,0.0
16830,6409,101,2025-08-20,Completed,Credit Card,24.99
16831,6213,101,2025-08-20,Completed,Credit Card,9.99
16832,6371,107,2025-08-20,Completed,Store Financing,0.0
16833,5645,101,2025-08-20,Returned,PayPal,14.99
16834,6148,101,2025-08-20,Completed,Credit Card,24.99
16835,6399,107,2025-08-20,Returned,Store Financing,0.0
16836,5103,102,2025-08-20,Completed,PayPal,0.0
16837,5938,107,2025-08-20,Completed,Apple Pay,0.0
16838,5126,101,2025-08-20,Completed,Store Financing,9.99
16839,5198,105,2025-08-20,Completed,PayPal,0.0
16840,6336,107,2025-08-21,Completed,Bank Transfer,0.0
16841,6241,102,2025-08-21,Completed,Store Financing,0.0
16842,5116,105,2025-08-21,Completed,Bank Transfer,0.0
16843,6071,101,2025-08-21,Completed,Store Financing,9.99
16844,5401,101,2025-08-21,Completed,Apple Pay,24.99
16845,6026,101,2025-08-21,Completed,Credit Card,9.99
16846,6218,101,2025-08-21,Completed,Store Financing,9.99
16847,5381,101,2025-08-21,Completed,Store Financing,24.99
16848,5814,105,2025-08-21,Completed,Bank Transfer,0.0
16849,6437,101,2025-08-21,Completed,Apple Pay,14.99
16850,5913,101,2025-08-21,Completed,Apple Pay,14.99
16851,5830,101,2025-08-21,Completed,Store Financing,14.99
16852,5577,105,2025-08-21,Completed,Credit Card,0.0
16853,6074,107,2025-08-21,Completed,Bank Transfer,0.0
16854,6347,101,2025-08-22,Completed,Apple Pay,0.0
16855,6204,101,2025-08-22,Completed,Apple Pay,24.99
16856,6346,102,2025-08-22,Completed,PayPal,0.0
16857,6008,101,2025-08-22,Completed,Credit Card,9.99
16858,5928,101,2025-08-22,Returned,Bank Transfer,14.99
16859,6353,103,2025-08-22,Completed,Bank Transfer,0.0
16860,6358,106,2025-08-22,Completed,Bank Transfer,0.0
16861,5775,101,2025-08-22,Completed,Credit Card,24.99
16862,5126,101,2025-08-23,Completed,Apple Pay,0.0
16863,5967,101,2025-08-23,Completed,Credit Card,9.99
16864,5499,101,2025-08-23,Completed,Bank Transfer,14.99
16865,5602,108,2025-08-23,Completed,Store Financing,0.0
16866,6206,106,2025-08-23,Completed,Store Financing,0.0
16867,6260,101,2025-08-23,Completed,Store Financing,24.99
16868,5738,104,2025-08-23,Completed,Apple Pay,0.0
16869,6120,102,2025-08-23,Completed,Store Financing,0.0
16870,5250,101,2025-08-23,Completed,Apple Pay,9.99
16871,5738,101,2025-08-23,Completed,PayPal,0.0
16872,5630,101,2025-08-23,Completed,Credit Card,14.99
16873,5085,102,2025-08-23,Completed,PayPal,0.0
16874,6143,104,2025-08-23,Completed,Bank Transfer,0.0
16875,6336,101,2025-08-23,Completed,Store Financing,9.99
16876,5185,107,2025-08-23,Completed,Bank Transfer,0.0
16877,5597,101,2025-08-24,Completed,Store Financing,24.99
16878,5526,101,2025-08-24,Returned,Store Financing,9.99
16879,5761,108,2025-08-24,Completed,Bank Transfer,0.0
16880,6011,101,2025-08-24,Completed,Store Financing,24.99
16881,5987,101,2025-08-24,Returned,PayPal,9.99
16882,5175,101,2025-08-24,Returned,PayPal,0.0
16883,6040,101,2025-08-24,Completed,Store Financing,14.99
16884,5341,101,2025-08-24,Completed,Store Financing,0.0
16885,5125,101,2025-08-24,Completed,Credit Card,14.99
16886,5675,102,2025-08-24,Completed,Store Financing,0.0
16887,5372,102,2025-08-24,Completed,PayPal,0.0
16888,6004,101,2025-08-24,Completed,PayPal,24.99
16889,6380,101,2025-08-24,Completed,Bank Transfer,14.99
16890,5047,101,2025-08-24,Completed,Bank Transfer,14.99
16891,5126,101,2025-08-25,Completed,PayPal,9.99
16892,5073,101,2025-08-25,Completed,Bank Transfer,24.99
16893,5850,102,2025-08-25,Cancelled,PayPal,0.0
16894,5219,106,2025-08-25,Completed,Credit Card,0.0
16895,5781,105,2025-08-25,Completed,Apple Pay,0.0
16896,5617,101,2025-08-25,Returned,PayPal,24.99
16897,5932,102,2025-08-25,Completed,PayPal,0.0
16898,6055,101,2025-08-25,Completed,PayPal,24.99
16899,5170,105,2025-08-25,Returned,Bank Transfer,0.0
16900,5209,102,2025-08-25,Completed,PayPal,0.0
16901,5017,101,2025-08-25,Completed,Bank Transfer,24.99
16902,6278,102,2025-08-25,Completed,Apple Pay,0.0
16903,5747,106,2025-08-25,Completed,Apple Pay,0.0
16904,5548,107,2025-08-25,Completed,Store Financing,0.0
16905,5013,101,2025-08-26,Returned,PayPal,24.99
16906,6206,105,2025-08-26,Cancelled,Apple Pay,0.0
16907,5249,101,2025-08-26,Completed,Credit Card,24.99
16908,6422,101,2025-08-26,Completed,Apple Pay,0.0
16909,5490,101,2025-08-26,Completed,Credit Card,0.0
16910,5178,103,2025-08-26,Completed,PayPal,0.0
16911,5195,101,2025-08-26,Completed,Credit Card,24.99
16912,5371,101,2025-08-26,Completed,Store Financing,9.99
16913,5983,101,2025-08-26,Completed,Store Financing,24.99
16914,6260,101,2025-08-26,Completed,PayPal,0.0
16915,5634,102,2025-08-26,Completed,Store Financing,0.0
16916,5159,101,2025-08-27,Completed,PayPal,9.99
16917,5585,104,2025-08-27,Completed,Bank Transfer,0.0
16918,5913,101,2025-08-27,Completed,Store Financing,0.0
16919,5732,101,2025-08-27,Completed,PayPal,0.0
16920,6218,101,2025-08-27,Completed,Credit Card,14.99
16921,5479,107,2025-08-27,Completed,Credit Card,0.0
16922,6243,101,2025-08-27,Completed,Store Financing,9.99
16923,5965,103,2025-08-27,Completed,Store Financing,0.0
16924,5367,101,2025-08-27,Completed,Credit Card,9.99
16925,5143,104,2025-08-27,Completed,Bank Transfer,0.0
16926,5085,102,2025-08-27,Returned,Credit Card,0.0
16927,6264,101,2025-08-27,Completed,PayPal,0.0
16928,5247,101,2025-08-27,Completed,Apple Pay,24.99
16929,6413,101,2025-08-28,Completed,PayPal,9.99
16930,6001,103,2025-08-28,Completed,Apple Pay,0.0
16931,6453,102,2025-08-28,Completed,PayPal,0.0
16932,5453,103,2025-08-28,Completed,Store Financing,0.0
16933,6054,101,2025-08-28,Completed,PayPal,14.99
16934,5111,101,2025-08-28,Completed,PayPal,24.99
16935,6047,108,2025-08-28,Completed,Credit Card,0.0
16936,6223,108,2025-08-28,Completed,Bank Transfer,0.0
16937,6212,101,2025-08-28,Completed,PayPal,9.99
16938,5219,101,2025-08-28,Completed,Store Financing,0.0
16939,5598,101,2025-08-29,Completed,Bank Transfer,14.99
16940,5055,102,2025-08-29,Completed,Apple Pay,0.0
16941,6473,101,2025-08-29,Completed,Bank Transfer,0.0
16942,5016,101,2025-08-29,Completed,PayPal,0.0
16943,5875,108,2025-08-29,Completed,PayPal,0.0
16944,6134,102,2025-08-29,Completed,Store Financing,0.0
16945,6273,101,2025-08-30,Completed,Store Financing,9.99
16946,5684,101,2025-08-30,Returned,Credit Card,14.99
16947,5863,101,2025-08-30,Completed,PayPal,0.0
16948,5181,101,2025-08-30,Completed,Credit Card,0.0
16949,6212,102,2025-08-30,Completed,Credit Card,0.0
16950,5046,108,2025-08-30,Completed,Store Financing,0.0
16951,5085,101,2025-08-30,Completed,Bank Transfer,9.99
16952,6063,101,2025-08-30,Completed,Store Financing,0.0
16953,5103,101,2025-08-30,Completed,Bank Transfer,24.99
16954,5220,104,2025-08-30,Completed,Bank Transfer,0.0
16955,6371,101,2025-08-30,Completed,Store Financing,9.99
16956,6304,104,2025-08-30,Completed,PayPal,0.0
16957,6444,104,2025-08-30,Completed,Store Financing,0.0
16958,5320,101,2025-08-30,Completed,Store Financing,9.99
16959,5471,107,2025-08-31,Completed,Apple Pay,0.0
16960,5844,101,2025-08-31,Completed,Credit Card,9.99
16961,5666,105,2025-08-31,Completed,PayPal,0.0
16962,5282,101,2025-08-31,Completed,PayPal,14.99
16963,5429,101,2025-08-31,Completed,PayPal,9.99
16964,5564,103,2025-08-31,Completed,Store Financing,0.0
16965,5244,105,2025-08-31,Completed,Bank Transfer,0.0
16966,6074,107,2025-08-31,Completed,PayPal,0.0
16967,5420,104,2025-08-31,Completed,Credit Card,0.0
16968,5195,101,2025-08-31,Completed,Credit Card,24.99
16969,5669,107,2025-08-31,Completed,Credit Card,0.0
16970,6179,101,2025-08-31,Completed,Credit Card,9.99
16971,5255,101,2025-08-31,Completed,Credit Card,14.99
16972,5334,104,2025-08-31,Completed,PayPal,0.0
16973,5468,101,2025-09-01,Completed,PayPal,9.99
16974,5745,101,2025-09-01,Completed,PayPal,14.99
16975,6473,101,2025-09-01,Completed,Credit Card,14.99
16976,5396,102,2025-09-01,Completed,Bank Transfer,0.0
16977,5358,101,2025-09-01,Returned,PayPal,14.99
16978,6149,101,2025-09-01,Completed,Bank Transfer,24.99
16979,5262,101,2025-09-02,Completed,PayPal,9.99
16980,5969,101,2025-09-02,Completed,Bank Transfer,14.99
16981,6361,102,2025-09-02,Completed,Credit Card,0.0
16982,6259,101,2025-09-02,Completed,Store Financing,9.99
16983,5155,101,2025-09-02,Cancelled,Bank Transfer,24.99
16984,6484,101,2025-09-02,Completed,Bank Transfer,14.99
16985,5419,106,2025-09-02,Completed,Credit Card,0.0
16986,5814,101,2025-09-02,Completed,Credit Card,0.0
16987,6137,101,2025-09-02,Completed,Credit Card,9.99
16988,5372,101,2025-09-02,Completed,Apple Pay,24.99
16989,6203,101,2025-09-02,Completed,Credit Card,24.99
16990,5250,101,2025-09-02,Completed,Bank Transfer,24.99
16991,5894,108,2025-09-02,Completed,Bank Transfer,0.0
16992,5981,108,2025-09-02,Completed,Bank Transfer,0.0
16993,5312,101,2025-09-03,Completed,Credit Card,9.99
16994,5753,103,2025-09-03,Completed,Store Financing,0.0
16995,5965,104,2025-09-03,Completed,Store Financing,0.0
16996,5718,101,2025-09-03,Completed,Apple Pay,9.99
16997,5353,102,2025-09-03,Completed,Credit Card,0.0
16998,5185,101,2025-09-03,Completed,PayPal,14.99
16999,5468,101,2025-09-03,Completed,PayPal,14.99
17000,5375,101,2025-09-03,Completed,Store Financing,24.99
17001,5125,101,2025-09-03,Completed,Credit Card,9.99
17002,5537,101,2025-09-03,Completed,Bank Transfer,9.99
17003,5911,101,2025-09-03,Completed,Bank Transfer,0.0
17004,5112,101,2025-09-04,Completed,Apple Pay,0.0
17005,6137,101,2025-09-04,Completed,Apple Pay,14.99
17006,6326,101,2025-09-04,Completed,Credit Card,14.99
17007,5308,101,2025-09-04,Completed,Credit Card,14.99
17008,5704,108,2025-09-04,Completed,Credit Card,0.0
17009,5085,101,2025-09-04,Completed,Apple Pay,0.0
17010,5658,101,2025-09-04,Completed,Bank Transfer,0.0
17011,5930,102,2025-09-04,Cancelled,PayPal,0.0
17012,5164,105,2025-09-04,Completed,PayPal,0.0
17013,5058,101,2025-09-05,Completed,PayPal,9.99
17014,6421,101,2025-09-05,Completed,Store Financing,0.0
17015,5680,106,2025-09-05,Completed,Apple Pay,0.0
17016,5967,103,2025-09-05,Completed,Credit Card,0.0
17017,6047,101,2025-09-05,Completed,Store Financing,14.99
17018,6071,101,2025-09-05,Completed,Bank Transfer,14.99
17019,5585,101,2025-09-05,Completed,Store Financing,24.99
17020,6159,101,2025-09-05,Completed,Credit Card,24.99
17021,5202,101,2025-09-05,Completed,PayPal,24.99
17022,5768,104,2025-09-06,Completed,PayPal,0.0
17023,6482,101,2025-09-06,Completed,Bank Transfer,0.0
17024,5114,108,2025-09-06,Completed,Apple Pay,0.0
17025,6179,102,2025-09-06,Completed,PayPal,0.0
17026,5981,107,2025-09-06,Completed,Bank Transfer,0.0
17027,5574,101,2025-09-06,Completed,Apple Pay,0.0
17028,6278,102,2025-09-06,Completed,Apple Pay,0.0
17029,5098,104,2025-09-06,Returned,Bank Transfer,0.0
17030,5346,104,2025-09-06,Completed,Apple Pay,0.0
17031,5538,101,2025-09-06,Completed,Store Financing,0.0
17032,6468,107,2025-09-06,Completed,Apple Pay,0.0
17033,5643,101,2025-09-06,Completed,PayPal,9.99
17034,5468,107,2025-09-07,Returned,Apple Pay,0.0
17035,5761,107,2025-09-07,Completed,PayPal,0.0
17036,6480,106,2025-09-07,Completed,Apple Pay,0.0
17037,5601,101,2025-09-07,Completed,Store Financing,24.99
17038,5297,101,2025-09-07,Completed,PayPal,24.99
17039,5117,101,2025-09-07,Completed,Store Financing,24.99
17040,5948,104,2025-09-07,Completed,Bank Transfer,0.0
17041,5742,101,2025-09-07,Completed,Bank Transfer,9.99
17042,5468,101,2025-09-07,Completed,Bank Transfer,9.99
17043,5379,103,2025-09-07,Completed,PayPal,0.0
17044,6292,101,2025-09-07,Completed,Credit Card,24.99
17045,5159,101,2025-09-07,Cancelled,Credit Card,24.99
17046,6453,101,2025-09-07,Cancelled,Store Financing,9.99
17047,5398,101,2025-09-07,Completed,PayPal,9.99
17048,6330,107,2025-09-07,Completed,Apple Pay,0.0
17049,5109,102,2025-09-07,Completed,Store Financing,0.0
17050,6281,101,2025-09-08,Completed,Bank Transfer,0.0
17051,5094,105,2025-09-08,Completed,PayPal,0.0
17052,6203,101,2025-09-08,Completed,Store Financing,0.0
17053,5551,101,2025-09-08,Completed,Apple Pay,14.99
17054,6353,104,2025-09-08,Completed,Credit Card,0.0
17055,6171,101,2025-09-08,Returned,PayPal,9.99
17056,5516,101,2025-09-08,Completed,Credit Card,24.99
17057,5984,101,2025-09-09,Completed,Apple Pay,9.99
17058,5560,101,2025-09-09,Completed,Bank Transfer,14.99
17059,6470,101,2025-09-09,Completed,Credit Card,0.0
17060,5733,101,2025-09-09,Completed,PayPal,9.99
17061,5651,101,2025-09-09,Completed,Store Financing,9.99
17062,5055,101,2025-09-09,Completed,PayPal,0.0
17063,5376,102,2025-09-09,Completed,Store Financing,0.0
17064,5485,101,2025-09-09,Completed,PayPal,14.99
17065,5020,108,2025-09-09,Completed,PayPal,0.0
17066,5132,101,2025-09-09,Completed,Apple Pay,9.99
17067,6461,101,2025-09-10,Completed,Bank Transfer,14.99
17068,6498,101,2025-09-10,Completed,PayPal,0.0
17069,5479,108,2025-09-10,Completed,Bank Transfer,0.0
17070,5943,101,2025-09-10,Completed,Credit Card,0.0
17071,6436,108,2025-09-10,Completed,Store Financing,0.0
17072,5077,101,2025-09-10,Completed,Credit Card,9.99
17073,5003,108,2025-09-10,Completed,Store Financing,0.0
17074,6247,103,2025-09-10,Completed,Credit Card,0.0
17075,5545,101,2025-09-10,Completed,Store Financing,14.99
17076,6161,108,2025-09-10,Completed,Credit Card,0.0
17077,6409,108,2025-09-10,Completed,Store Financing,0.0
17078,6171,102,2025-09-10,Completed,Bank Transfer,0.0
17079,5172,107,2025-09-11,Completed,PayPal,0.0
17080,5634,101,2025-09-11,Completed,Credit Card,24.99
17081,6175,101,2025-09-11,Completed,Bank Transfer,9.99
17082,6463,101,2025-09-11,Completed,PayPal,24.99
17083,5326,108,2025-09-11,Completed,Store Financing,0.0
17084,5385,101,2025-09-11,Completed,PayPal,24.99
17085,5132,108,2025-09-11,Completed,Credit Card,0.0
17086,6330,107,2025-09-11,Completed,Apple Pay,0.0
17087,6241,101,2025-09-11,Completed,Apple Pay,14.99
17088,5985,101,2025-09-11,Returned,PayPal,24.99
17089,5696,101,2025-09-11,Completed,Store Financing,9.99
17090,5891,101,2025-09-12,Completed,PayPal,9.99
17091,5271,108,2025-09-12,Completed,Apple Pay,0.0
17092,5591,101,2025-09-12,Returned,Bank Transfer,9.99
17093,6215,101,2025-09-12,Completed,Credit Card,0.0
17094,6203,101,2025-09-12,Completed,Apple Pay,9.99
17095,5354,108,2025-09-12,Completed,Credit Card,0.0
17096,5647,102,2025-09-12,Completed,PayPal,0.0
17097,5694,108,2025-09-12,Completed,PayPal,0.0
17098,5193,108,2025-09-12,Completed,PayPal,0.0
17099,5126,101,2025-09-12,Completed,PayPal,14.99
17100,5047,101,2025-09-12,Completed,Bank Transfer,0.0
17101,5562,101,2025-09-12,Completed,Credit Card,24.99
17102,5238,103,2025-09-12,Completed,Credit Card,0.0
17103,5261,101,2025-09-12,Completed,Apple Pay,24.99
17104,5141,101,2025-09-13,Completed,Credit Card,14.99
17105,6315,101,2025-09-13,Completed,Apple Pay,24.99
17106,6134,101,2025-09-13,Completed,Bank Transfer,9.99
17107,6315,101,2025-09-13,Completed,Apple Pay,14.99
17108,5666,105,2025-09-13,Completed,Store Financing,0.0
17109,6399,107,2025-09-13,Completed,Store Financing,0.0
17110,5147,101,2025-09-13,Completed,Store Financing,24.99
17111,5647,101,2025-09-13,Completed,PayPal,0.0
17112,6162,107,2025-09-14,Completed,Apple Pay,0.0
17113,5754,101,2025-09-14,Completed,Store Financing,24.99
17114,5109,102,2025-09-14,Completed,Store Financing,0.0
17115,5364,101,2025-09-14,Completed,Store Financing,24.99
17116,5256,101,2025-09-14,Completed,Store Financing,14.99
17117,5174,101,2025-09-14,Completed,Bank Transfer,0.0
17118,5225,101,2025-09-14,Completed,PayPal,0.0
17119,5426,108,2025-09-14,Completed,Apple Pay,0.0
17120,5630,101,2025-09-14,Completed,Apple Pay,0.0
17121,5061,101,2025-09-15,Completed,Store Financing,0.0
17122,6275,103,2025-09-15,Completed,PayPal,0.0
17123,5081,101,2025-09-15,Completed,Apple Pay,9.99
17124,6050,101,2025-09-15,Completed,Apple Pay,0.0
17125,5202,101,2025-09-15,Completed,Bank Transfer,14.99
17126,5563,106,2025-09-15,Completed,Credit Card,0.0
17127,5421,101,2025-09-15,Completed,Store Financing,14.99
17128,5713,101,2025-09-15,Completed,PayPal,14.99
17129,5848,102,2025-09-15,Completed,PayPal,0.0
17130,5003,107,2025-09-15,Completed,Store Financing,0.0
17131,5197,101,2025-09-15,Completed,Store Financing,9.99
17132,5602,108,2025-09-16,Completed,Apple Pay,0.0
17133,5048,101,2025-09-16,Completed,Credit Card,14.99
17134,6368,101,2025-09-16,Completed,Store Financing,14.99
17135,5062,106,2025-09-16,Completed,PayPal,0.0
17136,6387,101,2025-09-16,Completed,Credit Card,14.99
17137,5521,104,2025-09-16,Completed,Apple Pay,0.0
17138,6419,101,2025-09-16,Returned,Bank Transfer,0.0
17139,6381,104,2025-09-16,Completed,PayPal,0.0
17140,6107,102,2025-09-16,Completed,Apple Pay,0.0
17141,6315,104,2025-09-17,Completed,Bank Transfer,0.0
17142,5085,102,2025-09-17,Completed,Store Financing,0.0
17143,6203,101,2025-09-17,Completed,Store Financing,14.99
17144,5305,103,2025-09-17,Completed,PayPal,0.0
17145,5183,107,2025-09-17,Completed,Apple Pay,0.0
17146,5629,105,2025-09-17,Completed,Credit Card,0.0
17147,5022,101,2025-09-17,Completed,Apple Pay,9.99
17148,5081,101,2025-09-17,Completed,Apple Pay,14.99
17149,6409,101,2025-09-18,Completed,Credit Card,0.0
17150,5224,101,2025-09-18,Completed,Credit Card,14.99
17151,5315,101,2025-09-18,Returned,Credit Card,24.99
17152,5136,101,2025-09-18,Completed,Bank Transfer,0.0
17153,5438,108,2025-09-18,Completed,Credit Card,0.0
17154,5765,101,2025-09-18,Completed,Store Financing,9.99
17155,6281,101,2025-09-18,Completed,Bank Transfer,14.99
17156,6071,104,2025-09-18,Completed,Apple Pay,0.0
17157,6435,101,2025-09-18,Completed,Credit Card,0.0
17158,5362,101,2025-09-18,Completed,Apple Pay,24.99
17159,5136,105,2025-09-18,Completed,Store Financing,0.0
17160,5844,101,2025-09-18,Completed,PayPal,14.99
17161,5114,107,2025-09-19,Returned,Credit Card,0.0
17162,5384,101,2025-09-19,Completed,Apple Pay,9.99
17163,5598,101,2025-09-19,Completed,Credit Card,9.99
17164,5784,102,2025-09-19,Completed,Store Financing,0.0
17165,6041,102,2025-09-19,Completed,Credit Card,0.0
17166,6037,101,2025-09-19,Returned,Credit Card,9.99
17167,5621,107,2025-09-19,Completed,Bank Transfer,0.0
17168,5103,101,2025-09-19,Completed,Bank Transfer,14.99
17169,6392,101,2025-09-20,Completed,Store Financing,9.99
17170,6010,102,2025-09-20,Completed,Credit Card,0.0
17171,5704,107,2025-09-20,Completed,Store Financing,0.0
17172,5663,103,2025-09-20,Cancelled,PayPal,0.0
17173,5107,101,2025-09-20,Completed,Bank Transfer,14.99
17174,5801,102,2025-09-20,Completed,Apple Pay,0.0
17175,5431,101,2025-09-20,Cancelled,Credit Card,9.99
17176,5601,104,2025-09-20,Completed,Apple Pay,0.0
17177,5257,101,2025-09-21,Completed,Apple Pay,14.99
17178,6098,103,2025-09-21,Completed,Credit Card,0.0
17179,6094,102,2025-09-21,Completed,PayPal,0.0
17180,6464,103,2025-09-21,Completed,Bank Transfer,0.0
17181,5197,105,2025-09-21,Completed,Credit Card,0.0
17182,6016,101,2025-09-21,Completed,PayPal,14.99
17183,6500,101,2025-09-21,Completed,PayPal,0.0
17184,6330,108,2025-09-21,Completed,Credit Card,0.0
17185,6435,101,2025-09-22,Completed,PayPal,9.99
17186,6252,103,2025-09-22,Completed,PayPal,0.0
17187,6175,101,2025-09-22,Completed,Credit Card,9.99
17188,5597,101,2025-09-22,Completed,PayPal,24.99
17189,6175,101,2025-09-22,Completed,Apple Pay,9.99
17190,6461,108,2025-09-22,Completed,Store Financing,0.0
17191,5134,103,2025-09-22,Completed,PayPal,0.0
17192,5942,101,2025-09-22,Completed,PayPal,0.0
17193,6074,101,2025-09-23,Completed,Apple Pay,14.99
17194,5591,101,2025-09-23,Completed,Bank Transfer,14.99
17195,5055,101,2025-09-23,Completed,Bank Transfer,9.99
17196,5587,101,2025-09-23,Completed,Store Financing,0.0
17197,5247,107,2025-09-23,Completed,Bank Transfer,0.0
17198,5705,106,2025-09-23,Completed,Store Financing,0.0
17199,5087,103,2025-09-23,Completed,Store Financing,0.0
17200,5364,101,2025-09-23,Completed,PayPal,14.99
17201,5801,101,2025-09-23,Completed,Bank Transfer,0.0
17202,6471,101,2025-09-23,Completed,Bank Transfer,0.0
17203,6450,106,2025-09-23,Completed,Bank Transfer,0.0
17204,5132,101,2025-09-23,Completed,Credit Card,9.99
17205,5103,102,2025-09-23,Completed,Store Financing,0.0
17206,6399,101,2025-09-23,Completed,PayPal,24.99
17207,6441,105,2025-09-24,Returned,PayPal,0.0
17208,5215,108,2025-09-24,Completed,Store Financing,0.0
17209,6252,101,2025-09-24,Completed,Credit Card,24.99
17210,5863,101,2025-09-24,Completed,Credit Card,9.99
17211,6171,101,2025-09-24,Completed,Bank Transfer,0.0
17212,6012,101,2025-09-24,Returned,Credit Card,0.0
17213,6482,103,2025-09-24,Completed,Apple Pay,0.0
17214,5786,101,2025-09-25,Completed,Credit Card,9.99
17215,6336,101,2025-09-25,Completed,Apple Pay,14.99
17216,6399,101,2025-09-25,Completed,Bank Transfer,0.0
17217,6071,101,2025-09-25,Completed,Credit Card,24.99
17218,5656,105,2025-09-25,Completed,Credit Card,0.0
17219,5138,107,2025-09-25,Completed,Store Financing,0.0
17220,5721,101,2025-09-25,Completed,Bank Transfer,24.99
17221,5136,105,2025-09-25,Completed,Bank Transfer,0.0
17222,6433,101,2025-09-25,Completed,Store Financing,24.99
17223,5039,101,2025-09-25,Completed,Apple Pay,9.99
17224,5929,102,2025-09-25,Completed,Credit Card,0.0
17225,6497,105,2025-09-25,Completed,Credit Card,0.0
17226,5587,101,2025-09-26,Completed,PayPal,9.99
17227,6396,101,2025-09-26,Cancelled,Store Financing,24.99
17228,5277,103,2025-09-26,Completed,Store Financing,0.0
17229,5687,101,2025-09-26,Completed,Store Financing,24.99
17230,5814,101,2025-09-26,Completed,Bank Transfer,9.99
17231,6321,108,2025-09-26,Completed,Credit Card,0.0
17232,6087,101,2025-09-26,Completed,Credit Card,0.0
17233,5829,101,2025-09-26,Completed,Store Financing,14.99
17234,6368,107,2025-09-26,Completed,Credit Card,0.0
17235,5666,101,2025-09-26,Cancelled,Bank Transfer,9.99
17236,5922,101,2025-09-26,Completed,Store Financing,0.0
17237,6451,105,2025-09-26,Completed,Credit Card,0.0
17238,6172,107,2025-09-27,Completed,Bank Transfer,0.0
17239,6063,101,2025-09-27,Completed,Credit Card,24.99
17240,6409,101,2025-09-27,Completed,PayPal,24.99
17241,5051,101,2025-09-27,Completed,Bank Transfer,24.99
17242,6188,101,2025-09-27,Completed,Apple Pay,14.99
17243,5475,101,2025-09-27,Completed,Bank Transfer,9.99
17244,5629,101,2025-09-27,Completed,Bank Transfer,9.99
17245,5761,101,2025-09-27,Completed,Store Financing,0.0
17246,5984,103,2025-09-27,Completed,Bank Transfer,0.0
17247,5895,101,2025-09-27,Completed,PayPal,24.99
17248,5313,102,2025-09-27,Completed,Apple Pay,0.0
17249,6124,101,2025-09-27,Completed,Store Financing,9.99
17250,6292,102,2025-09-27,Completed,Bank Transfer,0.0
17251,6189,107,2025-09-27,Completed,Credit Card,0.0
17252,6477,101,2025-09-27,Completed,Bank Transfer,24.99
17253,6292,102,2025-09-27,Completed,Apple Pay,0.0
17254,6464,101,2025-09-28,Completed,Bank Transfer,0.0
17255,5361,101,2025-09-28,Completed,Store Financing,24.99
17256,5131,102,2025-09-28,Completed,PayPal,0.0
17257,6139,101,2025-09-28,Completed,PayPal,0.0
17258,6040,101,2025-09-28,Completed,Apple Pay,0.0
17259,5355,101,2025-09-28,Completed,Bank Transfer,9.99
17260,5530,101,2025-09-28,Cancelled,Apple Pay,0.0
17261,5540,101,2025-09-28,Completed,PayPal,14.99
17262,5630,101,2025-09-28,Completed,Bank Transfer,14.99
17263,5459,101,2025-09-28,Completed,PayPal,14.99
17264,6230,101,2025-09-28,Completed,Store Financing,9.99
17265,5948,101,2025-09-28,Completed,Bank Transfer,9.99
17266,5705,105,2025-09-28,Completed,Bank Transfer,0.0
17267,6188,101,2025-09-28,Completed,Store Financing,14.99
17268,6005,101,2025-09-28,Completed,Apple Pay,0.0
17269,5814,101,2025-09-28,Completed,Bank Transfer,24.99
17270,6333,101,2025-09-29,Completed,PayPal,0.0
17271,5618,101,2025-09-29,Completed,Bank Transfer,14.99
17272,5948,101,2025-09-29,Completed,Store Financing,24.99
17273,5039,101,2025-09-29,Completed,Apple Pay,0.0
17274,5330,101,2025-09-29,Completed,Credit Card,9.99
17275,6281,101,2025-09-29,Completed,Credit Card,0.0
17276,5595,101,2025-09-29,Returned,PayPal,9.99
17277,6117,101,2025-09-29,Returned,Bank Transfer,24.99
17278,5396,101,2025-09-29,Completed,Store Financing,24.99
17279,6430,108,2025-09-29,Completed,Bank Transfer,0.0
17280,6047,107,2025-09-29,Completed,Store Financing,0.0
17281,5809,101,2025-09-29,Completed,Apple Pay,0.0
17282,5085,102,2025-09-29,Completed,PayPal,0.0
17283,5482,102,2025-09-29,Returned,Bank Transfer,0.0
17284,6092,105,2025-09-30,Cancelled,Credit Card,0.0
17285,5540,101,2025-09-30,Completed,PayPal,24.99
17286,5533,102,2025-09-30,Completed,PayPal,0.0
17287,6041,102,2025-09-30,Completed,Bank Transfer,0.0
17288,6399,107,2025-09-30,Completed,PayPal,0.0
17289,5085,102,2025-09-30,Completed,PayPal,0.0
17290,5393,101,2025-09-30,Returned,Store Financing,0.0
17291,5518,101,2025-09-30,Returned,Bank Transfer,9.99
17292,5085,101,2025-09-30,Completed,Bank Transfer,14.99
17293,6210,106,2025-09-30,Completed,Store Financing,0.0
17294,5355,108,2025-10-01,Completed,Bank Transfer,0.0
17295,5948,104,2025-10-01,Completed,Apple Pay,0.0
17296,5859,101,2025-10-01,Completed,Store Financing,24.99
17297,6153,101,2025-10-01,Completed,Bank Transfer,24.99
17298,6436,101,2025-10-01,Completed,Bank Transfer,24.99
17299,5542,101,2025-10-01,Cancelled,PayPal,0.0
17300,5892,106,2025-10-01,Completed,Apple Pay,0.0
17301,5226,107,2025-10-02,Completed,Apple Pay,0.0
17302,5408,108,2025-10-02,Completed,Store Financing,0.0
17303,6228,101,2025-10-02,Returned,Store Financing,9.99
17304,6188,104,2025-10-02,Completed,PayPal,0.0
17305,5841,101,2025-10-02,Completed,Store Financing,0.0
17306,6228,101,2025-10-02,Completed,Credit Card,24.99
17307,6274,105,2025-10-02,Completed,PayPal,0.0
17308,5567,101,2025-10-02,Completed,Bank Transfer,0.0
17309,5968,101,2025-10-02,Completed,Apple Pay,0.0
17310,6163,106,2025-10-02,Completed,Apple Pay,0.0
17311,5020,108,2025-10-03,Completed,Credit Card,0.0
17312,5696,102,2025-10-03,Completed,Apple Pay,0.0
17313,5052,104,2025-10-03,Completed,Credit Card,0.0
17314,5192,101,2025-10-03,Completed,PayPal,9.99
17315,6339,103,2025-10-03,Completed,Store Financing,0.0
17316,6160,101,2025-10-03,Completed,Store Financing,24.99
17317,5295,101,2025-10-04,Completed,Bank Transfer,24.99
17318,5284,101,2025-10-04,Completed,Bank Transfer,24.99
17319,6214,101,2025-10-04,Completed,PayPal,9.99
17320,5517,106,2025-10-04,Completed,Store Financing,0.0
17321,5376,101,2025-10-04,Completed,Bank Transfer,24.99
17322,5689,104,2025-10-04,Completed,PayPal,0.0
17323,6166,107,2025-10-04,Completed,Credit Card,0.0
17324,5418,101,2025-10-04,Cancelled,PayPal,0.0
17325,5101,103,2025-10-04,Completed,Credit Card,0.0
17326,5913,101,2025-10-04,Completed,PayPal,0.0
17327,5545,101,2025-10-04,Completed,Bank Transfer,9.99
17328,6074,101,2025-10-04,Completed,Credit Card,24.99
17329,5147,101,2025-10-04,Completed,Apple Pay,24.99
17330,6443,101,2025-10-04,Completed,Credit Card,14.99
17331,6033,101,2025-10-04,Returned,Apple Pay,0.0
17332,6043,101,2025-10-05,Completed,Store Financing,0.0
17333,5250,101,2025-10-05,Completed,Store Financing,0.0
17334,6180,101,2025-10-05,Completed,Bank Transfer,0.0
17335,5246,101,2025-10-05,Returned,Credit Card,9.99
17336,5786,101,2025-10-05,Completed,PayPal,9.99
17337,5667,101,2025-10-05,Completed,Credit Card,14.99
17338,5282,101,2025-10-05,Completed,Apple Pay,9.99
17339,5018,101,2025-10-05,Completed,Apple Pay,0.0
17340,5609,101,2025-10-05,Completed,PayPal,14.99
17341,5891,108,2025-10-05,Completed,Bank Transfer,0.0
17342,5916,101,2025-10-05,Completed,Credit Card,0.0
17343,6294,102,2025-10-05,Completed,Store Financing,0.0
17344,5184,101,2025-10-06,Completed,Apple Pay,0.0
17345,6074,101,2025-10-06,Completed,Apple Pay,9.99
17346,6463,104,2025-10-06,Completed,Credit Card,0.0
17347,6437,108,2025-10-06,Completed,PayPal,0.0
17348,5109,101,2025-10-06,Completed,Bank Transfer,0.0
17349,5318,101,2025-10-06,Completed,Credit Card,24.99
17350,6410,101,2025-10-06,Completed,Store Financing,14.99
17351,6153,101,2025-10-06,Completed,Store Financing,14.99
17352,6075,101,2025-10-06,Completed,Credit Card,9.99
17353,5775,103,2025-10-06,Completed,Credit Card,0.0
17354,6179,102,2025-10-07,Completed,Credit Card,0.0
17355,5270,101,2025-10-07,Completed,Apple Pay,9.99
17356,5407,101,2025-10-07,Completed,Apple Pay,9.99
17357,5209,101,2025-10-07,Completed,Apple Pay,14.99
17358,5853,106,2025-10-07,Completed,PayPal,0.0
17359,5320,101,2025-10-07,Completed,Store Financing,0.0
17360,5617,106,2025-10-07,Completed,Store Financing,0.0
17361,6359,101,2025-10-07,Completed,Apple Pay,24.99
17362,5044,105,2025-10-07,Completed,PayPal,0.0
17363,6500,101,2025-10-07,Completed,PayPal,14.99
17364,5875,101,2025-10-07,Cancelled,Store Financing,0.0
17365,6402,108,2025-10-07,Completed,PayPal,0.0
17366,6435,101,2025-10-08,Completed,PayPal,24.99
17367,5183,107,2025-10-08,Completed,Credit Card,0.0
17368,5258,102,2025-10-08,Completed,Credit Card,0.0
17369,6240,105,2025-10-08,Completed,Apple Pay,0.0
17370,6336,101,2025-10-08,Completed,Bank Transfer,0.0
17371,5114,101,2025-10-08,Completed,Store Financing,0.0
17372,6290,101,2025-10-08,Cancelled,Apple Pay,0.0
17373,5713,101,2025-10-08,Completed,Apple Pay,9.99
17374,5834,101,2025-10-08,Completed,Credit Card,24.99
17375,5942,101,2025-10-08,Completed,Credit Card,14.99
17376,5025,101,2025-10-08,Completed,PayPal,0.0
17377,6045,101,2025-10-08,Completed,Apple Pay,14.99
17378,6175,106,2025-10-08,Completed,PayPal,0.0
17379,6304,104,2025-10-09,Returned,Apple Pay,0.0
17380,6436,101,2025-10-09,Completed,Bank Transfer,14.99
17381,5707,101,2025-10-09,Completed,Store Financing,9.99
17382,6166,108,2025-10-09,Completed,PayPal,0.0
17383,5691,105,2025-10-09,Completed,Store Financing,0.0
17384,6206,105,2025-10-09,Completed,Credit Card,0.0
17385,5159,101,2025-10-09,Completed,Apple Pay,14.99
17386,5481,106,2025-10-09,Completed,Store Financing,0.0
17387,5965,101,2025-10-09,Completed,Credit Card,9.99
17388,5361,101,2025-10-09,Completed,PayPal,0.0
17389,5895,103,2025-10-10,Completed,PayPal,0.0
17390,5622,102,2025-10-10,Completed,PayPal,0.0
17391,5286,101,2025-10-10,Completed,PayPal,0.0
17392,6233,108,2025-10-10,Completed,Store Financing,0.0
17393,6172,108,2025-10-10,Completed,Store Financing,0.0
17394,6020,101,2025-10-10,Completed,Store Financing,24.99
17395,6095,108,2025-10-10,Completed,Apple Pay,0.0
17396,5429,101,2025-10-10,Completed,Bank Transfer,9.99
17397,5495,101,2025-10-10,Completed,Credit Card,14.99
17398,5709,101,2025-10-10,Completed,Credit Card,24.99
17399,5115,101,2025-10-10,Completed,PayPal,9.99
17400,5135,108,2025-10-10,Completed,Apple Pay,0.0
17401,6024,104,2025-10-11,Completed,PayPal,0.0
17402,6169,101,2025-10-11,Completed,Bank Transfer,14.99
17403,5068,101,2025-10-11,Cancelled,Credit Card,9.99
17404,5409,101,2025-10-11,Completed,PayPal,0.0
17405,5618,101,2025-10-11,Completed,Bank Transfer,14.99
17406,6326,104,2025-10-11,Completed,Store Financing,0.0
17407,5125,107,2025-10-11,Completed,Credit Card,0.0
17408,5114,107,2025-10-11,Completed,PayPal,0.0
17409,6220,103,2025-10-11,Completed,Credit Card,0.0
17410,6468,101,2025-10-11,Completed,Credit Card,9.99
17411,5853,105,2025-10-11,Completed,Bank Transfer,0.0
17412,5407,102,2025-10-11,Completed,Credit Card,0.0
17413,5943,101,2025-10-11,Completed,PayPal,14.99
17414,5363,101,2025-10-12,Completed,Apple Pay,0.0
17415,6248,101,2025-10-12,Completed,Bank Transfer,14.99
17416,5373,101,2025-10-12,Completed,PayPal,14.99
17417,5853,101,2025-10-12,Completed,PayPal,14.99
17418,6180,101,2025-10-12,Completed,Store Financing,0.0
17419,5080,101,2025-10-12,Completed,Credit Card,0.0
17420,6171,101,2025-10-12,Completed,Credit Card,24.99
17421,5550,106,2025-10-13,Completed,Apple Pay,0.0
17422,5334,101,2025-10-13,Completed,Bank Transfer,24.99
17423,5051,106,2025-10-13,Completed,PayPal,0.0
17424,6105,101,2025-10-13,Completed,Credit Card,9.99
17425,5555,101,2025-10-13,Completed,Credit Card,24.99
17426,5228,101,2025-10-13,Completed,Store Financing,9.99
17427,5617,101,2025-10-13,Returned,PayPal,14.99
17428,5016,101,2025-10-13,Completed,Store Financing,14.99
17429,6381,103,2025-10-13,Completed,Store Financing,0.0
17430,5407,102,2025-10-13,Completed,Bank Transfer,0.0
17431,5635,105,2025-10-13,Cancelled,Bank Transfer,0.0
17432,5571,102,2025-10-13,Completed,PayPal,0.0
17433,6387,106,2025-10-13,Completed,Credit Card,0.0
17434,5822,101,2025-10-14,Completed,PayPal,24.99
17435,6459,101,2025-10-14,Completed,PayPal,0.0
17436,5081,108,2025-10-14,Completed,Credit Card,0.0
17437,6455,102,2025-10-14,Completed,Bank Transfer,0.0
17438,6170,101,2025-10-14,Completed,PayPal,9.99
17439,5852,101,2025-10-14,Completed,Credit Card,9.99
17440,5751,102,2025-10-14,Completed,Store Financing,0.0
17441,5938,101,2025-10-14,Cancelled,Bank Transfer,9.99
17442,5716,104,2025-10-14,Completed,PayPal,0.0
17443,5220,101,2025-10-14,Completed,Apple Pay,14.99
17444,6180,106,2025-10-14,Cancelled,Apple Pay,0.0
17445,5468,101,2025-10-14,Completed,Apple Pay,24.99
17446,5538,102,2025-10-14,Completed,PayPal,0.0
17447,5151,101,2025-10-15,Completed,Credit Card,9.99
17448,5751,102,2025-10-15,Completed,Apple Pay,0.0
17449,5147,101,2025-10-15,Completed,Bank Transfer,9.99
17450,6376,101,2025-10-15,Completed,Bank Transfer,24.99
17451,6214,101,2025-10-15,Completed,Bank Transfer,24.99
17452,5952,101,2025-10-15,Returned,Store Financing,9.99
17453,5110,101,2025-10-16,Completed,Credit Card,14.99
17454,5313,101,2025-10-16,Completed,Store Financing,14.99
17455,5274,106,2025-10-16,Completed,Store Financing,0.0
17456,5647,101,2025-10-16,Returned,Credit Card,0.0
17457,6135,101,2025-10-16,Returned,PayPal,9.99
17458,6143,101,2025-10-16,Completed,Apple Pay,9.99
17459,5228,103,2025-10-16,Completed,PayPal,0.0
17460,6228,101,2025-10-16,Completed,PayPal,0.0
17461,5360,101,2025-10-16,Completed,Apple Pay,24.99
17462,5609,101,2025-10-16,Completed,Credit Card,9.99
17463,5025,101,2025-10-17,Completed,Store Financing,24.99
17464,6016,101,2025-10-17,Completed,Bank Transfer,0.0
17465,5123,102,2025-10-17,Completed,Bank Transfer,0.0
17466,5261,101,2025-10-17,Completed,Credit Card,0.0
17467,5696,102,2025-10-17,Completed,Bank Transfer,0.0
17468,6089,101,2025-10-17,Completed,Apple Pay,24.99
17469,5005,102,2025-10-17,Completed,PayPal,0.0
17470,5666,101,2025-10-17,Completed,Credit Card,9.99
17471,6231,101,2025-10-17,Completed,Store Financing,24.99
17472,5427,105,2025-10-17,Completed,Bank Transfer,0.0
17473,6155,101,2025-10-17,Completed,Apple Pay,0.0
17474,6393,106,2025-10-17,Completed,PayPal,0.0
17475,5197,101,2025-10-17,Completed,PayPal,24.99
17476,5508,101,2025-10-17,Completed,Apple Pay,14.99
17477,6166,108,2025-10-18,Completed,Apple Pay,0.0
17478,6207,102,2025-10-18,Completed,Bank Transfer,0.0
17479,6275,101,2025-10-18,Completed,Bank Transfer,0.0
17480,5754,101,2025-10-18,Completed,Store Financing,14.99
17481,6350,101,2025-10-18,Completed,PayPal,9.99
17482,5752,101,2025-10-18,Completed,Credit Card,14.99
17483,5819,101,2025-10-18,Completed,PayPal,14.99
17484,6047,101,2025-10-18,Completed,Apple Pay,24.99
17485,6468,101,2025-10-18,Completed,PayPal,14.99
17486,5757,101,2025-10-19,Completed,Bank Transfer,9.99
17487,5007,101,2025-10-19,Completed,Apple Pay,9.99
17488,5489,101,2025-10-19,Completed,Apple Pay,24.99
17489,6237,104,2025-10-19,Completed,Bank Transfer,0.0
17490,5840,102,2025-10-19,Completed,PayPal,0.0
17491,5751,102,2025-10-19,Returned,Credit Card,0.0
17492,5019,103,2025-10-19,Completed,Store Financing,0.0
17493,5930,102,2025-10-20,Completed,Credit Card,0.0
17494,5250,101,2025-10-20,Completed,Store Financing,0.0
17495,6018,101,2025-10-20,Returned,Store Financing,24.99
17496,6159,106,2025-10-20,Completed,Store Financing,0.0
17497,6038,101,2025-10-20,Completed,Credit Card,9.99
17498,6368,107,2025-10-20,Completed,Store Financing,0.0
17499,6368,108,2025-10-20,Returned,Store Financing,0.0
17500,5523,101,2025-10-20,Completed,Store Financing,24.99
17501,5170,105,2025-10-21,Completed,PayPal,0.0
17502,6334,105,2025-10-21,Completed,Apple Pay,0.0
17503,5250,105,2025-10-21,Completed,Store Financing,0.0
17504,6089,105,2025-10-21,Completed,Store Financing,0.0
17505,5642,104,2025-10-21,Completed,Apple Pay,0.0
17506,5158,101,2025-10-21,Completed,Bank Transfer,9.99
17507,5758,101,2025-10-21,Completed,Credit Card,14.99
17508,5742,108,2025-10-22,Completed,Store Financing,0.0
17509,5320,101,2025-10-22,Returned,Credit Card,9.99
17510,5250,101,2025-10-22,Completed,Credit Card,9.99
17511,5916,101,2025-10-22,Completed,Credit Card,24.99
17512,5204,101,2025-10-22,Completed,Store Financing,0.0
17513,5291,101,2025-10-22,Completed,Store Financing,9.99
17514,5931,102,2025-10-23,Completed,PayPal,0.0
17515,5398,101,2025-10-23,Completed,Bank Transfer,14.99
17516,5636,107,2025-10-23,Completed,Apple Pay,0.0
17517,5742,107,2025-10-23,Completed,Credit Card,0.0
17518,5608,101,2025-10-23,Cancelled,Bank Transfer,0.0
17519,5028,101,2025-10-23,Completed,Bank Transfer,0.0
17520,5845,101,2025-10-23,Completed,Apple Pay,24.99
17521,5085,101,2025-10-23,Cancelled,Bank Transfer,9.99
17522,5572,103,2025-10-24,Completed,Apple Pay,0.0
17523,6360,101,2025-10-24,Completed,Bank Transfer,24.99
17524,5965,101,2025-10-24,Completed,PayPal,24.99
17525,5822,102,2025-10-24,Completed,Store Financing,0.0
17526,6135,101,2025-10-24,Completed,Bank Transfer,0.0
17527,5751,102,2025-10-24,Completed,Credit Card,0.0
17528,5299,105,2025-10-24,Completed,Apple Pay,0.0
17529,5063,103,2025-10-25,Completed,Apple Pay,0.0
17530,6478,102,2025-10-25,Completed,Credit Card,0.0
17531,6368,101,2025-10-25,Completed,PayPal,0.0
17532,6166,101,2025-10-25,Completed,Bank Transfer,24.99
17533,6047,107,2025-10-25,Completed,Store Financing,0.0
17534,5243,101,2025-10-25,Completed,Bank Transfer,14.99
17535,5252,101,2025-10-25,Completed,Store Financing,9.99
17536,5244,101,2025-10-25,Completed,Bank Transfer,9.99
17537,5544,101,2025-10-25,Completed,Apple Pay,0.0
17538,6260,101,2025-10-25,Completed,Bank Transfer,9.99
17539,6332,101,2025-10-26,Completed,PayPal,24.99
17540,5546,101,2025-10-26,Completed,Apple Pay,9.99
17541,6349,101,2025-10-26,Completed,Bank Transfer,9.99
17542,5733,104,2025-10-26,Completed,Store Financing,0.0
17543,5890,102,2025-10-26,Completed,PayPal,0.0
17544,5170,101,2025-10-26,Completed,Bank Transfer,9.99
17545,5968,108,2025-10-26,Completed,Credit Card,0.0
17546,6196,101,2025-10-26,Completed,Store Financing,0.0
17547,5252,101,2025-10-26,Completed,Bank Transfer,24.99
17548,6033,107,2025-10-26,Completed,PayPal,0.0
17549,6483,105,2025-10-26,Completed,Credit Card,0.0
17550,5332,101,2025-10-26,Completed,Apple Pay,9.99
17551,6324,101,2025-10-27,Completed,Bank Transfer,0.0
17552,5822,102,2025-10-27,Completed,Store Financing,0.0
17553,5916,101,2025-10-27,Completed,Bank Transfer,14.99
17554,5385,101,2025-10-27,Completed,Credit Card,9.99
17555,5045,105,2025-10-27,Completed,Credit Card,0.0
17556,5863,103,2025-10-27,Completed,Apple Pay,0.0
17557,5968,101,2025-10-27,Completed,Credit Card,9.99
17558,5496,101,2025-10-28,Completed,PayPal,24.99
17559,6490,101,2025-10-28,Completed,Credit Card,9.99
17560,5464,103,2025-10-28,Completed,Credit Card,0.0
17561,5943,103,2025-10-28,Completed,Apple Pay,0.0
17562,5025,103,2025-10-28,Completed,PayPal,0.0
17563,5126,101,2025-10-28,Completed,Credit Card,9.99
17564,5130,102,2025-10-28,Completed,Bank Transfer,0.0
17565,5999,101,2025-10-28,Completed,Store Financing,14.99
17566,6431,101,2025-10-28,Completed,Bank Transfer,24.99
17567,6243,101,2025-10-28,Completed,Credit Card,14.99
17568,5411,101,2025-10-28,Completed,PayPal,24.99
17569,5365,108,2025-10-28,Completed,Store Financing,0.0
17570,5986,101,2025-10-28,Completed,Store Financing,9.99
17571,6040,102,2025-10-28,Completed,Store Financing,0.0
17572,5044,101,2025-10-29,Completed,Credit Card,24.99
17573,6260,101,2025-10-29,Completed,Bank Transfer,24.99
17574,6196,101,2025-10-29,Completed,Store Financing,0.0
17575,5617,101,2025-10-29,Completed,Apple Pay,0.0
17576,5569,101,2025-10-29,Returned,PayPal,9.99
17577,6060,108,2025-10-29,Completed,PayPal,0.0
17578,5973,101,2025-10-29,Completed,Store Financing,0.0
17579,5556,101,2025-10-29,Completed,PayPal,14.99
17580,5629,106,2025-10-29,Completed,Credit Card,0.0
17581,6381,103,2025-10-29,Completed,Apple Pay,0.0
17582,6220,103,2025-10-30,Completed,Store Financing,0.0
17583,6482,103,2025-10-30,Completed,Apple Pay,0.0
17584,5118,101,2025-10-30,Completed,Bank Transfer,0.0
17585,5564,101,2025-10-30,Completed,PayPal,9.99
17586,6023,107,2025-10-30,Completed,Credit Card,0.0
17587,6184,101,2025-10-30,Completed,Store Financing,9.99
17588,6008,101,2025-10-30,Completed,Store Financing,0.0
17589,5543,101,2025-10-30,Completed,PayPal,24.99
17590,5384,101,2025-10-30,Completed,Store Financing,9.99
17591,5889,102,2025-10-30,Completed,PayPal,0.0
17592,6340,108,2025-10-30,Completed,Store Financing,0.0
17593,5110,107,2025-10-30,Returned,PayPal,0.0
17594,6160,101,2025-10-30,Completed,Credit Card,0.0
17595,6336,107,2025-10-30,Completed,Apple Pay,0.0
17596,5363,101,2025-10-31,Completed,Credit Card,14.99
17597,5816,101,2025-10-31,Completed,Bank Transfer,0.0
17598,5528,108,2025-10-31,Completed,Apple Pay,0.0
17599,6196,104,2025-10-31,Completed,Apple Pay,0.0
17600,5147,105,2025-10-31,Completed,Bank Transfer,0.0
17601,5972,101,2025-10-31,Completed,Apple Pay,9.99
17602,5937,107,2025-10-31,Completed,Store Financing,0.0
17603,5612,108,2025-10-31,Returned,Bank Transfer,0.0
17604,5079,106,2025-10-31,Completed,PayPal,0.0
17605,5130,102,2025-10-31,Completed,Bank Transfer,0.0
17606,6252,101,2025-10-31,Completed,Store Financing,0.0
17607,5925,102,2025-10-31,Completed,Apple Pay,0.0
17608,5848,102,2025-10-31,Completed,Credit Card,0.0
17609,5244,106,2025-10-31,Completed,Apple Pay,0.0
17610,5396,101,2025-11-01,Completed,Store Financing,14.99
17611,5090,105,2025-11-01,Cancelled,Bank Transfer,0.0
17612,5235,101,2025-11-01,Returned,Credit Card,0.0
17613,5130,102,2025-11-01,Completed,Credit Card,0.0
17614,6483,101,2025-11-01,Completed,PayPal,24.99
17615,5742,101,2025-11-01,Completed,Credit Card,9.99
17616,6163,101,2025-11-01,Completed,Apple Pay,0.0
17617,5787,101,2025-11-01,Returned,Apple Pay,14.99
17618,5132,101,2025-11-01,Completed,PayPal,14.99
17619,5039,101,2025-11-01,Completed,Store Financing,24.99
17620,5934,103,2025-11-01,Cancelled,Bank Transfer,0.0
17621,5046,107,2025-11-01,Completed,Apple Pay,0.0
17622,6349,102,2025-11-01,Completed,Credit Card,0.0
17623,6175,101,2025-11-01,Completed,Apple Pay,9.99
17624,5087,104,2025-11-01,Completed,PayPal,0.0
17625,5438,101,2025-11-01,Completed,Credit Card,0.0
17626,5987,108,2025-11-01,Completed,Bank Transfer,0.0
17627,5617,106,2025-11-01,Completed,Store Financing,0.0
17628,5097,101,2025-11-01,Completed,Apple Pay,9.99
17629,5577,106,2025-11-01,Completed,Bank Transfer,0.0
17630,5832,104,2025-11-01,Cancelled,Credit Card,0.0
17631,6137,108,2025-11-01,Completed,PayPal,0.0
17632,6012,107,2025-11-01,Completed,Store Financing,0.0
17633,5523,101,2025-11-01,Completed,Bank Transfer,9.99
17634,5599,101,2025-11-02,Completed,Credit Card,14.99
17635,5119,102,2025-11-02,Completed,Store Financing,0.0
17636,6487,101,2025-11-02,Completed,Bank Transfer,14.99
17637,5265,101,2025-11-02,Completed,Credit Card,9.99
17638,6188,101,2025-11-02,Completed,Apple Pay,14.99
17639,5963,105,2025-11-02,Completed,Apple Pay,0.0
17640,6390,101,2025-11-02,Completed,Credit Card,9.99
17641,6243,101,2025-11-02,Completed,Credit Card,9.99
17642,6426,101,2025-11-02,Completed,Store Financing,14.99
17643,5085,102,2025-11-02,Completed,Credit Card,0.0
17644,6150,101,2025-11-02,Returned,Bank Transfer,14.99
17645,6495,101,2025-11-02,Completed,Bank Transfer,24.99
17646,5386,105,2025-11-02,Completed,Bank Transfer,0.0
17647,6239,101,2025-11-02,Completed,PayPal,14.99
17648,6157,106,2025-11-02,Completed,Bank Transfer,0.0
17649,6213,101,2025-11-02,Completed,Credit Card,0.0
17650,5003,101,2025-11-02,Completed,Store Financing,0.0
17651,6125,101,2025-11-02,Completed,Apple Pay,0.0
17652,5945,101,2025-11-02,Completed,Store Financing,9.99
17653,5544,104,2025-11-02,Completed,PayPal,0.0
17654,5123,102,2025-11-02,Completed,Store Financing,0.0
17655,6381,101,2025-11-02,Completed,Store Financing,14.99
17656,5599,108,2025-11-03,Completed,Bank Transfer,0.0
17657,6381,101,2025-11-03,Completed,Bank Transfer,9.99
17658,6054,102,2025-11-03,Completed,Bank Transfer,0.0
17659,5244,105,2025-11-03,Completed,Apple Pay,0.0
17660,5048,105,2025-11-03,Completed,Store Financing,0.0
17661,5313,102,2025-11-03,Completed,Store Financing,0.0
17662,5545,101,2025-11-03,Completed,Apple Pay,0.0
17663,5125,101,2025-11-03,Completed,Credit Card,0.0
17664,5141,101,2025-11-03,Completed,Apple Pay,14.99
17665,5021,101,2025-11-03,Completed,Apple Pay,9.99
17666,6105,102,2025-11-03,Completed,Bank Transfer,0.0
17667,5967,101,2025-11-03,Cancelled,Apple Pay,14.99
17668,6003,101,2025-11-03,Completed,Apple Pay,0.0
17669,5235,108,2025-11-03,Completed,Apple Pay,0.0
17670,5396,101,2025-11-03,Completed,Bank Transfer,24.99
17671,5889,102,2025-11-03,Completed,Apple Pay,0.0
17672,5062,101,2025-11-04,Completed,PayPal,9.99
17673,5993,105,2025-11-04,Completed,Credit Card,0.0
17674,5193,101,2025-11-04,Completed,Store Financing,14.99
17675,5373,108,2025-11-04,Completed,Bank Transfer,0.0
17676,5528,101,2025-11-04,Completed,Bank Transfer,14.99
17677,5001,101,2025-11-04,Completed,Credit Card,24.99
17678,5517,101,2025-11-04,Cancelled,PayPal,24.99
17679,5145,101,2025-11-04,Completed,Bank Transfer,9.99
17680,6116,108,2025-11-04,Completed,Credit Card,0.0
17681,6208,101,2025-11-04,Completed,Bank Transfer,24.99
17682,6336,101,2025-11-04,Completed,Store Financing,9.99
17683,6170,102,2025-11-04,Completed,Apple Pay,0.0
17684,5498,103,2025-11-04,Completed,Store Financing,0.0
17685,5503,106,2025-11-04,Completed,Store Financing,0.0
17686,6227,101,2025-11-04,Completed,Store Financing,24.99
17687,5529,101,2025-11-04,Completed,Apple Pay,14.99
17688,5500,107,2025-11-04,Completed,PayPal,0.0
17689,5554,101,2025-11-04,Completed,Credit Card,0.0
17690,6284,101,2025-11-05,Completed,Store Financing,24.99
17691,5518,108,2025-11-05,Completed,PayPal,0.0
17692,6024,101,2025-11-05,Completed,Store Financing,14.99
17693,6043,101,2025-11-05,Completed,Credit Card,0.0
17694,6143,103,2025-11-05,Completed,Credit Card,0.0
17695,5453,104,2025-11-05,Completed,Apple Pay,0.0
17696,5758,103,2025-11-05,Completed,PayPal,0.0
17697,5081,101,2025-11-05,Completed,PayPal,24.99
17698,5602,101,2025-11-05,Completed,Bank Transfer,9.99
17699,5019,103,2025-11-05,Returned,Apple Pay,0.0
17700,5522,102,2025-11-05,Completed,PayPal,0.0
17701,5742,101,2025-11-05,Completed,PayPal,24.99
17702,5900,107,2025-11-05,Completed,PayPal,0.0
17703,6071,101,2025-11-05,Completed,PayPal,24.99
17704,5617,101,2025-11-05,Completed,PayPal,0.0
17705,5656,106,2025-11-05,Cancelled,PayPal,0.0
17706,6347,104,2025-11-05,Completed,Apple Pay,0.0
17707,5614,101,2025-11-05,Completed,PayPal,0.0
17708,5658,102,2025-11-05,Completed,Credit Card,0.0
17709,5418,101,2025-11-05,Completed,Apple Pay,9.99
17710,5347,103,2025-11-05,Completed,Apple Pay,0.0
17711,5955,106,2025-11-05,Completed,PayPal,0.0
17712,6244,101,2025-11-05,Completed,Store Financing,14.99
17713,5313,102,2025-11-05,Completed,Bank Transfer,0.0
17714,5201,106,2025-11-05,Completed,PayPal,0.0
17715,5666,101,2025-11-06,Completed,Credit Card,0.0
17716,5779,105,2025-11-06,Completed,Store Financing,0.0
17717,5438,108,2025-11-06,Completed,Bank Transfer,0.0
17718,5503,106,2025-11-06,Completed,Store Financing,0.0
17719,5658,102,2025-11-06,Completed,Apple Pay,0.0
17720,6399,101,2025-11-06,Completed,PayPal,14.99
17721,5034,101,2025-11-06,Completed,Credit Card,24.99
17722,5942,108,2025-11-06,Completed,Bank Transfer,0.0
17723,5579,101,2025-11-06,Cancelled,Apple Pay,0.0
17724,5230,101,2025-11-06,Completed,Store Financing,14.99
17725,5762,102,2025-11-06,Completed,Credit Card,0.0
17726,5523,101,2025-11-06,Completed,Credit Card,9.99
17727,5112,101,2025-11-07,Completed,PayPal,0.0
17728,6418,106,2025-11-07,Completed,Apple Pay,0.0
17729,5334,101,2025-11-07,Completed,PayPal,14.99
17730,6007,105,2025-11-07,Completed,Credit Card,0.0
17731,6385,101,2025-11-07,Completed,Apple Pay,9.99
17732,5384,102,2025-11-07,Completed,Bank Transfer,0.0
17733,5852,101,2025-11-07,Completed,PayPal,24.99
17734,5018,104,2025-11-07,Completed,PayPal,0.0
17735,5867,101,2025-11-07,Returned,Store Financing,0.0
17736,6340,108,2025-11-07,Completed,PayPal,0.0
17737,6260,101,2025-11-07,Completed,Credit Card,0.0
17738,6462,101,2025-11-07,Completed,Bank Transfer,24.99
17739,6473,103,2025-11-08,Completed,Bank Transfer,0.0
17740,5329,101,2025-11-08,Completed,Store Financing,9.99
17741,5651,101,2025-11-08,Completed,Credit Card,14.99
17742,5635,101,2025-11-08,Completed,Bank Transfer,24.99
17743,5163,106,2025-11-08,Completed,PayPal,0.0
17744,5744,101,2025-11-08,Completed,Store Financing,24.99
17745,6045,103,2025-11-08,Completed,Store Financing,0.0
17746,5174,104,2025-11-08,Completed,PayPal,0.0
17747,6066,101,2025-11-08,Completed,Credit Card,0.0
17748,5650,106,2025-11-08,Completed,Store Financing,0.0
17749,5562,102,2025-11-08,Completed,Store Financing,0.0
17750,6039,101,2025-11-08,Completed,Store Financing,14.99
17751,6473,101,2025-11-08,Completed,Bank Transfer,24.99
17752,6483,101,2025-11-08,Completed,Credit Card,9.99
17753,6199,101,2025-11-08,Completed,Store Financing,24.99
17754,5159,105,2025-11-08,Completed,Apple Pay,0.0
17755,6220,103,2025-11-08,Completed,PayPal,0.0
17756,5777,101,2025-11-08,Returned,Credit Card,0.0
17757,5185,107,2025-11-08,Completed,Apple Pay,0.0
17758,6203,103,2025-11-09,Completed,Credit Card,0.0
17759,6398,101,2025-11-09,Completed,Bank Transfer,0.0
17760,6221,101,2025-11-09,Completed,Apple Pay,14.99
17761,6238,101,2025-11-09,Completed,PayPal,0.0
17762,5224,106,2025-11-09,Completed,PayPal,0.0
17763,5738,104,2025-11-09,Completed,Bank Transfer,0.0
17764,6246,105,2025-11-09,Completed,Credit Card,0.0
17765,6143,101,2025-11-09,Completed,PayPal,9.99
17766,5643,105,2025-11-09,Completed,Apple Pay,0.0
17767,6498,101,2025-11-09,Completed,Bank Transfer,9.99
17768,5814,101,2025-11-09,Completed,Credit Card,9.99
17769,5193,107,2025-11-09,Completed,Credit Card,0.0
17770,5607,101,2025-11-09,Completed,Apple Pay,0.0
17771,5796,101,2025-11-09,Completed,PayPal,0.0
17772,5379,104,2025-11-09,Completed,Store Financing,0.0
17773,6282,101,2025-11-09,Completed,PayPal,9.99
17774,5539,102,2025-11-09,Completed,Bank Transfer,0.0
17775,6436,101,2025-11-09,Completed,PayPal,24.99
17776,5654,101,2025-11-09,Completed,PayPal,14.99
17777,5888,101,2025-11-09,Completed,Store Financing,14.99
17778,5892,101,2025-11-09,Completed,Bank Transfer,9.99
17779,6157,106,2025-11-09,Completed,PayPal,0.0
17780,5904,101,2025-11-10,Completed,Apple Pay,14.99
17781,5502,105,2025-11-10,Completed,PayPal,0.0
17782,6074,101,2025-11-10,Completed,Bank Transfer,9.99
17783,5393,101,2025-11-10,Completed,Bank Transfer,0.0
17784,5045,101,2025-11-10,Completed,PayPal,14.99
17785,6131,101,2025-11-10,Completed,Bank Transfer,14.99
17786,6482,103,2025-11-10,Completed,Bank Transfer,0.0
17787,5742,108,2025-11-10,Completed,Store Financing,0.0
17788,6127,101,2025-11-10,Returned,Credit Card,14.99
17789,6368,108,2025-11-10,Returned,Apple Pay,0.0
17790,5833,101,2025-11-10,Completed,Credit Card,9.99
17791,5834,102,2025-11-10,Completed,Store Financing,0.0
17792,6278,102,2025-11-10,Completed,PayPal,0.0
17793,6359,101,2025-11-10,Completed,Apple Pay,24.99
17794,6368,107,2025-11-10,Completed,Apple Pay,0.0
17795,5617,101,2025-11-10,Completed,Apple Pay,24.99
17796,6062,101,2025-11-10,Completed,PayPal,24.99
17797,5014,107,2025-11-10,Completed,Bank Transfer,0.0
17798,5308,101,2025-11-10,Completed,PayPal,0.0
17799,5123,101,2025-11-10,Completed,Credit Card,14.99
17800,5630,101,2025-11-10,Completed,Apple Pay,14.99
17801,5739,104,2025-11-10,Cancelled,Credit Card,0.0
17802,6172,101,2025-11-10,Completed,Apple Pay,14.99
17803,6464,104,2025-11-10,Completed,PayPal,0.0
17804,5502,101,2025-11-11,Completed,Bank Transfer,24.99
17805,5221,101,2025-11-11,Completed,PayPal,14.99
17806,5489,101,2025-11-11,Completed,Apple Pay,24.99
17807,5220,101,2025-11-11,Completed,PayPal,14.99
17808,5630,101,2025-11-11,Completed,Store Financing,0.0
17809,5230,101,2025-11-11,Completed,PayPal,0.0
17810,6135,105,2025-11-11,Completed,PayPal,0.0
17811,5668,105,2025-11-11,Returned,Credit Card,0.0
17812,6194,105,2025-11-11,Cancelled,Credit Card,0.0
17813,5262,101,2025-11-11,Cancelled,Apple Pay,0.0
17814,6095,101,2025-11-11,Completed,Credit Card,24.99
17815,5181,104,2025-11-11,Completed,Credit Card,0.0
17816,5916,101,2025-11-11,Completed,Store Financing,9.99
17817,5888,101,2025-11-11,Completed,Apple Pay,14.99
17818,5945,101,2025-11-11,Completed,Bank Transfer,14.99
17819,6436,101,2025-11-11,Completed,Bank Transfer,24.99
17820,5635,101,2025-11-11,Completed,Credit Card,14.99
17821,5538,102,2025-11-11,Completed,Credit Card,0.0
17822,6041,102,2025-11-11,Completed,Bank Transfer,0.0
17823,6490,101,2025-11-11,Completed,PayPal,0.0
17824,5821,101,2025-11-12,Completed,Apple Pay,0.0
17825,5680,101,2025-11-12,Completed,Store Financing,9.99
17826,6043,101,2025-11-12,Completed,PayPal,0.0
17827,5349,101,2025-11-12,Completed,Store Financing,0.0
17828,5611,108,2025-11-12,Completed,Bank Transfer,0.0
17829,6474,101,2025-11-12,Completed,Apple Pay,0.0
17830,6108,101,2025-11-12,Returned,Apple Pay,24.99
17831,6110,101,2025-11-12,Completed,Apple Pay,14.99
17832,6012,101,2025-11-12,Completed,Apple Pay,0.0
17833,5772,107,2025-11-12,Completed,Store Financing,0.0
17834,6173,101,2025-11-12,Completed,PayPal,0.0
17835,5801,101,2025-11-13,Completed,PayPal,0.0
17836,5439,108,2025-11-13,Completed,Store Financing,0.0
17837,5023,101,2025-11-13,Completed,Apple Pay,14.99
17838,5471,101,2025-11-13,Completed,Apple Pay,14.99
17839,5986,104,2025-11-13,Completed,Store Financing,0.0
17840,6482,101,2025-11-13,Completed,Apple Pay,24.99
17841,5679,101,2025-11-13,Completed,PayPal,9.99
17842,5667,105,2025-11-13,Completed,Bank Transfer,0.0
17843,6011,108,2025-11-13,Completed,Bank Transfer,0.0
17844,5502,101,2025-11-13,Returned,Bank Transfer,24.99
17845,5948,101,2025-11-13,Completed,PayPal,24.99
17846,6351,101,2025-11-14,Completed,Credit Card,24.99
17847,6175,106,2025-11-14,Completed,Bank Transfer,0.0
17848,5648,101,2025-11-14,Completed,Bank Transfer,24.99
17849,5271,101,2025-11-14,Returned,Credit Card,14.99
17850,5320,101,2025-11-14,Completed,PayPal,0.0
17851,6463,103,2025-11-14,Completed,PayPal,0.0
17852,5564,103,2025-11-14,Completed,Store Financing,0.0
17853,5866,102,2025-11-14,Completed,PayPal,0.0
17854,5630,102,2025-11-14,Completed,PayPal,0.0
17855,6012,108,2025-11-14,Completed,Apple Pay,0.0
17856,5607,101,2025-11-14,Completed,PayPal,24.99
17857,5521,101,2025-11-14,Completed,Store Financing,9.99
17858,5296,107,2025-11-15,Completed,Credit Card,0.0
17859,5173,106,2025-11-15,Completed,Credit Card,0.0
17860,6328,101,2025-11-15,Completed,Bank Transfer,24.99
17861,6435,107,2025-11-15,Completed,PayPal,0.0
17862,5244,105,2025-11-15,Completed,Bank Transfer,0.0
17863,5999,108,2025-11-15,Completed,PayPal,0.0
17864,6415,101,2025-11-15,Completed,Apple Pay,0.0
17865,5177,102,2025-11-15,Completed,Credit Card,0.0
17866,5310,101,2025-11-15,Completed,Apple Pay,0.0
17867,5630,101,2025-11-15,Completed,Bank Transfer,0.0
17868,5003,107,2025-11-15,Completed,Store Financing,0.0
17869,5396,101,2025-11-15,Completed,Credit Card,0.0
17870,6146,105,2025-11-15,Completed,Bank Transfer,0.0
17871,6175,101,2025-11-15,Completed,PayPal,24.99
17872,6262,103,2025-11-15,Completed,Store Financing,0.0
17873,5359,103,2025-11-15,Completed,Credit Card,0.0
17874,6292,101,2025-11-15,Completed,Credit Card,0.0
17875,5166,102,2025-11-15,Completed,Store Financing,0.0
17876,6278,101,2025-11-15,Completed,Credit Card,14.99
17877,6012,101,2025-11-15,Completed,Store Financing,24.99
17878,5081,107,2025-11-15,Completed,Credit Card,0.0
17879,5450,101,2025-11-15,Completed,Credit Card,24.99
17880,5795,101,2025-11-15,Completed,Credit Card,14.99
17881,6171,101,2025-11-15,Completed,Store Financing,24.99
17882,5528,101,2025-11-15,Returned,Apple Pay,24.99
17883,5418,101,2025-11-15,Completed,Bank Transfer,14.99
17884,5569,102,2025-11-15,Completed,Store Financing,0.0
17885,5559,105,2025-11-15,Completed,Bank Transfer,0.0
17886,6435,101,2025-11-15,Completed,Credit Card,24.99
17887,5658,102,2025-11-15,Completed,Credit Card,0.0
17888,6010,102,2025-11-15,Completed,Store Financing,0.0
17889,5968,107,2025-11-16,Completed,Bank Transfer,0.0
17890,5587,101,2025-11-16,Completed,Bank Transfer,0.0
17891,6430,101,2025-11-16,Completed,Store Financing,0.0
17892,5128,105,2025-11-16,Completed,Credit Card,0.0
17893,5751,102,2025-11-16,Completed,PayPal,0.0
17894,5868,103,2025-11-16,Completed,Credit Card,0.0
17895,5817,101,2025-11-16,Completed,PayPal,9.99
17896,6456,106,2025-11-16,Completed,Credit Card,0.0
17897,5133,101,2025-11-16,Completed,Store Financing,9.99
17898,5647,102,2025-11-16,Completed,Apple Pay,0.0
17899,5403,101,2025-11-16,Completed,PayPal,24.99
17900,5044,105,2025-11-16,Cancelled,Bank Transfer,0.0
17901,6394,104,2025-11-16,Completed,Store Financing,0.0
17902,5456,101,2025-11-16,Completed,Store Financing,24.99
17903,5285,103,2025-11-16,Completed,Bank Transfer,0.0
17904,5645,101,2025-11-17,Completed,PayPal,0.0
17905,5015,101,2025-11-17,Completed,Store Financing,9.99
17906,5046,101,2025-11-17,Completed,Store Financing,24.99
17907,5965,104,2025-11-17,Completed,PayPal,0.0
17908,6247,101,2025-11-17,Completed,Credit Card,9.99
17909,5622,101,2025-11-17,Completed,Apple Pay,24.99
17910,5087,101,2025-11-17,Completed,Apple Pay,9.99
17911,6430,101,2025-11-17,Completed,Store Financing,24.99
17912,5274,101,2025-11-17,Completed,Credit Card,14.99
17913,6297,105,2025-11-17,Completed,Credit Card,0.0
17914,5248,107,2025-11-17,Completed,Bank Transfer,0.0
17915,5069,101,2025-11-17,Completed,Apple Pay,0.0
17916,5119,101,2025-11-17,Completed,Bank Transfer,24.99
17917,6437,107,2025-11-17,Completed,Apple Pay,0.0
17918,5487,105,2025-11-18,Completed,Credit Card,0.0
17919,5913,106,2025-11-18,Completed,Store Financing,0.0
17920,5943,101,2025-11-18,Completed,Bank Transfer,9.99
17921,6260,101,2025-11-18,Completed,Store Financing,24.99
17922,5969,101,2025-11-18,Completed,Credit Card,24.99
17923,6169,107,2025-11-18,Completed,Apple Pay,0.0
17924,5420,104,2025-11-18,Completed,PayPal,0.0
17925,5528,101,2025-11-18,Completed,PayPal,24.99
17926,6007,106,2025-11-18,Completed,Credit Card,0.0
17927,6328,102,2025-11-18,Completed,Apple Pay,0.0
17928,6069,106,2025-11-18,Completed,Credit Card,0.0
17929,5468,108,2025-11-18,Completed,Store Financing,0.0
17930,5509,101,2025-11-19,Cancelled,PayPal,14.99
17931,5834,102,2025-11-19,Completed,Bank Transfer,0.0
17932,6358,101,2025-11-19,Completed,Store Financing,14.99
17933,5202,104,2025-11-19,Completed,Credit Card,0.0
17934,6166,108,2025-11-19,Completed,Bank Transfer,0.0
17935,6318,101,2025-11-19,Returned,PayPal,0.0
17936,6008,106,2025-11-19,Completed,Apple Pay,0.0
17937,5108,101,2025-11-19,Completed,Store Financing,24.99
17938,5675,101,2025-11-19,Completed,Bank Transfer,0.0
17939,5704,101,2025-11-19,Completed,Apple Pay,14.99
17940,5511,105,2025-11-19,Completed,Store Financing,0.0
17941,5728,101,2025-11-19,Completed,Apple Pay,9.99
17942,5476,107,2025-11-19,Completed,Apple Pay,0.0
17943,6176,101,2025-11-19,Completed,Bank Transfer,0.0
17944,5754,105,2025-11-19,Completed,Store Financing,0.0
17945,5919,106,2025-11-19,Completed,Credit Card,0.0
17946,6143,101,2025-11-20,Completed,PayPal,9.99
17947,6114,102,2025-11-20,Completed,Apple Pay,0.0
17948,6150,107,2025-11-20,Completed,PayPal,0.0
17949,5652,104,2025-11-20,Completed,Bank Transfer,0.0
17950,5298,106,2025-11-20,Completed,PayPal,0.0
17951,6394,103,2025-11-20,Completed,Store Financing,0.0
17952,5136,101,2025-11-20,Completed,Store Financing,0.0
17953,6237,104,2025-11-20,Completed,Store Financing,0.0
17954,5863,101,2025-11-20,Completed,Credit Card,24.99
17955,6010,101,2025-11-20,Completed,Apple Pay,9.99
17956,5281,101,2025-11-20,Completed,Credit Card,9.99
17957,6436,101,2025-11-20,Completed,PayPal,0.0
17958,5256,101,2025-11-20,Completed,Apple Pay,0.0
17959,6107,102,2025-11-20,Completed,Store Financing,0.0
17960,6328,101,2025-11-20,Completed,Apple Pay,9.99
17961,6075,101,2025-11-20,Completed,Store Financing,14.99
17962,5986,101,2025-11-20,Completed,PayPal,9.99
17963,5324,101,2025-11-20,Completed,Apple Pay,14.99
17964,6159,105,2025-11-20,Completed,Store Financing,0.0
17965,5779,101,2025-11-20,Cancelled,Store Financing,14.99
17966,6500,101,2025-11-20,Completed,Credit Card,9.99
17967,5108,102,2025-11-20,Completed,PayPal,0.0
17968,5754,105,2025-11-20,Completed,Apple Pay,0.0
17969,5260,101,2025-11-20,Completed,Credit Card,9.99
17970,6109,102,2025-11-20,Completed,Credit Card,0.0
17971,5841,101,2025-11-21,Completed,Bank Transfer,9.99
17972,5376,101,2025-11-21,Completed,Bank Transfer,14.99
17973,5658,101,2025-11-21,Completed,Bank Transfer,9.99
17974,6180,101,2025-11-21,Returned,Credit Card,14.99
17975,5396,102,2025-11-21,Completed,PayPal,0.0
17976,5873,103,2025-11-21,Completed,Bank Transfer,0.0
17977,5640,101,2025-11-21,Completed,Store Financing,9.99
17978,5662,101,2025-11-21,Completed,Apple Pay,9.99
17979,5971,101,2025-11-21,Completed,Bank Transfer,0.0
17980,5357,106,2025-11-21,Completed,Store Financing,0.0
17981,5949,101,2025-11-21,Completed,PayPal,0.0
17982,5786,101,2025-11-21,Completed,Credit Card,0.0
17983,6258,107,2025-11-21,Cancelled,Store Financing,0.0
17984,5825,101,2025-11-21,Completed,Bank Transfer,24.99
17985,5383,101,2025-11-21,Completed,Credit Card,14.99
17986,6275,104,2025-11-21,Completed,Apple Pay,0.0
17987,6292,101,2025-11-21,Completed,PayPal,14.99
17988,5704,101,2025-11-21,Completed,Store Financing,14.99
17989,6108,101,2025-11-21,Completed,Bank Transfer,14.99
17990,5761,108,2025-11-21,Completed,PayPal,0.0
17991,5321,101,2025-11-21,Completed,Credit Card,24.99
17992,5245,101,2025-11-21,Completed,Apple Pay,9.99
17993,5130,101,2025-11-21,Completed,Apple Pay,24.99
17994,5077,101,2025-11-21,Completed,PayPal,9.99
17995,6179,101,2025-11-21,Completed,Apple Pay,24.99
17996,5609,101,2025-11-22,Completed,Credit Card,24.99
17997,5889,102,2025-11-22,Completed,Store Financing,0.0
17998,5733,101,2025-11-22,Completed,Store Financing,0.0
17999,5247,108,2025-11-22,Completed,Apple Pay,0.0
18000,5197,101,2025-11-22,Completed,Store Financing,24.99
18001,5863,101,2025-11-22,Completed,Bank Transfer,14.99
18002,6298,101,2025-11-22,Completed,Apple Pay,9.99
18003,5423,104,2025-11-22,Completed,Apple Pay,0.0
18004,5831,101,2025-11-22,Completed,Apple Pay,14.99
18005,5005,102,2025-11-22,Completed,PayPal,0.0
18006,5742,107,2025-11-22,Completed,Bank Transfer,0.0
18007,5528,101,2025-11-22,Completed,PayPal,9.99
18008,6160,105,2025-11-22,Completed,Apple Pay,0.0
18009,6074,107,2025-11-22,Completed,Store Financing,0.0
18010,5545,108,2025-11-22,Completed,Bank Transfer,0.0
18011,5224,101,2025-11-22,Completed,Credit Card,24.99
18012,6124,101,2025-11-22,Completed,Bank Transfer,14.99
18013,6050,101,2025-11-22,Completed,Credit Card,24.99
18014,5110,101,2025-11-22,Completed,Store Financing,0.0
18015,5625,101,2025-11-22,Completed,Credit Card,0.0
18016,5387,101,2025-11-22,Completed,Apple Pay,0.0
18017,6328,101,2025-11-22,Returned,PayPal,14.99
18018,5814,105,2025-11-22,Completed,Credit Card,0.0
18019,5044,105,2025-11-22,Completed,Store Financing,0.0
18020,5050,103,2025-11-22,Completed,Store Financing,0.0
18021,5798,101,2025-11-22,Completed,Credit Card,0.0
18022,6405,101,2025-11-22,Cancelled,PayPal,24.99
18023,5913,105,2025-11-22,Completed,Credit Card,0.0
18024,5185,107,2025-11-22,Completed,Bank Transfer,0.0
18025,5601,103,2025-11-22,Completed,Credit Card,0.0
18026,5143,103,2025-11-22,Completed,Apple Pay,0.0
18027,5603,107,2025-11-23,Completed,Store Financing,0.0
18028,6037,103,2025-11-23,Returned,Credit Card,0.0
18029,5509,108,2025-11-23,Completed,Bank Transfer,0.0
18030,5224,101,2025-11-23,Completed,Bank Transfer,24.99
18031,5028,101,2025-11-23,Cancelled,Credit Card,14.99
18032,5262,101,2025-11-23,Completed,Store Financing,0.0
18033,5151,101,2025-11-23,Completed,Bank Transfer,24.99
18034,5151,101,2025-11-23,Completed,Credit Card,24.99
18035,6462,101,2025-11-23,Completed,Bank Transfer,14.99
18036,5313,102,2025-11-23,Completed,PayPal,0.0
18037,6023,101,2025-11-23,Completed,Credit Card,24.99
18038,5971,105,2025-11-23,Completed,Apple Pay,0.0
18039,5253,105,2025-11-23,Completed,PayPal,0.0
18040,6448,101,2025-11-23,Completed,Bank Transfer,9.99
18041,5938,101,2025-11-23,Completed,Apple Pay,0.0
18042,5610,101,2025-11-23,Completed,Credit Card,0.0
18043,6201,101,2025-11-23,Completed,Store Financing,24.99
18044,6243,101,2025-11-23,Completed,Apple Pay,24.99
18045,5141,101,2025-11-23,Completed,Store Financing,9.99
18046,6117,101,2025-11-23,Completed,Credit Card,24.99
18047,6166,107,2025-11-23,Completed,Bank Transfer,0.0
18048,5605,102,2025-11-23,Completed,Bank Transfer,0.0
18049,5601,101,2025-11-24,Completed,PayPal,0.0
18050,6012,101,2025-11-24,Completed,Apple Pay,14.99
18051,6180,101,2025-11-24,Completed,Store Financing,9.99
18052,5668,106,2025-11-24,Completed,Store Financing,0.0
18053,5889,102,2025-11-24,Completed,PayPal,0.0
18054,5198,101,2025-11-24,Returned,Store Financing,9.99
18055,5198,101,2025-11-24,Completed,Bank Transfer,14.99
18056,5015,102,2025-11-24,Completed,Bank Transfer,0.0
18057,5860,101,2025-11-24,Completed,Store Financing,14.99
18058,5891,101,2025-11-24,Completed,Store Financing,24.99
18059,5308,101,2025-11-24,Completed,Bank Transfer,14.99
18060,6159,105,2025-11-24,Completed,Bank Transfer,0.0
18061,5807,101,2025-11-24,Completed,PayPal,0.0
18062,5271,101,2025-11-24,Completed,Credit Card,9.99
18063,5545,101,2025-11-24,Completed,Credit Card,14.99
18064,6167,101,2025-11-24,Completed,Credit Card,0.0
18065,5820,106,2025-11-24,Completed,Credit Card,0.0
18066,6275,101,2025-11-24,Completed,PayPal,9.99
18067,6118,101,2025-11-25,Cancelled,Apple Pay,9.99
18068,5083,101,2025-11-25,Completed,Bank Transfer,24.99
18069,5155,101,2025-11-25,Completed,PayPal,9.99
18070,5738,103,2025-11-25,Completed,Bank Transfer,0.0
18071,5956,101,2025-11-25,Completed,Bank Transfer,14.99
18072,5372,101,2025-11-25,Completed,Bank Transfer,0.0
18073,5564,101,2025-11-25,Completed,Bank Transfer,14.99
18074,5269,101,2025-11-25,Completed,Apple Pay,9.99
18075,5244,101,2025-11-25,Completed,Store Financing,9.99
18076,6395,105,2025-11-25,Completed,Bank Transfer,0.0
18077,6498,108,2025-11-25,Completed,Credit Card,0.0
18078,5205,101,2025-11-25,Completed,PayPal,9.99
18079,6315,101,2025-11-26,Completed,Apple Pay,14.99
18080,5548,108,2025-11-26,Completed,Store Financing,0.0
18081,5284,101,2025-11-26,Completed,PayPal,9.99
18082,6156,101,2025-11-26,Completed,Store Financing,24.99
18083,5988,101,2025-11-26,Completed,PayPal,14.99
18084,5449,101,2025-11-26,Completed,PayPal,0.0
18085,5476,107,2025-11-26,Completed,Apple Pay,0.0
18086,5853,101,2025-11-26,Completed,Credit Card,9.99
18087,5834,102,2025-11-26,Completed,Bank Transfer,0.0
18088,6377,101,2025-11-26,Completed,PayPal,14.99
18089,5629,101,2025-11-26,Completed,Credit Card,0.0
18090,5500,101,2025-11-26,Cancelled,Bank Transfer,0.0
18091,5510,101,2025-11-26,Completed,Apple Pay,0.0
18092,6320,102,2025-11-26,Completed,Store Financing,0.0
18093,6436,101,2025-11-26,Cancelled,Apple Pay,0.0
18094,5140,101,2025-11-26,Completed,PayPal,14.99
18095,5298,106,2025-11-27,Completed,Apple Pay,0.0
18096,6100,102,2025-11-27,Completed,Bank Transfer,0.0
18097,6381,103,2025-11-27,Completed,PayPal,0.0
18098,5987,101,2025-11-27,Completed,Store Financing,14.99
18099,6354,106,2025-11-27,Completed,Credit Card,0.0
18100,5297,101,2025-11-27,Returned,PayPal,9.99
18101,6453,101,2025-11-27,Completed,Apple Pay,9.99
18102,5474,101,2025-11-27,Completed,Store Financing,0.0
18103,5965,104,2025-11-27,Completed,Bank Transfer,0.0
18104,6355,102,2025-11-27,Completed,Bank Transfer,0.0
18105,5274,106,2025-11-27,Completed,PayPal,0.0
18106,5451,101,2025-11-27,Completed,Bank Transfer,14.99
18107,6179,101,2025-11-27,Completed,Bank Transfer,9.99
18108,5572,101,2025-11-27,Completed,Apple Pay,24.99
18109,6176,101,2025-11-27,Completed,PayPal,14.99
18110,6231,101,2025-11-27,Completed,Bank Transfer,0.0
18111,6387,105,2025-11-27,Completed,Store Financing,0.0
18112,6439,102,2025-11-27,Completed,Bank Transfer,0.0
18113,6175,101,2025-11-27,Completed,Credit Card,0.0
18114,5564,104,2025-11-27,Completed,Credit Card,0.0
18115,5261,101,2025-11-27,Cancelled,Credit Card,9.99
18116,5096,101,2025-11-27,Completed,Store Financing,14.99
18117,6172,101,2025-11-28,Completed,Bank Transfer,9.99
18118,6385,101,2025-11-28,Completed,Credit Card,14.99
18119,6473,101,2025-11-28,Completed,Apple Pay,24.99
18120,6159,101,2025-11-28,Completed,Apple Pay,24.99
18121,5020,101,2025-11-28,Completed,Apple Pay,0.0
18122,5372,102,2025-11-28,Completed,Store Financing,0.0
18123,6411,107,2025-11-28,Completed,Bank Transfer,0.0
18124,5156,101,2025-11-28,Completed,Apple Pay,24.99
18125,6475,104,2025-11-28,Completed,Credit Card,0.0
18126,6281,102,2025-11-28,Completed,Apple Pay,0.0
18127,5721,102,2025-11-28,Completed,Store Financing,0.0
18128,5244,105,2025-11-28,Completed,PayPal,0.0
18129,5607,101,2025-11-28,Completed,Bank Transfer,14.99
18130,5344,101,2025-11-28,Completed,Store Financing,24.99
18131,6468,101,2025-11-28,Completed,Apple Pay,0.0
18132,5204,101,2025-11-28,Completed,Credit Card,24.99
18133,6417,107,2025-11-28,Completed,Store Financing,0.0
18134,5453,101,2025-11-28,Completed,Bank Transfer,14.99
18135,5234,101,2025-11-28,Completed,Apple Pay,24.99
18136,5198,106,2025-11-28,Returned,Bank Transfer,0.0
18137,5059,104,2025-11-28,Completed,Apple Pay,0.0
18138,5781,101,2025-11-28,Completed,Store Financing,24.99
18139,5409,101,2025-11-29,Completed,Store Financing,14.99
18140,6247,101,2025-11-29,Completed,Store Financing,0.0
18141,5477,101,2025-11-29,Completed,PayPal,0.0
18142,6080,101,2025-11-29,Completed,Credit Card,14.99
18143,6179,102,2025-11-29,Completed,PayPal,0.0
18144,5230,102,2025-11-29,Completed,Bank Transfer,0.0
18145,5814,105,2025-11-29,Completed,Credit Card,0.0
18146,5058,102,2025-11-29,Completed,PayPal,0.0
18147,6023,101,2025-11-29,Completed,Store Financing,24.99
18148,5639,101,2025-11-29,Completed,Apple Pay,14.99
18149,5334,101,2025-11-29,Completed,Credit Card,24.99
18150,5288,106,2025-11-29,Completed,Credit Card,0.0
18151,6145,102,2025-11-29,Completed,PayPal,0.0
18152,5552,107,2025-11-29,Completed,PayPal,0.0
18153,5713,101,2025-11-29,Completed,PayPal,14.99
18154,5119,102,2025-11-29,Completed,Bank Transfer,0.0
18155,5407,102,2025-11-29,Cancelled,Credit Card,0.0
18156,5050,101,2025-11-29,Completed,Store Financing,24.99
18157,6009,101,2025-11-29,Completed,Credit Card,0.0
18158,5521,101,2025-11-29,Completed,Credit Card,14.99
18159,5707,104,2025-11-29,Completed,Credit Card,0.0
18160,6222,103,2025-11-29,Completed,Apple Pay,0.0
18161,5999,101,2025-11-29,Completed,Store Financing,0.0
18162,6159,101,2025-11-29,Completed,PayPal,9.99
18163,5866,102,2025-11-29,Completed,Credit Card,0.0
18164,5202,101,2025-11-29,Completed,Credit Card,0.0
18165,5453,101,2025-11-29,Completed,Bank Transfer,0.0
18166,5761,107,2025-11-29,Completed,Apple Pay,0.0
18167,6491,101,2025-11-30,Completed,Apple Pay,14.99
18168,6476,101,2025-11-30,Completed,Apple Pay,9.99
18169,6476,101,2025-11-30,Cancelled,Bank Transfer,9.99
18170,6385,101,2025-11-30,Completed,Credit Card,14.99
18171,5298,101,2025-11-30,Completed,Bank Transfer,0.0
18172,6336,108,2025-11-30,Completed,Credit Card,0.0
18173,6080,102,2025-11-30,Completed,PayPal,0.0
18174,6353,101,2025-11-30,Returned,Credit Card,24.99
18175,5833,102,2025-11-30,Completed,Store Financing,0.0
18176,5169,101,2025-11-30,Returned,Store Financing,0.0
18177,5274,101,2025-11-30,Completed,PayPal,0.0
18178,5541,105,2025-11-30,Completed,Bank Transfer,0.0
18179,5507,101,2025-11-30,Completed,Credit Card,24.99
18180,6159,101,2025-12-01,Completed,Bank Transfer,0.0
18181,6361,101,2025-12-01,Completed,Store Financing,0.0
18182,5334,101,2025-12-01,Completed,Credit Card,24.99
18183,5787,101,2025-12-01,Returned,Bank Transfer,14.99
18184,5081,108,2025-12-01,Completed,Credit Card,0.0
18185,5058,101,2025-12-01,Completed,PayPal,0.0
18186,6473,104,2025-12-01,Completed,Apple Pay,0.0
18187,5002,102,2025-12-01,Completed,Credit Card,0.0
18188,6223,101,2025-12-01,Completed,Credit Card,14.99
18189,5531,107,2025-12-01,Returned,Store Financing,0.0
18190,5350,103,2025-12-01,Completed,Store Financing,0.0
18191,6461,107,2025-12-01,Completed,PayPal,0.0
18192,5681,102,2025-12-01,Completed,Apple Pay,0.0
18193,5883,102,2025-12-01,Completed,PayPal,0.0
18194,5560,101,2025-12-01,Completed,Store Financing,14.99
18195,5418,101,2025-12-01,Returned,Bank Transfer,0.0
18196,5823,108,2025-12-02,Completed,Apple Pay,0.0
18197,5232,101,2025-12-02,Completed,PayPal,14.99
18198,6189,101,2025-12-02,Completed,Credit Card,9.99
18199,5943,101,2025-12-02,Completed,Credit Card,9.99
18200,5393,101,2025-12-02,Completed,PayPal,24.99
18201,5191,101,2025-12-02,Completed,Bank Transfer,9.99
18202,5820,101,2025-12-02,Completed,Apple Pay,0.0
18203,6008,101,2025-12-02,Completed,Credit Card,9.99
18204,6060,101,2025-12-02,Completed,Store Financing,14.99
18205,5749,108,2025-12-02,Completed,Bank Transfer,0.0
18206,6459,101,2025-12-02,Completed,PayPal,24.99
18207,5309,101,2025-12-02,Cancelled,PayPal,14.99
18208,6021,101,2025-12-02,Completed,Store Financing,9.99
18209,5748,101,2025-12-02,Completed,PayPal,14.99
18210,6328,101,2025-12-02,Completed,Store Financing,14.99
18211,5714,107,2025-12-02,Completed,PayPal,0.0
18212,5307,101,2025-12-02,Completed,PayPal,14.99
18213,5125,107,2025-12-02,Completed,PayPal,0.0
18214,6395,101,2025-12-02,Completed,PayPal,24.99
18215,6491,102,2025-12-02,Completed,PayPal,0.0
18216,5666,101,2025-12-02,Completed,PayPal,9.99
18217,6016,101,2025-12-02,Completed,Credit Card,0.0
18218,5308,101,2025-12-03,Completed,Store Financing,0.0
18219,6016,101,2025-12-03,Completed,Credit Card,24.99
18220,5421,104,2025-12-03,Completed,PayPal,0.0
18221,6109,101,2025-12-03,Completed,Apple Pay,0.0
18222,5545,101,2025-12-03,Returned,Store Financing,9.99
18223,5634,102,2025-12-03,Completed,PayPal,0.0
18224,5364,101,2025-12-03,Completed,Bank Transfer,14.99
18225,6462,106,2025-12-03,Returned,Store Financing,0.0
18226,6480,101,2025-12-03,Completed,Apple Pay,0.0
18227,5793,105,2025-12-03,Completed,Bank Transfer,0.0
18228,6241,101,2025-12-03,Completed,Store Financing,24.99
18229,5241,105,2025-12-03,Completed,Apple Pay,0.0
18230,5411,102,2025-12-03,Completed,Bank Transfer,0.0
18231,5460,102,2025-12-03,Completed,Credit Card,0.0
18232,5560,108,2025-12-03,Completed,PayPal,0.0
18233,5830,101,2025-12-03,Completed,PayPal,0.0
18234,5032,101,2025-12-03,Completed,Bank Transfer,0.0
18235,5225,101,2025-12-03,Completed,Credit Card,0.0
18236,5360,101,2025-12-03,Completed,Store Financing,24.99
18237,5065,107,2025-12-03,Completed,Store Financing,0.0
18238,6010,102,2025-12-03,Completed,Apple Pay,0.0
18239,5028,108,2025-12-03,Completed,Store Financing,0.0
18240,6161,101,2025-12-03,Completed,Credit Card,9.99
18241,6400,106,2025-12-03,Completed,Apple Pay,0.0
18242,6284,105,2025-12-03,Completed,PayPal,0.0
18243,5343,101,2025-12-04,Completed,Bank Transfer,0.0
18244,5271,101,2025-12-04,Completed,Credit Card,14.99
18245,5667,106,2025-12-04,Completed,PayPal,0.0
18246,6176,101,2025-12-04,Completed,Apple Pay,9.99
18247,5130,102,2025-12-04,Completed,Credit Card,0.0
18248,6411,101,2025-12-04,Completed,Apple Pay,14.99
18249,5409,101,2025-12-04,Completed,Credit Card,9.99
18250,5362,101,2025-12-04,Completed,PayPal,14.99
18251,5055,101,2025-12-04,Completed,Credit Card,0.0
18252,5754,101,2025-12-04,Completed,PayPal,9.99
18253,6196,101,2025-12-04,Completed,Credit Card,9.99
18254,5225,107,2025-12-04,Completed,Credit Card,0.0
18255,5534,101,2025-12-04,Completed,Store Financing,9.99
18256,5250,101,2025-12-04,Completed,Store Financing,14.99
18257,5407,101,2025-12-05,Completed,Credit Card,0.0
18258,5198,105,2025-12-05,Completed,Store Financing,0.0
18259,5866,101,2025-12-05,Completed,Credit Card,9.99
18260,5466,101,2025-12-05,Completed,PayPal,24.99
18261,6488,101,2025-12-05,Completed,PayPal,9.99
18262,6208,101,2025-12-05,Returned,Credit Card,14.99
18263,5396,101,2025-12-05,Returned,Credit Card,0.0
18264,5304,102,2025-12-05,Completed,Store Financing,0.0
18265,5897,101,2025-12-05,Completed,Store Financing,14.99
18266,5407,102,2025-12-05,Completed,Apple Pay,0.0
18267,6326,101,2025-12-05,Completed,Apple Pay,14.99
18268,6086,102,2025-12-05,Completed,Bank Transfer,0.0
18269,5916,107,2025-12-05,Completed,Apple Pay,0.0
18270,6008,101,2025-12-05,Completed,Credit Card,14.99
18271,6387,101,2025-12-05,Completed,Store Financing,14.99
18272,5058,101,2025-12-05,Completed,Store Financing,24.99
18273,5834,101,2025-12-06,Completed,Credit Card,0.0
18274,5299,101,2025-12-06,Completed,Store Financing,24.99
18275,6420,103,2025-12-06,Completed,Bank Transfer,0.0
18276,5629,106,2025-12-06,Completed,Store Financing,0.0
18277,5192,101,2025-12-06,Completed,PayPal,14.99
18278,5647,102,2025-12-06,Completed,Bank Transfer,0.0
18279,5892,105,2025-12-06,Completed,Apple Pay,0.0
18280,5038,101,2025-12-06,Completed,Bank Transfer,0.0
18281,5696,101,2025-12-06,Completed,PayPal,14.99
18282,6431,101,2025-12-06,Completed,PayPal,24.99
18283,6141,101,2025-12-06,Completed,Apple Pay,0.0
18284,6399,107,2025-12-06,Completed,Apple Pay,0.0
18285,6125,101,2025-12-06,Completed,Store Financing,24.99
18286,5707,101,2025-12-06,Completed,PayPal,0.0
18287,6066,105,2025-12-06,Completed,Bank Transfer,0.0
18288,6252,104,2025-12-06,Completed,Store Financing,0.0
18289,5046,101,2025-12-06,Completed,Credit Card,14.99
18290,5234,101,2025-12-06,Completed,Store Financing,0.0
18291,6473,101,2025-12-06,Completed,Credit Card,0.0
18292,5156,104,2025-12-06,Completed,Store Financing,0.0
18293,6334,105,2025-12-06,Completed,Apple Pay,0.0
18294,6170,101,2025-12-06,Completed,PayPal,14.99
18295,5407,101,2025-12-06,Completed,Apple Pay,24.99
18296,6009,101,2025-12-06,Completed,Apple Pay,14.99
18297,5863,103,2025-12-06,Completed,Store Financing,0.0
18298,6252,101,2025-12-06,Completed,PayPal,0.0
18299,5801,102,2025-12-06,Completed,Credit Card,0.0
18300,5602,108,2025-12-06,Completed,Bank Transfer,0.0
18301,6223,101,2025-12-06,Completed,Apple Pay,14.99
18302,5548,108,2025-12-06,Completed,Credit Card,0.0
18303,5133,102,2025-12-06,Completed,Apple Pay,0.0
18304,6228,101,2025-12-07,Completed,Credit Card,0.0
18305,6318,107,2025-12-07,Completed,Credit Card,0.0
18306,5386,101,2025-12-07,Completed,Apple Pay,9.99
18307,5930,101,2025-12-07,Completed,Bank Transfer,0.0
18308,5779,106,2025-12-07,Completed,Apple Pay,0.0
18309,5133,102,2025-12-07,Completed,Apple Pay,0.0
18310,5858,101,2025-12-07,Returned,Store Financing,0.0
18311,5713,102,2025-12-07,Completed,PayPal,0.0
18312,6473,101,2025-12-07,Completed,Credit Card,9.99
18313,5893,101,2025-12-07,Completed,Apple Pay,9.99
18314,5825,101,2025-12-07,Completed,Bank Transfer,24.99
18315,5077,101,2025-12-07,Completed,Store Financing,9.99
18316,6019,101,2025-12-07,Completed,PayPal,14.99
18317,5758,101,2025-12-07,Completed,Apple Pay,0.0
18318,6009,103,2025-12-07,Completed,Apple Pay,0.0
18319,5932,102,2025-12-07,Completed,PayPal,0.0
18320,6486,101,2025-12-07,Completed,Credit Card,0.0
18321,6037,103,2025-12-07,Completed,Bank Transfer,0.0
18322,6058,106,2025-12-07,Completed,PayPal,0.0
18323,5967,103,2025-12-07,Completed,PayPal,0.0
18324,6175,106,2025-12-07,Completed,PayPal,0.0
18325,5261,108,2025-12-07,Completed,Bank Transfer,0.0
18326,5069,101,2025-12-07,Completed,Apple Pay,0.0
18327,5609,101,2025-12-07,Completed,Credit Card,24.99
18328,5244,101,2025-12-07,Completed,Credit Card,14.99
18329,5119,101,2025-12-07,Completed,Bank Transfer,0.0
18330,5850,102,2025-12-07,Completed,Apple Pay,0.0
18331,6024,101,2025-12-07,Completed,Bank Transfer,9.99
18332,5344,101,2025-12-08,Completed,Bank Transfer,14.99
18333,5278,101,2025-12-08,Completed,Credit Card,0.0
18334,6038,101,2025-12-08,Completed,Store Financing,24.99
18335,5480,102,2025-12-08,Completed,PayPal,0.0
18336,6415,101,2025-12-08,Completed,Apple Pay,14.99
18337,5872,101,2025-12-08,Completed,PayPal,9.99
18338,6411,108,2025-12-08,Completed,Store Financing,0.0
18339,5761,101,2025-12-08,Cancelled,Store Financing,24.99
18340,5419,101,2025-12-08,Completed,Store Financing,0.0
18341,5527,102,2025-12-08,Completed,Apple Pay,0.0
18342,5548,101,2025-12-08,Completed,PayPal,14.99
18343,6191,103,2025-12-08,Completed,Bank Transfer,0.0
18344,5143,104,2025-12-08,Completed,Apple Pay,0.0
18345,6086,102,2025-12-08,Completed,Credit Card,0.0
18346,5271,101,2025-12-08,Cancelled,Store Financing,0.0
18347,5562,102,2025-12-08,Completed,PayPal,0.0
18348,5822,101,2025-12-09,Cancelled,Bank Transfer,24.99
18349,6172,101,2025-12-09,Completed,Store Financing,9.99
18350,5944,101,2025-12-09,Completed,Bank Transfer,0.0
18351,5536,106,2025-12-09,Returned,PayPal,0.0
18352,5742,107,2025-12-09,Completed,Bank Transfer,0.0
18353,5577,101,2025-12-09,Completed,Bank Transfer,14.99
18354,5396,101,2025-12-09,Completed,Apple Pay,24.99
18355,5369,105,2025-12-09,Completed,Credit Card,0.0
18356,6386,101,2025-12-09,Completed,Bank Transfer,14.99
18357,6167,102,2025-12-09,Completed,PayPal,0.0
18358,5740,108,2025-12-09,Returned,Apple Pay,0.0
18359,6465,104,2025-12-09,Completed,Apple Pay,0.0
18360,6230,102,2025-12-10,Completed,Apple Pay,0.0
18361,6456,105,2025-12-10,Returned,PayPal,0.0
18362,5225,101,2025-12-10,Completed,Apple Pay,24.99
18363,5081,101,2025-12-10,Completed,Bank Transfer,9.99
18364,5628,101,2025-12-10,Completed,Credit Card,9.99
18365,6215,101,2025-12-10,Completed,Apple Pay,24.99
18366,5800,101,2025-12-10,Completed,Bank Transfer,24.99
18367,5372,101,2025-12-10,Completed,Credit Card,14.99
18368,5548,101,2025-12-10,Completed,Credit Card,14.99
18369,6316,106,2025-12-10,Completed,Credit Card,0.0
18370,5705,101,2025-12-10,Completed,PayPal,14.99
18371,6409,101,2025-12-11,Completed,PayPal,9.99
18372,6194,101,2025-12-11,Completed,Bank Transfer,24.99
18373,5394,101,2025-12-11,Completed,PayPal,9.99
18374,5831,102,2025-12-11,Completed,PayPal,0.0
18375,6462,101,2025-12-11,Completed,PayPal,0.0
18376,5869,108,2025-12-11,Completed,Apple Pay,0.0
18377,5147,101,2025-12-11,Completed,PayPal,0.0
18378,6328,101,2025-12-11,Cancelled,PayPal,24.99
18379,5885,101,2025-12-11,Completed,Apple Pay,24.99
18380,5600,101,2025-12-11,Completed,Store Financing,14.99
18381,5607,101,2025-12-11,Completed,PayPal,24.99
18382,5948,103,2025-12-12,Completed,Apple Pay,0.0
18383,5599,101,2025-12-12,Completed,Credit Card,24.99
18384,5229,101,2025-12-12,Completed,Credit Card,24.99
18385,5441,101,2025-12-12,Completed,Apple Pay,14.99
18386,5214,107,2025-12-12,Completed,Credit Card,0.0
18387,6115,105,2025-12-12,Completed,Credit Card,0.0
18388,6431,101,2025-12-12,Completed,PayPal,0.0
18389,5461,101,2025-12-12,Completed,Store Financing,9.99
18390,5948,101,2025-12-12,Completed,Store Financing,0.0
18391,5558,101,2025-12-12,Completed,PayPal,9.99
18392,5597,102,2025-12-12,Completed,Bank Transfer,0.0
18393,6180,101,2025-12-12,Completed,Store Financing,9.99
18394,5657,107,2025-12-12,Completed,Bank Transfer,0.0
18395,5974,106,2025-12-12,Completed,Store Financing,0.0
18396,5167,101,2025-12-12,Completed,PayPal,9.99
18397,6253,101,2025-12-12,Completed,Credit Card,24.99
18398,5644,101,2025-12-12,Completed,Credit Card,0.0
18399,6354,101,2025-12-12,Completed,Credit Card,14.99
18400,6456,101,2025-12-12,Completed,Bank Transfer,9.99
18401,5085,102,2025-12-12,Completed,Credit Card,0.0
18402,5987,108,2025-12-13,Completed,Store Financing,0.0
18403,6353,101,2025-12-13,Completed,PayPal,0.0
18404,6143,104,2025-12-13,Completed,Bank Transfer,0.0
18405,5714,108,2025-12-13,Completed,Apple Pay,0.0
18406,5026,101,2025-12-13,Completed,Store Financing,14.99
18407,5109,101,2025-12-13,Completed,Store Financing,14.99
18408,5713,102,2025-12-13,Completed,PayPal,0.0
18409,5701,101,2025-12-13,Completed,Apple Pay,14.99
18410,5082,103,2025-12-13,Completed,Store Financing,0.0
18411,5616,101,2025-12-13,Completed,Store Financing,0.0
18412,5722,104,2025-12-13,Completed,PayPal,0.0
18413,6202,107,2025-12-13,Completed,Credit Card,0.0
18414,5143,103,2025-12-13,Completed,Store Financing,0.0
18415,5696,101,2025-12-13,Completed,Credit Card,24.99
18416,5738,104,2025-12-13,Completed,PayPal,0.0
18417,6482,101,2025-12-13,Completed,Apple Pay,9.99
18418,5221,108,2025-12-13,Completed,Apple Pay,0.0
18419,5536,105,2025-12-13,Completed,Bank Transfer,0.0
18420,6387,101,2025-12-13,Completed,Bank Transfer,24.99
18421,5132,101,2025-12-13,Completed,Store Financing,9.99
18422,5085,102,2025-12-13,Completed,Apple Pay,0.0
18423,5864,101,2025-12-13,Completed,Apple Pay,0.0
18424,6108,106,2025-12-14,Completed,Bank Transfer,0.0
18425,6404,102,2025-12-14,Completed,Store Financing,0.0
18426,6226,101,2025-12-14,Completed,PayPal,24.99
18427,5775,101,2025-12-14,Completed,Store Financing,9.99
18428,6415,101,2025-12-14,Cancelled,Apple Pay,0.0
18429,5065,101,2025-12-14,Completed,Credit Card,0.0
18430,6058,101,2025-12-14,Completed,Credit Card,9.99
18431,6339,101,2025-12-14,Completed,Credit Card,9.99
18432,5609,101,2025-12-14,Returned,Bank Transfer,14.99
18433,5881,101,2025-12-14,Completed,Store Financing,24.99
18434,6411,101,2025-12-14,Completed,Credit Card,0.0
18435,6112,101,2025-12-14,Completed,PayPal,24.99
18436,6411,107,2025-12-14,Completed,Store Financing,0.0
18437,5250,101,2025-12-14,Completed,PayPal,14.99
18438,5128,101,2025-12-14,Completed,Store Financing,0.0
18439,6442,101,2025-12-14,Completed,Apple Pay,9.99
18440,5705,101,2025-12-14,Completed,Bank Transfer,14.99
18441,6242,101,2025-12-14,Completed,Store Financing,14.99
18442,6166,101,2025-12-14,Completed,Store Financing,0.0
18443,5221,108,2025-12-14,Returned,Bank Transfer,0.0
18444,5393,101,2025-12-14,Completed,Credit Card,9.99
18445,6159,106,2025-12-14,Completed,Bank Transfer,0.0
18446,6159,106,2025-12-15,Completed,PayPal,0.0
18447,6318,101,2025-12-15,Completed,PayPal,14.99
18448,5768,101,2025-12-15,Completed,PayPal,0.0
18449,5397,101,2025-12-15,Completed,Bank Transfer,9.99
18450,5224,105,2025-12-15,Completed,PayPal,0.0
18451,5116,101,2025-12-15,Completed,Apple Pay,0.0
18452,5109,101,2025-12-15,Completed,PayPal,14.99
18453,5668,101,2025-12-15,Cancelled,Apple Pay,9.99
18454,5548,107,2025-12-15,Cancelled,Apple Pay,0.0
18455,6025,103,2025-12-15,Completed,Credit Card,0.0
18456,5889,102,2025-12-15,Completed,Apple Pay,0.0
18457,5325,101,2025-12-15,Completed,PayPal,14.99
18458,5638,101,2025-12-15,Completed,Credit Card,24.99
18459,5457,102,2025-12-15,Completed,Credit Card,0.0
18460,6459,101,2025-12-15,Completed,Bank Transfer,0.0
18461,5724,105,2025-12-15,Completed,Store Financing,0.0
18462,5575,107,2025-12-15,Completed,Apple Pay,0.0
18463,5229,101,2025-12-15,Completed,Bank Transfer,14.99
18464,5257,101,2025-12-16,Completed,Bank Transfer,24.99
18465,6393,101,2025-12-16,Completed,Credit Card,14.99
18466,6082,101,2025-12-16,Completed,Credit Card,0.0
18467,5320,102,2025-12-16,Completed,Apple Pay,0.0
18468,5787,103,2025-12-16,Completed,PayPal,0.0
18469,5976,101,2025-12-16,Completed,Bank Transfer,14.99
18470,5356,101,2025-12-16,Completed,PayPal,14.99
18471,6347,101,2025-12-16,Completed,Apple Pay,24.99
18472,6409,101,2025-12-16,Completed,Apple Pay,9.99
18473,5597,101,2025-12-16,Completed,Bank Transfer,0.0
18474,6080,102,2025-12-16,Completed,Store Financing,0.0
18475,5372,101,2025-12-16,Completed,Store Financing,24.99
18476,6320,101,2025-12-16,Completed,Credit Card,14.99
18477,5166,101,2025-12-16,Completed,PayPal,14.99
18478,6358,105,2025-12-16,Completed,Credit Card,0.0
18479,6284,106,2025-12-16,Completed,Store Financing,0.0
18480,6319,105,2025-12-16,Completed,Store Financing,0.0
18481,6159,101,2025-12-16,Completed,Bank Transfer,9.99
18482,5630,101,2025-12-16,Completed,Store Financing,0.0
18483,5538,102,2025-12-16,Completed,Apple Pay,0.0
18484,5147,101,2025-12-17,Completed,Credit Card,24.99
18485,6482,101,2025-12-17,Completed,Apple Pay,9.99
18486,6441,105,2025-12-17,Completed,Store Financing,0.0
18487,5687,101,2025-12-17,Completed,Credit Card,14.99
18488,6027,107,2025-12-17,Completed,Apple Pay,0.0
18489,6017,101,2025-12-17,Completed,Apple Pay,9.99
18490,6357,106,2025-12-17,Completed,Credit Card,0.0
18491,5896,106,2025-12-17,Completed,Bank Transfer,0.0
18492,6084,101,2025-12-17,Completed,PayPal,14.99
18493,6233,101,2025-12-17,Completed,PayPal,24.99
18494,5618,105,2025-12-17,Completed,PayPal,0.0
18495,6241,101,2025-12-17,Completed,Apple Pay,0.0
18496,5495,101,2025-12-17,Completed,Apple Pay,14.99
18497,6059,108,2025-12-17,Completed,Store Financing,0.0
18498,5261,107,2025-12-17,Completed,PayPal,0.0
18499,5025,101,2025-12-17,Completed,Store Financing,9.99
18500,5809,103,2025-12-17,Returned,Credit Card,0.0
18501,5147,101,2025-12-17,Completed,PayPal,14.99
18502,5617,105,2025-12-18,Completed,Store Financing,0.0
18503,6470,107,2025-12-18,Completed,Bank Transfer,0.0
18504,5048,101,2025-12-18,Completed,Store Financing,14.99
18505,6026,101,2025-12-18,Completed,Bank Transfer,14.99
18506,6008,106,2025-12-18,Completed,Apple Pay,0.0
18507,5123,101,2025-12-18,Completed,Store Financing,9.99
18508,5956,101,2025-12-18,Completed,Store Financing,24.99
18509,6451,106,2025-12-18,Completed,PayPal,0.0
18510,5496,101,2025-12-18,Completed,PayPal,0.0
18511,6260,104,2025-12-18,Completed,Credit Card,0.0
18512,6482,101,2025-12-18,Completed,Store Financing,9.99
18513,6462,101,2025-12-18,Completed,PayPal,0.0
18514,5317,101,2025-12-18,Completed,Store Financing,9.99
18515,5145,105,2025-12-18,Returned,Credit Card,0.0
18516,5456,101,2025-12-18,Completed,Apple Pay,9.99
18517,6012,107,2025-12-18,Completed,Credit Card,0.0
18518,6319,101,2025-12-18,Completed,Store Financing,14.99
18519,5523,101,2025-12-18,Completed,Store Financing,0.0
18520,6326,101,2025-12-19,Completed,PayPal,14.99
18521,6472,107,2025-12-19,Completed,Bank Transfer,0.0
18522,5628,106,2025-12-19,Completed,Apple Pay,0.0
18523,6188,101,2025-12-19,Completed,PayPal,9.99
18524,5845,101,2025-12-19,Cancelled,PayPal,0.0
18525,5202,103,2025-12-19,Returned,Apple Pay,0.0
18526,5594,103,2025-12-19,Completed,Apple Pay,0.0
18527,5663,101,2025-12-19,Completed,Credit Card,14.99
18528,5492,107,2025-12-19,Completed,Apple Pay,0.0
18529,5600,101,2025-12-19,Completed,Apple Pay,0.0
18530,5867,101,2025-12-19,Completed,Apple Pay,14.99
18531,5687,106,2025-12-19,Completed,PayPal,0.0
18532,6491,101,2025-12-19,Completed,Store Financing,24.99
18533,6318,101,2025-12-19,Completed,Apple Pay,9.99
18534,6377,102,2025-12-19,Completed,Apple Pay,0.0
18535,5295,101,2025-12-19,Completed,PayPal,14.99
18536,5647,101,2025-12-19,Completed,Credit Card,9.99
18537,5075,103,2025-12-19,Completed,PayPal,0.0
18538,5856,102,2025-12-20,Completed,Credit Card,0.0
18539,5079,106,2025-12-20,Completed,Credit Card,0.0
18540,5967,103,2025-12-20,Completed,Store Financing,0.0
18541,6385,101,2025-12-20,Completed,Credit Card,9.99
18542,5271,101,2025-12-20,Cancelled,Credit Card,24.99
18543,6084,101,2025-12-20,Completed,Credit Card,9.99
18544,5834,101,2025-12-20,Completed,Credit Card,9.99
18545,5021,104,2025-12-20,Completed,Bank Transfer,0.0
18546,5678,101,2025-12-20,Completed,Bank Transfer,0.0
18547,6357,106,2025-12-20,Completed,Bank Transfer,0.0
18548,5273,101,2025-12-20,Completed,PayPal,24.99
18549,5489,106,2025-12-20,Completed,Apple Pay,0.0
18550,5630,102,2025-12-20,Returned,Bank Transfer,0.0
18551,5277,103,2025-12-20,Completed,Store Financing,0.0
18552,5856,101,2025-12-20,Returned,Bank Transfer,9.99
18553,5822,101,2025-12-20,Completed,Credit Card,14.99
18554,6163,101,2025-12-20,Completed,Apple Pay,24.99
18555,5625,101,2025-12-20,Completed,Credit Card,24.99
18556,5897,101,2025-12-20,Completed,Credit Card,0.0
18557,5508,107,2025-12-21,Completed,Store Financing,0.0
18558,6336,107,2025-12-21,Cancelled,Store Financing,0.0
18559,6074,101,2025-12-21,Completed,Bank Transfer,14.99
18560,6179,101,2025-12-21,Completed,PayPal,14.99
18561,6214,101,2025-12-21,Completed,Credit Card,24.99
18562,5759,101,2025-12-21,Completed,Credit Card,0.0
18563,5714,101,2025-12-21,Completed,Apple Pay,14.99
18564,5087,101,2025-12-21,Completed,Apple Pay,0.0
18565,5889,102,2025-12-21,Completed,PayPal,0.0
18566,5733,101,2025-12-21,Completed,Store Financing,0.0
18567,5468,101,2025-12-21,Completed,PayPal,14.99
18568,5750,101,2025-12-21,Completed,Credit Card,14.99
18569,5485,101,2025-12-21,Completed,Store Financing,0.0
18570,5522,102,2025-12-21,Completed,Bank Transfer,0.0
18571,5017,101,2025-12-21,Completed,Apple Pay,9.99
18572,5419,106,2025-12-22,Completed,Bank Transfer,0.0
18573,5457,101,2025-12-22,Completed,Bank Transfer,14.99
18574,6163,101,2025-12-22,Completed,Bank Transfer,9.99
18575,5291,101,2025-12-22,Completed,Credit Card,14.99
18576,5170,105,2025-12-22,Completed,PayPal,0.0
18577,5751,101,2025-12-22,Completed,Credit Card,0.0
18578,5892,101,2025-12-22,Completed,Store Financing,9.99
18579,5844,105,2025-12-22,Completed,Bank Transfer,0.0
18580,6421,103,2025-12-22,Completed,Credit Card,0.0
18581,5743,101,2025-12-22,Completed,Apple Pay,0.0
18582,5371,108,2025-12-22,Completed,Bank Transfer,0.0
18583,5407,102,2025-12-22,Completed,Bank Transfer,0.0
18584,5260,103,2025-12-22,Cancelled,Credit Card,0.0
18585,5085,102,2025-12-22,Completed,Bank Transfer,0.0
18586,5852,101,2025-12-22,Completed,PayPal,14.99
18587,5477,101,2025-12-22,Completed,Credit Card,9.99
18588,6323,105,2025-12-22,Completed,Store Financing,0.0
18589,5139,106,2025-12-22,Completed,PayPal,0.0
18590,5741,101,2025-12-23,Completed,PayPal,9.99
18591,5757,101,2025-12-23,Completed,Store Financing,0.0
18592,5967,101,2025-12-23,Completed,Bank Transfer,14.99
18593,6044,101,2025-12-23,Completed,Apple Pay,14.99
18594,6005,101,2025-12-23,Completed,Apple Pay,24.99
18595,6067,101,2025-12-23,Completed,Bank Transfer,24.99
18596,5892,101,2025-12-23,Cancelled,Store Financing,0.0
18597,5098,104,2025-12-23,Cancelled,Credit Card,0.0
18598,6328,101,2025-12-23,Completed,PayPal,14.99
18599,6493,108,2025-12-23,Completed,PayPal,0.0
18600,6347,101,2025-12-23,Completed,PayPal,14.99
18601,6456,101,2025-12-23,Completed,PayPal,0.0
18602,5967,101,2025-12-23,Completed,Bank Transfer,9.99
18603,6383,101,2025-12-23,Completed,Bank Transfer,0.0
18604,6359,101,2025-12-24,Completed,Bank Transfer,0.0
18605,5198,105,2025-12-24,Completed,PayPal,0.0
18606,5261,107,2025-12-24,Completed,Apple Pay,0.0
18607,5201,101,2025-12-24,Completed,Store Financing,9.99
18608,5722,101,2025-12-24,Completed,PayPal,14.99
18609,6411,101,2025-12-24,Completed,PayPal,14.99
18610,6017,108,2025-12-24,Completed,Credit Card,0.0
18611,5883,102,2025-12-24,Completed,Bank Transfer,0.0
18612,5610,101,2025-12-24,Completed,Store Financing,24.99
18613,5193,101,2025-12-24,Completed,Bank Transfer,24.99
18614,6438,101,2025-12-24,Completed,Bank Transfer,9.99
18615,5544,101,2025-12-24,Completed,Credit Card,0.0
18616,5346,104,2025-12-24,Completed,PayPal,0.0
18617,5753,101,2025-12-24,Completed,Apple Pay,14.99
18618,6122,104,2025-12-24,Completed,Bank Transfer,0.0
18619,5537,102,2025-12-24,Completed,Apple Pay,0.0
18620,5077,102,2025-12-24,Completed,PayPal,0.0
18621,6105,101,2025-12-24,Completed,Apple Pay,14.99
18622,6399,107,2025-12-24,Completed,Apple Pay,0.0
18623,5199,104,2025-12-24,Completed,Apple Pay,0.0
18624,6120,101,2025-12-24,Completed,PayPal,14.99
18625,5348,108,2025-12-24,Completed,Apple Pay,0.0
18626,6241,102,2025-12-24,Completed,Credit Card,0.0
18627,6486,101,2025-12-24,Completed,Apple Pay,24.99
18628,6275,101,2025-12-25,Completed,Store Financing,14.99
18629,5713,101,2025-12-25,Completed,Apple Pay,24.99
18630,5714,101,2025-12-25,Completed,PayPal,0.0
18631,5580,101,2025-12-25,Completed,Bank Transfer,0.0
18632,5669,107,2025-12-25,Completed,Store Financing,0.0
18633,5738,101,2025-12-25,Completed,Credit Card,0.0
18634,5762,101,2025-12-25,Completed,Credit Card,14.99
18635,5668,106,2025-12-25,Completed,PayPal,0.0
18636,6085,101,2025-12-25,Completed,PayPal,0.0
18637,5235,101,2025-12-25,Completed,PayPal,24.99
18638,5919,101,2025-12-25,Completed,Bank Transfer,14.99
18639,5090,106,2025-12-25,Completed,Store Financing,0.0
18640,6086,102,2025-12-25,Completed,PayPal,0.0
18641,6435,101,2025-12-25,Returned,Apple Pay,0.0
18642,6212,101,2025-12-25,Completed,PayPal,24.99
18643,5050,101,2025-12-25,Completed,Store Financing,0.0
18644,6340,101,2025-12-25,Cancelled,PayPal,14.99
18645,5819,101,2025-12-25,Completed,Credit Card,24.99
18646,5564,101,2025-12-25,Completed,Credit Card,9.99
18647,6157,101,2025-12-25,Completed,Store Financing,0.0
18648,5732,101,2025-12-25,Completed,Credit Card,9.99
18649,5449,101,2025-12-25,Completed,PayPal,24.99
18650,6214,107,2025-12-25,Completed,Store Financing,0.0
18651,6203,101,2025-12-25,Completed,Credit Card,9.99
18652,5371,101,2025-12-25,Completed,Store Financing,9.99
18653,5601,101,2025-12-26,Completed,Bank Transfer,24.99
18654,6414,101,2025-12-26,Returned,Bank Transfer,9.99
18655,6179,102,2025-12-26,Returned,Store Financing,0.0
18656,5708,101,2025-12-26,Completed,Credit Card,24.99
18657,5968,101,2025-12-26,Completed,Bank Transfer,0.0
18658,6229,101,2025-12-26,Completed,Bank Transfer,9.99
18659,5666,101,2025-12-26,Completed,Bank Transfer,0.0
18660,6309,105,2025-12-26,Completed,Bank Transfer,0.0
18661,6354,101,2025-12-26,Completed,Bank Transfer,14.99
18662,5520,104,2025-12-26,Completed,Store Financing,0.0
18663,6368,101,2025-12-26,Completed,Bank Transfer,9.99
18664,5786,101,2025-12-26,Completed,Apple Pay,0.0
18665,6012,101,2025-12-26,Completed,Bank Transfer,14.99
18666,5906,104,2025-12-26,Completed,Bank Transfer,0.0
18667,5852,101,2025-12-26,Completed,Bank Transfer,0.0
18668,6281,101,2025-12-26,Completed,Store Financing,9.99
18669,5659,101,2025-12-26,Completed,Credit Card,9.99
18670,5631,107,2025-12-26,Completed,Credit Card,0.0
18671,5819,106,2025-12-26,Completed,Credit Card,0.0
18672,5986,101,2025-12-26,Returned,Bank Transfer,0.0
18673,6189,101,2025-12-26,Completed,PayPal,9.99
18674,5162,107,2025-12-26,Completed,Apple Pay,0.0
18675,5586,105,2025-12-26,Completed,Bank Transfer,0.0
18676,6101,101,2025-12-26,Completed,Store Financing,9.99
18677,6428,101,2025-12-27,Completed,Credit Card,24.99
18678,6150,108,2025-12-27,Cancelled,Bank Transfer,0.0
18679,5533,101,2025-12-27,Completed,Apple Pay,9.99
18680,5602,101,2025-12-27,Completed,Apple Pay,14.99
18681,6126,102,2025-12-27,Completed,Credit Card,0.0
18682,5198,101,2025-12-27,Completed,Apple Pay,9.99
18683,5602,101,2025-12-27,Returned,Credit Card,9.99
18684,5875,101,2025-12-27,Completed,Store Financing,9.99
18685,5900,101,2025-12-27,Completed,Store Financing,0.0
18686,6415,102,2025-12-27,Completed,Store Financing,0.0
18687,5197,106,2025-12-27,Completed,Bank Transfer,0.0
18688,5921,101,2025-12-27,Completed,Store Financing,0.0
18689,5395,101,2025-12-27,Completed,Store Financing,14.99
18690,5848,101,2025-12-27,Completed,Bank Transfer,24.99
18691,5053,101,2025-12-27,Completed,Credit Card,0.0
18692,6491,101,2025-12-27,Completed,PayPal,24.99
18693,5775,103,2025-12-27,Completed,PayPal,0.0
18694,6319,101,2025-12-27,Completed,Credit Card,9.99
18695,5687,105,2025-12-27,Completed,Bank Transfer,0.0
18696,5743,102,2025-12-27,Completed,Apple Pay,0.0
18697,6135,105,2025-12-27,Completed,Store Financing,0.0
18698,5399,101,2025-12-27,Completed,Credit Card,24.99
18699,6035,105,2025-12-27,Completed,Apple Pay,0.0
18700,5039,105,2025-12-27,Completed,Bank Transfer,0.0
18701,5085,101,2025-12-28,Completed,Apple Pay,24.99
18702,5895,101,2025-12-28,Completed,Bank Transfer,9.99
18703,6318,101,2025-12-28,Completed,Credit Card,24.99
18704,5920,102,2025-12-28,Completed,Store Financing,0.0
18705,5142,101,2025-12-28,Completed,Store Financing,9.99
18706,5192,105,2025-12-28,Completed,Store Financing,0.0
18707,5609,101,2025-12-28,Completed,Credit Card,0.0
18708,5860,104,2025-12-28,Completed,Credit Card,0.0
18709,5141,105,2025-12-28,Completed,Credit Card,0.0
18710,5363,101,2025-12-28,Completed,Credit Card,14.99
18711,5932,101,2025-12-28,Completed,PayPal,0.0
18712,5687,101,2025-12-28,Completed,Credit Card,9.99
18713,5550,105,2025-12-28,Completed,Credit Card,0.0
18714,6045,101,2025-12-28,Completed,Bank Transfer,0.0
18715,5320,102,2025-12-28,Completed,Credit Card,0.0
18716,5155,101,2025-12-28,Completed,Bank Transfer,9.99
18717,5081,101,2025-12-28,Completed,Bank Transfer,24.99
18718,5485,101,2025-12-28,Completed,Store Financing,0.0
18719,6135,101,2025-12-28,Completed,Apple Pay,14.99
18720,5311,101,2025-12-28,Completed,PayPal,0.0
18721,6238,101,2025-12-28,Completed,Credit Card,9.99
18722,6044,101,2025-12-28,Completed,PayPal,24.99
18723,5935,101,2025-12-28,Completed,Store Financing,0.0
18724,6483,101,2025-12-28,Completed,Store Financing,24.99
18725,6427,102,2025-12-29,Completed,Credit Card,0.0
18726,5202,103,2025-12-29,Completed,Credit Card,0.0
18727,5201,105,2025-12-29,Completed,PayPal,0.0
18728,5780,101,2025-12-29,Completed,PayPal,14.99
18729,5629,101,2025-12-29,Completed,Credit Card,0.0
18730,5430,102,2025-12-29,Completed,Credit Card,0.0
18731,6037,101,2025-12-29,Completed,Store Financing,9.99
18732,5041,101,2025-12-29,Completed,PayPal,14.99
18733,6203,101,2025-12-29,Completed,Bank Transfer,0.0
18734,5371,108,2025-12-29,Completed,PayPal,0.0
18735,6260,101,2025-12-29,Completed,PayPal,9.99
18736,6399,108,2025-12-29,Completed,Credit Card,0.0
18737,5210,101,2025-12-29,Completed,PayPal,14.99
18738,5418,102,2025-12-29,Completed,PayPal,0.0
18739,6399,108,2025-12-29,Completed,Apple Pay,0.0
18740,6206,106,2025-12-29,Completed,PayPal,0.0
18741,5438,107,2025-12-29,Completed,Bank Transfer,0.0
18742,5638,101,2025-12-29,Completed,Bank Transfer,0.0
18743,5831,101,2025-12-29,Completed,PayPal,9.99
18744,6355,102,2025-12-29,Completed,Credit Card,0.0
18745,6456,101,2025-12-30,Completed,Credit Card,14.99
18746,5952,104,2025-12-30,Completed,Apple Pay,0.0
18747,5090,101,2025-12-30,Completed,Bank Transfer,24.99
18748,5822,101,2025-12-30,Completed,Apple Pay,9.99
18749,5727,101,2025-12-30,Completed,PayPal,9.99
18750,5375,101,2025-12-30,Completed,PayPal,9.99
18751,5305,104,2025-12-30,Completed,PayPal,0.0
18752,5431,101,2025-12-30,Completed,PayPal,0.0
18753,5130,101,2025-12-30,Completed,Store Financing,24.99
18754,6453,101,2025-12-30,Completed,Store Financing,9.99
18755,5564,101,2025-12-30,Completed,Apple Pay,14.99
18756,5095,105,2025-12-30,Completed,Apple Pay,0.0
18757,5648,105,2025-12-30,Cancelled,Apple Pay,0.0
18758,5508,108,2025-12-30,Completed,Bank Transfer,0.0
18759,6453,102,2025-12-31,Completed,Bank Transfer,0.0
18760,6325,102,2025-12-31,Completed,Apple Pay,0.0
18761,5785,102,2025-12-31,Completed,Store Financing,0.0
18762,5645,101,2025-12-31,Completed,Store Financing,14.99
18763,5321,101,2025-12-31,Completed,PayPal,14.99
18764,5851,101,2025-12-31,Completed,Store Financing,14.99
18765,5678,104,2025-12-31,Completed,Store Financing,0.0
18766,6016,101,2025-12-31,Cancelled,Apple Pay,9.99
18767,5423,101,2025-12-31,Completed,Bank Transfer,9.99
18768,6203,101,2025-12-31,Completed,Bank Transfer,14.99
18769,6337,104,2025-12-31,Completed,Bank Transfer,0.0
18770,6402,101,2025-12-31,Completed,PayPal,0.0
18771,5048,101,2025-12-31,Completed,Store Financing,14.99
18772,5606,101,2025-12-31,Completed,Apple Pay,9.99
18773,5175,101,2025-12-31,Completed,Credit Card,9.99
18774,5891,108,2025-12-31,Completed,Credit Card,0.0
18775,6170,101,2025-12-31,Completed,Credit Card,9.99
18776,6073,107,2025-12-31,Completed,Apple Pay,0.0
18777,5063,101,2025-12-31,Completed,PayPal,0.0
18778,5063,101,2025-12-31,Completed,Credit Card,14.99
18779,5538,102,2025-12-31,Completed,Credit Card,0.0
18780,6033,107,2025-12-31,Completed,Apple Pay,0.0
18781,5814,101,2025-12-31,Completed,Apple Pay,24.99
18782,5591,102,2025-12-31,Returned,Apple Pay,0.0
